Updated: 03/03/2025,,,,,,,,,,,,,,,,,,,,,,,,,,,,,,,,,,,,,,,,,,
greyed out if the CES parts have been amended out and there's nothing to see,,,,,,,,,,,,,,,,,,,,,,,,,,,,,,,,,,,,,,,,,,
,,,,,,,,,Instance 1,,,,Instance 2,,,,Instance 3,,,,Instance 4,,,,Instance 5,,,,Instance 6,,,,Instance 7,,,,Instance 8,,,,,
Bill/legislative name,Author,Introduction date,Status,"Status details, if applicable",Status date,Topic Title,Topic category,Legislative summary text,"I1_Code change, if any",I1_CalEnviroScreen/HSC Text,I1_CES or HSC?,I1_CalEnviroScreen/HSC Use Category,"I2_Code change, if any",I2_CalEnviroScreen/HSC Text,I2_CES or HSC?,I2_CalEnviroScreen/HSC Use Category,"I3_Code change, if any",I3_CalEnviroScreen/HSC Text,I3_CES or HSC?,I3_CalEnviroScreen/HSC Use Category,"I4_Code change, if any",I4_CalEnviroScreen/HSC Text,I4_CES or HSC?,I4_CalEnviroScreen/HSC Use Category,"I5_Code change, if any",I5_CalEnviroScreen/HSC Text,I5_CES or HSC?,I5_CalEnviroScreen/HSC Use Category,"I6_Code change, if any",I6_CalEnviroScreen/HSC Text,I6_CES or HSC?,I6_CalEnviroScreen/HSC Use Category,"I7_Code change, if any",I7_CalEnviroScreen/HSC Text,I7_CES or HSC?,I7_CalEnviroScreen/HSC Use Category,"I8_Code change, if any",I8_CalEnviroScreen/HSC Text,I8_CES or HSC?,I8_CalEnviroScreen/HSC Use Category,Notes,Plain language synopsis
AB 1001,Garcia,2/18/2021,Suspended,"In committee: Set, second hearing. Hearing canceled at the request of author.",6/14/2022,Environment: mitigation measures for air quality impacts: environmental justice. ,Air pollution/quality (nonvehicular),"This bill would require mitigation measures, identified in an environmental impact report or mitigated negative declaration to mitigate the adverse effects of a project on air quality of a disadvantaged community, to include measures for avoiding, minimizing, or otherwise mitigating for the adverse effects on that community. The bill would require mitigation measures to include measures conducted at the project site that avoid or minimize to less than significant the adverse effects on the air quality of a disadvantaged community or measures conducted in the affected disadvantaged community that directly mitigate those effects. The bill would require all public agencies, in implementing CEQA, to give consideration to the principles of environmental justice, as provided, by ensuring the fair treatment and meaningful involvement of people of all races, cultures, incomes, and national origins. Because the bill would impose additional duties on the lead agency, this bill would impose a state-mandated local program.",Section 21081.8 is added to the Public Resources Code,"(a) For projects that have adverse effects on the air quality of a disadvantaged community as identified pursuant to Section 39711 of the Health and Safety Code, mitigation measures identified in an environmental impact report or mitigated negative declaration to mitigate those adverse effects shall include measures for avoiding, minimizing, or otherwise mitigating for the adverse effects on that community.
(b) Mitigation measures shall include measures conducted at the project site that avoid or minimize to less than significant the adverse effects on the air quality of a disadvantaged community or measures conducted in the affected disadvantaged community that directly mitigate those effects.",HSC,Mitigation,,,,,,,,,,,,,,,,,,,,,,,,,,,,,,Bill requiring CEQA-involved agencies to mitigate adverse effects of air quality on a disadvantaged community and consider environmental justice
SB-582,"Introduced by Senator Stern
(Principal coauthor: Senator Cortese)
(Coauthor: Senator Wiener)
(Coauthor: Assembly Member Lee)",2/18/2021,Died,Died on file in the senate,1/31/2022,"Climate Emergency Mitigation, Safe Restoration, and Just Resilience Act of 2021","Governance: of programs, Community development grants, Climate emergency/natural hazards","This bill would require the state board to ensure that statewide greenhouse gas emissions are reduced to at least 40% and up to 80% below the 1990 level by 2030. By expanding the scope of a crime, this bill would imposed a state-mandated local program.... requires ICARP to develop criteria to ensure that public expenditures for projects that address climate change resilience protect the most vulnerable communities first, rectify intersectional and systemic inequities, and enhance low-income and vulnerable communities’ labor standards, workers’ rights, career pathways, and community benefits.",Division 33.5 added to Public Resources Code,"Use of CES data and HSC 39711, among other data, as ""criteria to ensure that public expenditures for projects that address climate change resilience protect the most vulnerable communities first, rectify intersectional and systemic inequities, and enhance low-income and vulnerable communities’ labor standards, workers’ rights, career pathways, and community benefits.""",CES and HSC,"Program prioritization, Program goals, Requires CES to be used in analysis",,,,,,,,,,,,,,,,,,,,,,,,,,,,,,
AB-2108,Rivas,2/14/2022,Enacted,,9/16/2022,Water policy: environmental justice: disadvantaged and tribal communities.,"Drinking water, Governance: of programs","This bill would, among other things, specify that the state board and each regional board need to begin outreach to identify issues of environmental justice as early as possible in planning, policy, and permitting processes. The bill would require the state board and each regional board to engage in equitable, culturally relevant community outreach to promote meaningful civic engagement from potentially impacted communities of proposed discharges of waste that may have disproportionate impacts on water quality in disadvantaged communities or tribal communities and ensure that outreach and engagement shall continue throughout the waste discharge planning, policy, and permitting processes. The bill would require the state board and each regional board, contingent upon an appropriation, to hire environmental justice and tribal community coordinator positions for specified purposes. The bill would require the state board, contingent upon a specific appropriation, to establish a community capacity-building stipend program to promote meaningful civic engagement by disadvantaged communities and tribal communities in the state board and regional board decisionmaking processes, among other activities. The bill would require the state board and each regional board to make a finding, as specified, on potential environmental justice, tribal impact, and racial equity considerations when adopting water quality control plans or state policies for water quality control, and when issuing or reissuing waste discharge requirements or waivers of waste discharge requirements. The bill would also set forth related findings and declarations.",findings,"Disadvantaged communities are disproportionally impacted by water quality pollution. The state’s 2021 CalEnviroScreen update reveals that the top 10 percent of least polluted neighborhoods are 67 percent White, and the top 10 percent of most polluted neighborhoods are 90 percent Black, Indigenous, and people of color. Contaminated drinking water sources disproportionately burden low-income and Black, Indigenous, and people of color communities throughout California, further exacerbating persistent inequities, which can be seen in data collected by the human right to water framework.",CES,Used as data in support of writing the bill,,,,,,,,,,,,,,,,,,,,,,,,,,,,,"Interestingly, includes disadvantaged community as a requirement of program eligibility, yet defines ""disadvantaged community"" as a community in which the median household income is less than 80 percent of the statewide annual median household income level.",
AB-2316,Ward,2/16/2022,Enacted,,9/16/2022,Public Utilities Commission: customer renewable energy subscription programs and the community renewable energy program.,Energy,"This bill would require the commission, on or before March 31, 2024, to evaluate each customer renewable energy subscription program, as described, to determine if the program meets specified goals, to authorize the termination or modification of a program that does not meet those goals, and to determine whether it would be beneficial to ratepayers to establish a community renewable energy program.",Section 769.3 is added to the Public Utilities Code,"(4) “Underserved community” includes each of the following:
(A) A “low-income community” as defined in Section 39713 of the Health and Safety Code.
(B) A community within an area identified as among the 25 percent most disadvantaged areas in the state according to the California Environmental Protection Agency and based on the most recent California Communities Environmental Health Screening Tool, also known as CalEnviroScreen, that is used to identify disadvantaged communities pursuant to Section 39711 of the Health and Safety Code.
(C) A community located on lands belonging to a California Native American tribe, as defined in Section 21073 of the Public Resources Code.",CES and HSC,"Program eligibility, Program prioritization",Section 769.3 is added to the Public Utilities Code,"(2) “Customer renewable energy subscription program” does not include the net energy metering program specified in Sections 2827 and 2827.1 or the Multifamily Affordable Housing Solar Roofs Program established pursuant to Chapter 9.5 (commencing with Section 2870) of Part 2. “Customer renewable energy subscription program” includes an alternative designed for growth among residential customers in disadvantaged communities pursuant to paragraph (1) of subdivision (b) of Section 2827.1.
(3) “Low-income customer” means either of the following:
...(B) An individual or household who resides within an underserved community.",CES and HSC by proxy,Program prioritization,,,,,,,,,,,,,,,,,,,,,,,,,"Strange iterative nesting dolls of community defining, decided to not capture all the instances of low-income community since that gets further away from the DAC/CES","Establishing community renewable energy program, ensuring at least 51% of program's capacity serves low-income customers, which within that definition of low-income customers includes underserved communities, which is further defined as a DAC, or community on lands belonging to a California tribe, or a low-income community based on Section 39713 of HSC"
SB-1382,Gonzalez,2/18/2022,Enacted,,9/16/2022,Air pollution: Clean Cars 4 All Program: Sales and Use Tax Law: zero emissions vehicle exemption.,Transportation: ZEV,"Requires the Clean Cars 4 All program ""to additionally ensure that the state board coordinates with local air districts and local nonprofit and community organizations, as provided, to identify barriers to accessing the Clean Cars 4 All Program and to develop outreach protocols and metrics to assess the success of outreach across the districts. The bill would additionally require that the performance analysis include an assessment identifying populations that are eligible for, but underserved by the Clean Cars 4 All Program, as provided, and would require the assessment to identify barriers preventing the underserved populations from participating in the program and to propose strategies to overcome those barriers. The bill would require the state board to consider specified metrics in allocating funding to districts participating in the Clean Cars 4 All Program. The bill would authorize up to 10% of the moneys allocated by the state board for the Clean Cars 4 All Program to be used for outreach programs in accordance with specified requirements.""",findings,"(i) Furthermore, ZEVs are even less likely to be owned by households in emissions-overburdened communities in the greatest need of emission-reductions; as of 2019, fewer than 6 percent of ZEVs in the state are registered in the upper 80th percentile of CalEnviroScreen score census tracts.",CES,Used as data in support of writing the bill,,,,,,,,,,,,,,,,,,,,,,,,,,,,,,CES was only used in the findings section. Bill has provisions for funds to areas participating in an EV program
SB-679,Kamlager,2/19/2021,Enacted,,9/28/2022,Los Angeles County: affordable housing,Housing,"This bill, the Los Angeles County Regional Housing Finance Act, would establish the Los Angeles County Affordable Housing Solutions Agency and would state that the agency’s purpose is to increase the supply of affordable housing in Los Angeles County by providing for significantly enhanced funding and technical assistance at a regional level for renter protections, affordable housing preservation, and new affordable housing production, as specified. The bill would require a board composed of 21 voting members and one nonvoting member from Los Angeles County, as specified, to govern the agency.",Title 6.9 (commencing with Section 64700) is added to the Government Code,"(5) (A) One at-large member from an eligible small city who is appointed by all members of the Los Angeles County City Selection Committee that are eligible for the seat, as determined by the board.
(B) For purposes of this paragraph, “eligible small city” means a city in the County of Los Angeles that meets all of the following requirements:
(i) The city has a population of less than 100,000, according to the most recent census, as of the date that the at-large member is selected.
(ii) The city is in the top 50 percent of the most impacted cities in the County of Los Angeles, as determined by the proportion of households that are low-income and severely cost-burdened according to data from the United States Department of Housing and Urban Development’s Comprehensive Housing Affordability Strategy database, as used in the CalEnviroScreen Housing Burden tool.",CES,Advisory role,,,,,,,,,,,,,,,,,,,,,,,,,,,,,,"Requires that on the board of directors to govern the LA County Affordable Housing Solutions Agency, one at-large member from an eligible small city on the LA County City Selection Committee, in which one of the requirements for the city's eligibility is for the city to be in the top 50% of most impacted cities in LA County, such as the CalEnviroScreen Housing Buden indicator"
AB-137,Committee on Budget,1/8/2021,Enacted,,7/16/2021,State government.,Energy,"Several different monetary clauses about various state programs, including solar, gambling, grants, debt collection, local jurisdictions' taxes, etc",Section 1601 of the Public Utilities Code is amended ,"(e) “Underserved community” means a community that meets one of the following criteria:
(1) Is a “disadvantaged community” as defined by subdivision (g) of Section 75005 of the Public Resources Code.
(2) Is included within the definition of “low-income communities” as defined by paragraph (2) of subdivision (d) of Section 39713 of Health and Safety Code.
(3) Is within an area identified as among the most disadvantaged 25 percent in the state according to the California Environmental Protection Agency and based on the most recent California Communities Environmental Health Screening Tool, also known as CalEnviroScreen.
(4) Is a community in which at least 75 percent of public school students in the project area are eligible to receive free or reduced-price meals under the National School Lunch Program.
(5) Is a community located on lands belonging to a federally recognized California Indian tribe.",CES,"Defining a community, Program eligibility",,,,,,,,,,,,,,,,,,,,,,,,,,,,,Doesn't mention further about what underserved communities are eligible for,A budgetary bill with many focus areas. CES is mentioned in reference to eligibility for a stimulus program for creating more energy efficient schools 
SB-158,Committee on Budget,1/9/2021,Enacted,,7/12/2021,Hazardous waste,Waste: hazardous,Revises many provisions regarding fees on hazardous waste and establishes the Board of Environmental Safety in the department,"Section 25135 of the Health and Safety Code is repealed.
Section 25135 is added to the Health and Safety Code","(2) Information regarding hazardous waste facilities that operate in the state, including all of the following:
...
(B) An analysis of the location of each destination facility, including an assessment of the area in which the destination facility is located. For destination facilities located in the state, this analysis shall include zoning and other geographic information and the CalEnviroScreen score, and may include information from national environmental health screening tools. For destination facilities located in other states, the analysis shall include a similar assessment of the environmental conditions or vulnerability to environmental pollutants of the population surrounding each destination facility, to the extent data are available.
(C) An analysis of the transportation of hazardous waste generated in the state, including information on the distance between the destination facilities and the generators that are sending hazardous waste to those destination facilities, the transportation options available to transport hazardous wastes to each destination facility, and the cost for transportation to each destination facility, including a calculated estimate of cost per mile traveled.",CES,Requires CES to be used in analysis,,,,,,,,,,,,,,,,,,,,,,,,,,,,,,"Legislation requiring zoning, CalEnviroScreen score, and other geographic information and national environmental health schreening tools to analyze destination facilities in the state"
AB-2327,Committee on Environmental Safety and Toxic Materials.,2/16/2022,Enacted,,9/6/2022,Carpenter-Presley-Tanner Hazardous Substance Account Act: conforming revisions.,Waste: hazardous,"A concurrent resolution adopted by the Legislature requests the commission to recommend revisions to the Carpenter-Presley-Tanner Hazardous Substance Account Act to improve the organization and expression of law. Pursuant to this request, the commission has made recommendations for the recodification of that act.
This bill would make conforming changes to provisions of law that references the act or provisions in the act. The bill would become operative on January 1, 2024, if the act providing for the recodification of the Carpenter-Presley-Tanner Hazardous Substance Account Act becomes operative on January 1, 2024.",Section 25135 of the Health and Safety Code is amended,"2) Information regarding hazardous waste facilities that operate in the state, including all of the following:
...
(B) An analysis of the location of each destination facility, including an assessment of the area in which the destination facility is located. For destination facilities located in the state, this analysis shall include zoning and other geographic information and the CalEnviroScreen score, and may include information from national environmental health screening tools. For destination facilities located in other states, the analysis shall include a similar assessment of the environmental conditions or vulnerability to environmental pollutants of the population surrounding each destination facility, to the extent data are available.
(C) An analysis of the transportation of hazardous waste generated in the state, including information on the distance between the destination facilities and the generators that are sending hazardous waste to those destination facilities, the transportation options available to transport hazardous wastes to each destination facility, and the cost for transportation to each destination facility, including a calculated estimate of cost per mile traveled.",CES,Requires CES to be used in analysis,,,,,,,,,,,,,,,,,,,,,,,,,,,,,,This revises the same code including CES as in SB-158
SB-942,Newman,2/8/2022,Enacted,,9/30/2022,Low Carbon Transit Operations Program: free or reduced fare transit program.,Transportation: transit,"This bill would exempt a transit agency using program moneys for the continuation of a free or reduced fare transit program from the requirement of putting funds in CARB or DOT operations to demonstrate that reductions in the emissions of greenhouse gases can be realized through the continuation of its transit program, and authorize the transit agency to continue to use those moneys for that purpose without any restriction to length of time. The bill would require the transit agency to submit an initial allocation request to the department and, for the next three fiscal years, to provide documentation necessary to meet an annual reporting requirement and comply with the program’s requirements.
Because this bill would expand the number of transit agencies eligible to receive an allocation of the funds continuously appropriated pursuant to the program, the bill would make an appropriation.",Section 75230 of the Public Resources Code is amended,"For a recipient transit agency whose service area includes disadvantaged communities, as identified pursuant to Section 39711 of the Health and Safety Code, at least 50 percent of the total moneys received pursuant to this chapter shall be expended on projects or services that meet the requirements of subdivisions (d), (e), and (f) and benefit the disadvantaged communities, as identified consistent with the guidance developed by the State Air Resources Board pursuant to Section 39715 of the Health and Safety Code.
(2) The requirement of paragraph (1) is waived if the recipient transit agency expends the funding provided pursuant to this section on any of the following:
(A) New or expanded transit service that connects with transit service serving disadvantaged communities, as identified pursuant to Section 39711 of, or in low-income communities, as defined in paragraph (2) of subdivision (d) of Section 39713 of, the Health and Safety Code... (t) The Department of Transportation and recipient transit agencies shall comply with the guidelines developed by the State Air Resources Board pursuant to Section 39715 of the Health and Safety Code to ensure that the requirements of Section 39713 of the Health and Safety Code are met to maximize the benefits to disadvantaged communities, as identified pursuant to Section 39711 of the Health and Safety Code.",HSC,"Funding prioritization, Program prioritization",Section 75230 of the Public Resources Code is amended,"(2) The requirement of paragraph (1) is waived if the recipient transit agency expends the funding provided pursuant to this section on any of the following:
(A) New or expanded transit service that connects with transit service serving disadvantaged communities, as identified pursuant to Section 39711 of, or in low-income communities, as defined in paragraph (2) of subdivision (d) of Section 39713 of, the Health and Safety Code.",HSC,Funding prioritization,,,,,,,,,,,,,,,,,,,,,,,,,,"Amending the Low Carbon Transit Operations program which provides operating and capital assistance for transit agencies to reduce the emissions of greenhouse gases and improve mobility, with a priority on serving disadvantaged communities, with a requirement that transit agencies servicing areas including disadvantaged communities allocate at least 50% of total moneys to benefit disadvantaged communities. It provides exceptions from existing laws around reporting and money usage, allowing transit agencies to use program money from the Low Carbon Transit Operations program to operate free or reduced fare programs "
AB 976,Rivas,2/18/2021,Filed,filed with Chief Clerk,2/1/2022,Resilient Economies and Community Health Pilot Program,Community development grants,"bill would establish the Resilient Economies and Community Health Pilot Program, which would be administered by the council from January 1, 2022, through December 31, 2026, as a grant pilot program for eligible community-based organizations, as defined, to provide a comprehensive suite of coordinated incentives and services to disadvantaged communities, as defined, at the resident household level to provide economic savings, reduce greenhouse gas emissions and air pollution, and improve resiliency to the impacts of climate change. The bill would require the council to evaluate the program and submit specified reports to the Legislature on the program no later than January 1, 2026. The bill would repeal these provisions as of January 1, 2027.",section 75252 is added to public resources code,"(b) When awarding grants, the council shall give priority to plans and projects that cover areas that have a high proportion of census tracts identified as disadvantaged communities and that focus on communities that are the most disadvantaged. The council shall administer the grant program as a pilot program with a preference for awards in regions identified in the 91 to 100, inclusive, percentiles of CalEnviroScreen.",CES,"Funding prioritization, Program prioritization",section 75250 of public resources code added,"(a) “CalEnviroScreen” means the California Communities Environmental Health Screening Tool developed by the Office of Environmental Health Hazard Assessment.
...
(d) “Disadvantaged community” is a community identified pursuant to Section 39711 of the Health and Safety Code.",CES and HSC,Defining a community,section 75252 of public resources code added,"(c) The council shall develop guidelines to administer the outREACH Program that include, at a minimum, all of the following:
...
(2) Maximization of community-based outreach and resident household eligibility review to disadvantaged communities using a network of community-based organizations that have demonstrated neighborhood, city, or county-level ties to the local community in which they serve....
(5) Prioritization of disadvantaged communities that have the highest pollution burden and highest poverty rates.",HSC by proxy,Program prioritization,added section 75254 of public resources code,"75254. (a) No later than January 1, 2026, the council shall evaluate the outREACH Program and report to the Legislature on all of the following:
(1) The impact of reducing greenhouse gas emissions and other cobenefits in disadvantaged communities, including the cost-effectiveness and efficiency of different outREACH Program outreach methodologies and strategies.
...
(3) The best model for maximizing low-income and disadvantaged community participation in the outREACH Program while maximizing the requirements of Section 75252, to the extent feasible.",HSC by proxy,Program goals,,,,,,,,,,,,,,,,,,created a program for community based orgs to apply for and use grant funding to reach the top 91-100 percentile tracts in CES for a suite of climate resilience projects
SB-617,"Introduced by Senator Wiener
(Principal coauthor: Assembly Member Chiu)
(Coauthors: Senators Becker, Newman, and Stern)
(Coauthor: Assembly Member Robert Rivas)",2/18/2021,Suspended,placed on suspense file in Senate,5/17/2021,Residential solar energy systems: permitting.,Energy,"This bill would require every city and county to implement an online, automated permitting platform that verifies code compliance and instantaneously issues permits for a solar energy system that is no larger than 38.4 kilowatts... The bill would require the Energy Commission, upon provision of sufficient funding, to provide technical assistance and grant funding to cities and counties in order to support the above-described requirements",Section 65850.52 is added to the Government Code,"(2) The Energy Commission shall prioritize processing grant applications from local jurisdictions serving low-income communities, disadvantaged communities as defined by the California Communities Environmental Health Screening Tool, also known as CalEnviroScreen 3.0, or those containing high fire-threat districts as defined in subdivision (h) of Section 3280 of the Public Utilities Code.",CES,"Funding prioritization, Program prioritization",,,,,,,,,,,,,,,,,,,,,,,,,,,,,,"Bill to have city and counties implement automated, instantaneous permitting system for solar energy, as well as have the Energy Commission provide technical assistance and grant funding, which the energy commission should prioritize grant applications from jurisdictions serving DACs"
SB-67,Becker,12/7/2020,Returned to Secretary,Returned to Secretary of Senate pursuant to Joint Rule 56.,2/1/2022,Clean energy: California 24/7 Clean Energy Standard Program,Energy,"This bill would revise that policy to establish a goal that 100% of electrical load be supplied by eligible clean energy resources, as defined. The bill would establish the California 24/7 Clean Energy Standard Program, which would require that 85% of retail load, as defined, annually and at least 60% of retail load within certain subperiods by December 31, 2030, and 90% of retail load annually and at least 75% of retail load within certain subperiods by December 31, 2035, be supplied by eligible clean energy resources, as defined.",Section 399.11 of the Public Utilities Code is amended to read:,"(e) (1) Supplying electricity to California end-use customers that is generated by eligible clean energy resources is necessary to improve California’s air quality and public health, particularly in disadvantaged communities identified pursuant to Section 39711 of the Health and Safety Code, and the commission shall ensure rates are just and reasonable, and are not significantly affected by the procurement requirements of this article. This electricity may be generated anywhere in the interconnected grid that includes many states, and areas of both Canada and Mexico",HSC,Used as data in support of writing the bill,Section 399.33 of the Public Utilities Code is amended to read:,"399.33. (a) This section shall only apply to a gas-fired powerplant that is located inside the state, is owned by and serves the electrical demands of a single local publicly owned electric utility, and meets all of the following conditions:
...
(4) The powerplant is not located in a disadvantaged community. For purposes of this paragraph, “disadvantaged community” means a census tract that, pursuant to Section 39711 of the Health and Safety Code, has received a score on the California Communities Environmental Health Screening 3.0, also known as CalEnviroScreen 3.0, in the 81st to 100th percentile, inclusive.",CES and HSC,"Defining a community, Program eligibility",Amended Section 454.52 of Public Utilities Code,"454.52. (a) (1) Beginning in 2017, and to be updated regularly thereafter, the commission shall adopt a process for each load-serving entity, as defined in Section 380, to file an integrated resource plan, and a schedule for periodic updates to the plan, and shall ensure that load-serving entities do the following:
...
(I) Minimize localized air pollutants and other greenhouse gas emissions, with early priority on disadvantaged communities identified pursuant to Section 39711 of the Health and Safety Code.",HSC,"Mitigation, Program prioritization",,,,,,,,,,,,,,,,,,,,,,"Long proposed bill with many provisions, but ultimately only allows flexibility for locally owned power plants that are not in DACs and meet other requirements (unique cases), and requires the Energy Commissions to require emitters to adopt integrated research plans to minimize air pollutants in DACs"
SB-1039,Wieckowski,2/15/2022,Referred,Referred to Com. on RLS.,2/23/2022,Clean energy and pollution reduction objectives.,Energy,"Existing law requires the Public Utilities Commission and the State Energy Resources Conservation and Development Commission to undertake certain actions in furtherance of meeting the state’s clean energy and pollution reduction objectives.
This bill would make nonsubstantive revisions to those requirements.",Section 400 of the Public Utilities Code is amended,400. The commission and the Energy Commission shall do all of the following in furtherance of meeting the state’s clean energy and pollution reduction objectives: (a) Take into account the use of distributed generation to the extent that it provides economic and environmental benefits in disadvantaged communities identified pursuant to Section 39711 of the Health and Safety Code,HSC,Program goals,Section 400 of the Public Utilities Code is amended,(g) (1) Establish a disadvantaged community advisory group consisting of representatives from disadvantaged communities identified pursuant to Section 39711 of the Health and Safety Code. The disadvantaged community advisory group shall review and provide advice on programs proposed to achieve clean energy and pollution reduction and determine whether those proposed programs will be effective and useful in disadvantaged communities.,HSC,"Program eligibility, Advisory role",Section 400 of the Public Utilities Code is amended,"(d) (1) Review technology incentive, research, development, deployment, and market facilitation programs overseen by the commission and the Energy Commission and make recommendations to advance state clean energy and pollution reduction objectives and provide benefits to disadvantaged communities identified pursuant to Section 39711 of the Health and Safety Code. (2) The Energy Commission shall review technology incentive, research, development, deployment, and market facilitation programs operating in California and overseen by academia and the private and nonprofit sectors, and make recommendations to advance state clean energy and pollution reduction objectives and provide benefits to disadvantaged communities identified pursuant to Section 39711 of the Health and Safety Code.",HSC,Program goals,,,,,,,,,,,,,,,,,,,,,,"Amending code to consider how DACs can receive economic and environmental benefits of clean energy and pollution reduction objectives from the state, and establish a DAC advisory group to provide advice on clean energy and pollution reduction programs"
AB-992,Cooley,2/18/2021,Enacted,,10/7/2021,"California Clean Truck, Bus, and Off-Road Vehicle and Equipment Technology Program.",Transportation: ZEV,This bill would specify that peer-to-peer truck sharing platform demonstration is eligible for funding under the program.,Section 39719.2 of the Health and Safety Code is amended,"The California Clean Truck, Bus, and Off-Road Vehicle and Equipment Technology Program is hereby created, to be administered by the state board in conjunction with the State Energy Resources Conservation and Development Commission. The program, from moneys appropriated from the fund for the purposes of the program, shall fund development, demonstration, precommercial pilot, and early commercial deployment of zero- and near-zero-emission truck, bus, and off-road vehicle and equipment technologies. Priority shall be given to projects benefiting disadvantaged communities pursuant to the requirements of Sections 39711 and 39713.",HSC,Program prioritization,Section 39719.2 of the Health and Safety Code is amended,(5) Implement purchase incentives for eligible technologies to increase the use of the cleanest vehicles in disadvantaged communities.,HSC by proxy,Program goals,Section 39719.2 of the Health and Safety Code is amended,"(e) In evaluating potential projects to be funded pursuant to this section, the state board shall give priority to projects that demonstrate one or more of the following characteristics:
(1) Benefit disadvantaged communities pursuant to Sections 39711 and 39713 or communities with a community emissions reduction program implemented pursuant to Section 44391.2.",HSC,Program prioritization,,,,,,,,,,,,,,,,,,,,,,"requires prioritization of DACs for deployment of projects with zero-emission vehicles, trucks, bus, etc"
AB-363,Medina,2/1/2021,Referred,"From committee chair, with author's amendments: Amend, and re-refer to committee. Read second time, amended, and re-referred to Com. on TRANS.",7/5/2021,Carl Moyer Memorial Air Quality Standards Attainment Program.,Transportation: ZEV,"This bill would require the state board, upon appropriation by the Legislature, to develop project grant criteria and guidelines for a new On-Road Heavy-Duty Vehicle Incentive Program (VIP2) that shall provide additional incentives for projects eligible for program funding that are deployed in disadvantaged communities, as defined. provided, and in low-income communities, as defined. The bill would authorize, for purposes of the VIP2, the state board to allow existing engines or existing vehicles, as defined, regardless of model year, and all on-road heavy-duty vehicle types, regardless of vehicle type or application, to participate in the VIP2, among other VIP2 components.",Section 44287.3 is added to the Health and Safety Code,"(a) The state board shall, upon appropriation by the Legislature, develop project grant criteria and guidelines for a new On-Road Heavy-Duty Vehicle Incentive Program (VIP2) that shall provide additional incentives for projects eligible for program funding that are deployed in disadvantaged communities, as identified by the California Environmental Protection Agency pursuant to Section 39711, and in low-income communities, as defined in paragraph (2) of subdivision (d) of Section 39713.",HSC,Program prioritization,,,,,,,,,,,,,,,,,,,,,,,,,,,,,,New project grants criteria and guidelines for on-road heavy-duty vehicle incentive program with additional incentives for programs that happen in DACs
AB 943,Garcia,2/17/2021,"Amended out of the bill, Filed",From committee: Filed with the Chief Clerk pursuant to Joint Rule 56.,2/1/2022,California Global Warming Solutions Act of 2006: Greenhouse Gas Reduction Fund: competitive grant programs: funding objectives.,"Community development grants, Carbon emissions, Housing, Greening","This bill, beginning July 1, 2023, would require state agencies administering competitive grant programs that allocate moneys from the fund to give specified communities preferential points during grant application scoring for programs intended to improve air quality, to provide for a specified application timeline, and to allow applicants from the Counties of Imperial and San Diego to include daytime population numbers in grant applications.
This bill, for competitive grant programs that involve housing, urban forestry, urban greening, or planning and that allocate moneys from the fund after July 1, 2023, would require state agencies administering those moneys from the fund to develop at least 3 categories for applications based on the population and density of the communities in which the proposed project is to be located and to develop scoring criteria for each category.
This bill would additionally require the moneys in the fund to be used to facilitate the achievement of reductions of greenhouse gas emissions consistent with the act and, where applicable and to the extent feasible, to promote climate adaptation, accelerate the development of low-carbon technology and reduce vehicle miles traveled, and promote partnerships between jurisdictions and public agencies, Native American tribes in the state, nonprofits, and other community institutions, among other objectives.",Section 39712 of the Health and Safety Code is amended to read,"(b) Moneys shall be used to facilitate the achievement of reductions of greenhouse gas emissions in this state consistent with the California Global Warming Solutions Act of 2006 (Division 25.5 (commencing with Section 38500)) and, where applicable and to the extent feasible, shall:
....
(4) Direct investment toward the most disadvantaged communities, as identified pursuant to Section 39711, and disadvantaged households in the state.",HSC,Funding prioritization,,,,,,,,,,,,,,,,,,,,,,,,,,,,,"This part was amended out: (8)Reduce or prevent increases in transportation, energy, or fuel costs, particularly in disadvantaged communities, as identified pursuant to Section 39711.","Bill outlines provisions for grant programs to give preferential points to applications working on air quality, housing, urban greeening, and other climate adaptation, with special priority for DACs"
SB 1329,"Introduced by Senator Newman
(Coauthors: Senators Archuleta, Dodd, Hertzberg, Hurtado, and Min)
(Coauthors: Assembly Members Cunningham, Flora, Gray, Grayson, Lackey, Mayes, Petrie-Norris, Quirk, Quirk-Silva, Rodriguez, Valladares, Villapudua, and Waldron)",2/18/2022,Held in Committee,Held in committee and under submission.,8/11/2022,Publicly available hydrogen-fueling stations: electric vehicle charging stations.,Transportation: ZEV,"This bill would delete the requirement that the state board aggregate and make available specified information and report to the commission on or before June 30, 2014. The bill would instead require the state board, on or before June 30, 2023, and annually thereafter, to determine the number of publicly available hydrogen-fueling stations that are necessary to provide a publicly available hydrogen-fueling station network, taking into consideration the state board’s 2020 Mobile Source Strategy and specified goals, recommendations, and data. The bill would delete the requirement that the commission allocate $20,000,000 annually to fund the number of publicly available hydrogen-fueling stations identified by the state board. The bill would instead require the commission to annually allocate from the moneys annually appropriated by the Legislature from the fund an amount determined appropriate by the commission to achieve the goal established by the state board of providing a publicly available hydrogen-fueling station network and to build the number of electric vehicle or “EV” charging stations estimated by the commission its biennial statewide assessment of electric vehicle charging infrastructure, as provided. The bill would require the commission to ensure that certain requirements are met regarding expenditures of the moneys allocated by the commission. The bill would require the commission and the state board, as part of their annual joint review and report, to determine the remaining cost and timing to establish a network of 200 statewide publicly available hydrogen-fueling stations, instead of 100 stations.",Section 43018.9 of the Health and Safety Code is amended,"(3) The commission shall allocate no less than 60 percent of the moneys allocated pursuant to subparagraph (A) of paragraph (1) toward publicly available hydrogen-fueling station projects that completely or partially benefit disadvantaged communities, as identified by the California Environmental Protection Agency pursuant to Section 39711, or low-income communities as defined in Section 39713.",HSC,"Funding prioritization, Program prioritization",,,,,,,,,,,,,,,,,,,,,,,,,,,,,,"Requires CARB to determine how many public hyrdrogen-fuieling stations are needed for a publicly available network and allocate funding for the newtork, including building, with at least 60% funding going toward projects that completely or partially benefit DACs"
AB 96,"Introduced by Assembly Member O’Donnell
(Coauthors: Assembly Members Daly, Gipson, and Medina)",12/7/2020,Filed,From committee: Filed with the Chief Clerk pursuant to Joint Rule 56.,2/1/2022,"California Clean Truck, Bus, and Off-Road Vehicle and Equipment Technology Program.",Transportation: ZEV,"This bill would extend the requirement that 20% of funding be made available to support early commercial deployment of existing zero- and near-zero-emission heavy-duty truck technology until December 31, 2026. The bill would further require at least 20% of that funding support early commercial deployment of existing near-zero-emission heavy-duty truck technology. The bill would define “near-zero-emission heavy-duty truck” and revise the definition for “zero-emission,” as provided.","Section 39719.2 of the Health and Safety Code, as amended by Section 1 of Chapter 100 of the Statutes of 2020, is amended ","(a) The California Clean Truck, Bus, and Off-Road Vehicle and Equipment Technology Program is hereby created, to be administered by the state board in conjunction with the State Energy Resources Conservation and Development Commission. The program, from moneys appropriated from the fund for the purposes of the program, shall fund development, demonstration, precommercial pilot, and early commercial deployment of zero- and near-zero-emission truck, bus, and off-road vehicle and equipment technologies. Priority shall be given to projects benefiting disadvantaged communities pursuant to the requirements of Sections 39711 and 39713.... (e) In evaluating potential projects to be funded pursuant to this section, the state board shall give priority to projects that demonstrate one or more of the following characteristics:
(1) Benefit disadvantaged communities pursuant to Sections 39711 and 39713 or communities with a community emissions reduction program implemented pursuant to Section 44391.2.",HSC,"Funding prioritization, Program prioritization","Section 39719.2 of the Health and Safety Code, as amended by Section 1 of Chapter 100 of the Statutes of 2020, is amended ","(e) In evaluating potential projects to be funded pursuant to this section, the state board shall give priority to projects that demonstrate one or more of the following characteristics:
(1) Benefit disadvantaged communities pursuant to Sections 39711 and 39713 or communities with a community emissions reduction program implemented pursuant to Section 44391.2.",HSC,Program prioritization,"Section 39719.2 of the Health and Safety Code, as amended by Section 1 of Chapter 100 of the Statutes of 2020, is amended ",(5) Implement purchase incentives for eligible technologies to increase the use of the cleanest vehicles in disadvantaged communities.,HSC by proxy,Program goals,,,,,,,,,,,,,,,,,,,,,older version of AB 992,
SB 342,"Gonzalez and Kamlager
(Coauthor: Assembly Member Cristina Garcia)",2/9/2021,Failed,3rd reading failed in the Senate,1/31/2022,South Coast Air Quality Management District: board membership.,"Air pollution/quality (nonvehicular), Governance: of programs","Existing law establishes the South Coast Air Quality Management District vested with the authority to regulate air emissions from stationary sources located in the South Coast Air Basin and establishes a district board, consisting of 13 members.
This bill would add 2 members to the district board, appointed by the Senate Committee on Rules and the Speaker of the Assembly. The bill would require the 2 additional members to reside in and work directly with communities in the South Coast Air Basin that are disproportionately burdened by and vulnerable to high levels of pollution and issues of environmental justice. The bill would also require a candidate for these positions to meet other specified requirements.
Existing law continues in existence the South Coast Air Quality Management District Advisory Council, which is appointed by the district board, to advise and consult with the board.
This bill would authorize the district board to create a Labor Advisory Panel to provide feedback and input on all district permitting, rules, regulations, and planning issues that have the potential to impact the workforce in the South Coast Air Basin.",Section 40420 of the Health and Safety Code is amended,"(2) (A) Two members appointed by the Senate Committee on Rules.
(B) (i) One member appointed pursuant to this paragraph shall reside in and work directly with communities in the South Coast Air Basin that are disproportionately burdened by and vulnerable to high levels of pollution and issues of environmental justice, including, but not limited to, disadvantaged communities identified pursuant to Section 39711, communities with diverse racial and ethnic populations, and low-income communities, as defined in Section 39713",HSC,Program eligibility,Section 40420 of the Health and Safety Code is amended,"(3) (A) Two members appointed by the Speaker of the Assembly.
(B) (i) One member appointed pursuant to this paragraph shall reside in and work directly with communities in the South Coast Air Basin that are disproportionately burdened by and vulnerable to high levels of pollution and issues of environmental justice, including, but not limited to, disadvantaged communities identified pursuant to Section 39711, communities with diverse racial and ethnic populations, and low-income communities, as defined in Section 39713.",HSC,Advisory role,,,,,,,,,,,,,,,,,,,,,,,,,,"Provisions for the South Air Quality Management District's advisory board to add additional members, with eligibility of membership being tied to working with and residing in disadvantaged communities, including but not limited to DACs"
SB 798,Wieckowski,2/19/2021,Returned to Secretary,Returned to Secretary of Senate pursuant to Joint Rule 56.,2/1/2022,Trade Corridor Enhancement Account.,Transportation: Infrastructure (non-EV),"Existing law creates the Trade Corridor Enhancement Account to receive revenues attributable to 50% of a $0.20 per gallon increase in the diesel fuel excise tax imposed by the Road Repair and Accountability Act of 2017 for corridor-based freight projects nominated by local agencies and the state. Existing law makes these funds and certain federal funds apportioned to the state available upon appropriation for allocation by the California Transportation Commission for trade infrastructure improvement projects that meet specified requirements.
This bill would make nonsubstantive changes to this provision.",Section 2192 of the Streets and Highways Code is amended,"(f) (1) The commission shall adopt guidelines, including a transparent process to evaluate projects and to allocate the funding described in subdivision (a) for trade infrastructure improvements in a manner that (A) addresses the state’s most urgent needs, (B) balances the demands of various land ports of entry, seaports, and airports, (C) places emphasis on projects that improve trade corridor mobility and safety while reducing emissions of diesel particulates, greenhouse gases, and other pollutants and reducing other negative community impacts, especially in disadvantaged communities, (D) makes a significant contribution to the state’s economy, (E) recognizes the key role of the state in project identification, (F) supports integrating statewide goods movement priorities in a corridor approach, and (G) includes disadvantaged communities measures, as established by the California Environmental Protection Agency pursuant to Section 39711 of the Health and Safety Code, and other tools the commission determines, for evaluating benefits or costs for disadvantaged communities and low-income communities. Project nominations shall include either a quantitative or qualitative assessment of the benefits the project is expected to achieve relative to the evaluation criteria",HSC,Requires CES to be used in analysis,Section 2192 of the Streets and Highways Code is amended,"h) For purposes of this section, the following terms have the following meanings:
(1) “Disadvantaged communities” are those communities identified by the California Environmental Protection Agency pursuant to Section 39711 of the Health and Safety Code.",HSC,Defining a community,,,,,,,,,,,,,,,,,,,,,,,,,Doesn't require CES explicitly but does require consideration of DACs from CES to be used in analysis,"provisions on allocating revenue from a diesel tax for trade infrastructure improvements, with evaluation of allocation including consideration for benefits and costs of DACs pursuant to 39711"
AB 2358,O'Donnell,2/16/2022,Suspended,"In committee: Set, first hearing. Hearing canceled at the request of author.",6/14/2022,Alternative vehicle and vessel technologies: funding programs: commercial harbor craft.,Transportation: ZEV,"This bill would expand the purposes of the program to include the funding of the development, demonstration, precommercial pilot, and early commercial deployment of zero- and near-zero-emission commercial harbor craft technologies.",Section 39719.2 of the Health and Safety Code is amended,"(a) The California Clean Truck, Bus, and Off-Road Vehicle and Equipment Technology Program is hereby created, to be administered by the state board in conjunction with the State Energy Resources Conservation and Development Commission. The program, from moneys appropriated from the fund for the purposes of the program, shall fund development, demonstration, precommercial pilot, and early commercial deployment of zero- and near-zero-emission truck, bus, commercial harbor craft, and off-road vehicle and equipment technologies. Priority shall be given to projects benefiting disadvantaged communities pursuant to the requirements of Sections 39711 and 39713.",HSC,Program prioritization,Section 39719.2 of the Health and Safety Code is amended,"(e) In evaluating potential projects to be funded pursuant to this section, the state board shall give priority to projects that demonstrate one or more of the following characteristics:
(1) Benefit disadvantaged communities pursuant to Sections 39711 and 39713 or communities with a community emissions reduction program implemented pursuant to Section 44391.2.",HSC,Funding prioritization,,,,,,,,,,,,,,,,,,,,,,,,,"covering the same CA clean truck, bus, off-road vehicle and equipment technology program from AB 992 and AB 96",Adding provisions for harbor craft vehicles
AB 1411,Cunningham,2/19/2021,Died,Died at Desk.,2/1/2022,Agriculture: greenhouse gas mitigation: Healthy Soils Program.,Agriculture,"Existing law, the Cannella Environmental Farming Act of 1995, requires the Department of Food and Agriculture, in consultation with the Scientific Advisory Panel on Environmental Farming, to establish and oversee a Healthy Soils Program to seek to optimize climate benefits while supporting the economic viability of California agriculture by providing incentives, including, but not limited to, loans, grants, research, and technical assistance, and educational materials and outreach, to farmers whose management practices contribute to healthy soils and result in net long-term on-farm greenhouse gas benefits.
This bill would make a nonsubstantive change to this provision.",Section 569 of the Food and Agricultural Code is amended,"(2) The department, in consultation with the panel, may determine priorities for the program and give priority to projects that occur in and benefit disadvantaged communities identified pursuant to Section 39711 of the Health and Safety Code, show promise of being replicable in other parts of the state, or provide environmental and agronomic cobenefits, such as improved air and water quality, improved crop yield, and reduced soil erosion.)",HSC,Program prioritization,,,,,,,,,,,,,,,,,,,,,,,,,,,,,"Program already existed, just amending it","Healthy Soils Programs for CA ag to provide technical assistance, outreach, grants, loans to farmers whose practices contriute to healthy soil. priority to projects benefitting and in DACs"
AB 2807,Bonta and O'Donnell,2/18/2022,Held in Committee,In committee: Held under submission.,8/11/2022,Transportation funding programs: eligibility: commercial harbor craft: public transportation ferries.,Transportation: ZEV,"This bill would expand the purposes of the program to include the funding of the development, demonstration, precommercial pilot, and early commercial deployment of zero- and near-zero-emission commercial harbor craft technologies.... This bill would expand the programs and projects that are eligible to receive funding under the Clean Transportation Program to include programs and projects that accelerate the commercialization of commercial harbor craft and alternative and renewable fuels and programs and projects to retrofit fleets of commercial harbor craft with technologies that create higher fuel efficiencies... This bill would expand the programs that are eligible to receive funding under the Air Quality Improvement Program to include incentives for commercial harbor craft, including low- or zero-emission commercial harbor craft.... This bill would specifically provide that expenditures related to the purchase of zero-emission public transportation ferries are an eligible expenditure under the program if the expenditure would result in new or expanded waterborne transit.",Section 39719.2 of the Health and Safety Code is amended,"39719.2. (a) The California Clean Truck, Bus, and Off-Road Vehicle and Equipment Technology Program is hereby created, to be administered by the state board in conjunction with the State Energy Resources Conservation and Development Commission. The program, from moneys appropriated from the fund for the purposes of the program, shall fund development, demonstration, precommercial pilot, and early commercial deployment of zero- and near-zero-emission truck, bus, commercial harbor craft, and off-road vehicle and equipment technologies. Priority shall be given to projects benefiting disadvantaged communities pursuant to the requirements of Sections 39711 and 39713",HSC,"Funding prioritization, Program prioritization",Section 39719.2 of the Health and Safety Code is amended,"(e) In evaluating potential projects to be funded pursuant to this section, the state board shall give priority to projects that demonstrate one or more of the following characteristics:
(1) Benefit disadvantaged communities pursuant to Sections 39711 and 39713 or communities with a community emissions reduction program implemented pursuant to Section 44391.2",HSC,Funding prioritization,Section 75230 of the Public Resources Code is amended to read:,"(s) The Department of Transportation and recipient transit agencies shall comply with the guidelines developed by the State Air Resources Board pursuant to Section 39715 of the Health and Safety Code to ensure that the requirements of Section 39713 of the Health and Safety Code are met to maximize the benefits to disadvantaged communities, as identified pursuant to Section 39711 of the Health and Safety Code.",HSC,Program goals,Section 75230 of the Public Resources Code is amended to read:,"(g) (1) For a recipient transit agency whose service area includes disadvantaged communities, as identified pursuant to Section 39711 of the Health and Safety Code, at least 50 percent of the total moneys received pursuant to this chapter shall be expended on projects or services that meet the requirements of subdivisions (d), (e), and (f) and benefit the disadvantaged communities, as identified consistent with the guidance developed by the State Air Resources Board pursuant to Section 39715 of the Health and Safety Code.
(2) The requirement of paragraph (1) is waived if the recipient transit agency expends the funding provided pursuant to this section on any of the following:
(A) New or expanded transit service that connects with transit service serving disadvantaged communities, as identified pursuant to Section 39711 of, or in low-income communities, as defined in paragraph (2) of subdivision (d) of Section 39713 of, the Health and Safety Code... ",HSC,"Program prioritization, Funding prioritization",,,,,,,,,,,,,,,,,"They amended out incentives for public transportation ferries and instead added commerical harbor craft. Amending the same program as mentioned in AB 992, AB 96, and AB 2358, that one of these authors introduced but was suspended","requires prioritization of DACs for deployment of projects with zero-emission vehicles, trucks, bus, and now commercial harbor craft instead of public transportation ferry etc"
AB 1469,Santiago,2/12/2021,"Amended out of the bill, Filed",From committee: Filed with the Chief Clerk pursuant to Joint Rule 56.,2/1/2022,Solid waste: plastic products: labeling: compostability and biodegradability.,Waste: plastic,"This bill would prohibit a person from selling a plastic product that is labeled with the term “industrially compostable” unless, at the time of sale, the plastic product meets the applicable ASTM standard specification for plastics designed to be aerobically composted in municipal or industrial facilities, and would specify that the labeling prohibition for “compostable” or “home compostable” applies unless, at the time of sale, the plastic product has the OK compost HOME certification. The bill would additionally exempt a plastic product labeled with the term “industrially compostable,” “compostable,” or “home compostable” from the prohibition on using those terms if the plastic product meets another specification adopted by the department that is adopted or developed by ASTM International or a similar existing standards body, as provided.",,,,,,,,,,,,,,,,,,,,,,,,,,,,,,,,,Didn't add anything since 39711 all amended out,"Law about compostable products meeting standards, 39711 provisions would have been to promote greater penetration in DACs for energy efficiency. Bill used to be an energy efficiency program bill"
AB-641,Holden,2/12/2021,Held in Committee,In committee: Held under submission.,8/26/2021,Transportation electrification: local publicly owned electric utilities.,Electricity,"This bill would require each local publicly owned electric utility to facilitate and ensure the availability of at least one station for public charging of passenger motor vehicles within its service territory. The bill would require each local publicly owned electric utility to develop and adopt a transportation electrification plan, individually, or in collaboration with other local publicly owned electric utilities, local governments, or local or regional transportation planning organizations, to include certain information to support the level of electric vehicle adoption required for the state to meet certain goals. The bill would require local publicly owned electric utilities to make their adopted plans available on their internet websites. The bill would deem a local publicly owned electric utility that has adopted an integrated resource plan or a transportation electrification plan before January 1, 2022, to be in compliance with the bill’s requirements and would require the utility to update the adopted plan at least once every 5 years. Because the bill would increase the duties of local publicly owned electric utilities, the bill would impose a state-mandated local program.",Section 9624 is added to the Public Utilities Code,"(2) Local publicly owned electric utilities are encouraged to include, to the extent possible, the following information in the plan:

(D) Programs to promote transportation electrification in communities identified as disadvantaged communities pursuant to Section 39711 of the Health and Safety Code or low-income communities as defined in Section 39713 of the Health and Safety Code.",HSC,Program prioritization,,,,,,,,,,,,,,,,,,,,,,,,,,,,,,"requires each local publicly owned electric utility to have at least one station for public charging available, and are encouraged to promote transportation electrification in DACs"
AB 745,Gipson,2/16/2021,Filed,From committee: Filed with the Chief Clerk pursuant to Joint Rule 56.,2/1/2022,Air pollution: Clean Cars 4 All Program.,Transportation: ZEV,"This bill would require the state board, as a part of the Clean Cars 4 All Program, to provide vouchers for the purchase of zero-emission vehicles to persons of low income living in disadvantaged communities to replace those persons’ vehicles that have failed a smog check inspection, as provided. The bill would require the state board, by January 1, 2024, to take specified actions to meet the goals of the Clean Cars 4 All Program.",Section 44124.5 of the Health and Safety Code is amended,"(e) In participating districts, as a part of the Clean Cars 4 All, the state board shall provide vouchers to persons of low income living in disadvantaged communities, as identified pursuant to Section 39711, for the purchase of zero-emission vehicles to replace those persons’ vehicles that meet both of the following:",HSC,Program eligibility,Section 44124.5 of the Health and Safety Code is amended,"(d) The regulation implementing this section shall ensure all of the following:
(1) Where applicable, there is improved coordination, integration, and partnerships with other programs that target disadvantaged communities and receive moneys from the Greenhouse Gas Reduction Fund, created pursuant to Section 16428.8 of the Government Code.",HSC,Program goals,,,,,,,,,,,,,,,,,,,,,,,,,,"requires vouchers for zero-EV to go to people living in DACs to replace smog-failing cars, prioiritize DACs in general"
AB 111,Horvath,12/17/2020,Filed,From committee: Filed with the Chief Clerk pursuant to Joint Rule 56.,2/1/2022,Transportation: zero-emission vehicles. ,Transportation: ZEV,"This bill would require the Secretary of Transportation, in consultation with certain state entities, to implement a Safe and Clean Truck Infrastructure Program to support the construction and operation of zero-emission medium- and heavy-duty vehicle parking and electric vehicle charging and hydrogen refueling infrastructure on public and private properties, and to encourage the use of zero-emission vehicles. As part of the program, the bill would require the Secretary of Transportation, by January 1, 2025, to conduct an assessment outlining regional zero-emission medium- and heavy-duty vehicle parking and refueling deficiencies and strategies to address those deficiencies.... This bill would require the commission, in developing the plan, to also identify, among other things, short- and long-term zero-emission electric vehicle charging and hydrogen refueling strategies for the freight transportation system and regional zero-emission medium- and heavy-duty vehicle parking and refueling deficiencies and strategies to address those deficiencies... This bill would provide that the construction and operation of zero-emission truck parking, and supporting electric vehicle charging and hydrogen refueling networks, that the Secretary of Transportation has identified as part of the Safe and Clean Truck Infrastructure Program is an infrastructure project eligible for this funding.",Section 65075 is added to the Government Code,"(f) (1) The commission shall adopt guidelines, including a transparent process to evaluate projects and to allocate the funding described in subdivision (a) for trade infrastructure improvements in a manner that (A) addresses the state’s most urgent needs, (B) balances the demands of various land ports of entry, seaports, and airports, (C) places emphasis on projects that improve trade corridor mobility and safety while reducing emissions of diesel particulates, greenhouse gases, and other pollutants and reducing other negative community impacts, especially in disadvantaged communities, (D) makes a significant contribution to the state’s economy, (E) recognizes the key role of the state in project identification, (F) supports integrating statewide goods movement priorities in a corridor approach, and (G) includes disadvantaged communities measures, as established by the California Environmental Protection Agency pursuant to Section 39711 of the Health and Safety Code, and other tools the commission determines, for evaluating benefits or costs for disadvantaged communities and low-income communities.",HSC,Requires CES to be used in analysis,"Section 2192 of the Streets and Highways Code, as amended by Section 5 of Chapter 769 of the Statutes of 2021, is amended to read","(h) For purposes of this section, the following terms have the following meanings:
(1) “Disadvantaged communities” are those communities identified by the California Environmental Protection Agency pursuant to Section 39711 of the Health and Safety Code.",HSC,Defining a community,,,,,,,,,,,,,,,,,,,,,,,,,,"More zero-emissions vehicles, requiring commission to include a transparent process to evaluate projects and allocate funding including DAC measures for benefit and cost evaluations"
AB 303,Rivas,1/25/2021,"Amended out of the bill, Filed",From committee: Filed with the Chief Clerk pursuant to Joint Rule 56.,2/1/2022,Aquaculture: mariculture production and restoration: pilot program,Marine,"Requires Department of Fish and Wildlife with CA Coastal Commission to create a pilot program in state water to develop shellfish and seaweed mariculture production and restoration capacity in CA, among other things",,,,,,,,,,,,,,,,,,,,,,,,,,,,,,,,,,"Amended out, was going to allocate at leasst 40% of pilot program area to have direct and meaningful benefits to aquaculturists in DACs or within 1/2 mile of DACs"
SB 671,Gonzalez,2/19/2021,Enacted,,10/9/2021,Transportation: Clean Freight Corridor Efficiency Assessment.,Transportation: ZEV,"This bill would establish the Clean Freight Corridor Efficiency Assessment, to be developed by the California Transportation Commission, in coordination with other state agencies. In developing the assessment, the bill would require the commission to identify freight corridors, or segments of corridors, throughout the state that would be priority candidates for the deployment of zero-emission medium- and heavy-duty vehicles. The bill would require the commission to submit a report containing the assessment’s findings and recommendations to certain committees of the Legislature by December 1, 2023. The bill would require the assessment’s findings and recommendations to be incorporated into the development of the California Transportation Plan. The bill would require the state freight plan to include a description of needed infrastructure, projects, and operations for the deployment of zero-emission medium- and heavy-duty vehicles and the development of freight corridors identified in the assessment. This bill would make projects that employ advanced and innovative technology to improve the flow of freight and also environmental and community mitigation or efforts to reduce environmental impacts of freight movement eligible for this funding.",Section 2192 of the Streets and Highways Code is amended,"(f) (1) The commission shall adopt guidelines, including a transparent process to evaluate projects and to allocate the funding described in subdivision (a) for trade infrastructure improvements in a manner that (A) addresses the state’s most urgent needs, (B) balances the demands of various land ports of entry, seaports, and airports, (C) places emphasis on projects that improve trade corridor mobility and safety while reducing emissions of diesel particulates, greenhouse gases, and other pollutants and reducing other negative community impacts, especially in disadvantaged communities, (D) makes a significant contribution to the state’s economy, (E) recognizes the key role of the state in project identification, (F) supports integrating statewide goods movement priorities in a corridor approach, and (G) includes disadvantaged communities measures, as established by the California Environmental Protection Agency pursuant to Section 39711 of the Health and Safety Code, and other tools the commission determines, for evaluating benefits or costs for disadvantaged communities and low-income communities. Project nominations shall include either a quantitative or qualitative assessment of the benefits the project is expected to achieve relative to the evaluation criteria. (1) “Disadvantaged communities” are those communities identified by the California Environmental Protection Agency pursuant to Section 39711 of the Health and Safety Code.",HSC,Requires CES to be used in analysis,Section 2192 of the Streets and Highways Code is amended,"(h) For purposes of this section, the following terms have the following meanings:
(1) “Disadvantaged communities” are those communities identified by the California Environmental Protection Agency pursuant to Section 39711 of the Health and Safety Code.",HSC,Defining a community,,,,,,,,,,,,,,,,,,,,,,,,,Thinking that the DAC-related stuff is not new for these zero-ev stuff,"More zero-emissions vehicles, requiring commission to include a transparent process to evaluate projects and allocate funding including DAC measures for benefit and cost evaluations"
AB 2566,Calderon,2/17/2022,Vetoed,Vetoed by Governor,9/25/2022,Urban forestry: school greening projects.,Greening,"This bill would require funds allocated to the department for the explicit purposes of supporting school greening, as defined, to be administered to provide grants to eligible local educational agencies, as defined, nonprofit organizations, cities, counties, and districts, including special districts, through a competitive grant process, as provided. The bill would require, on or before July 1, 2023, the department to develop the competitive grant process, including guidelines and selection criteria. The bill would require the department, before developing the grant process, to hold at least 2 public hearings to gather public input on the grant process development. The bill would, upon appropriation in the annual Budget Act, require funding for these purposes to be transferred to the School Greening and Resiliency Fund, which the bill would establish in the State Treasury.",Section 4799.12.1.5 is added to the Public Resources Code,"(2) “In-need education facility” means a schoolsite of a local educational agency in which either of the following apply:
(A) A schoolsite located in a disadvantaged community, as identified in Section 39711 of the Health and Safety Code, or a low-income community, as defined in paragraph (2) of subdivision (d) of Section 39713 of the Health and Safety Code.",HSC,Program eligibility,,,,,,,,,,,,,,,,,,,,,,,,,,,,,,"Funding for greening of schools, with provisions for ""in-need education facility"" including in DACs, 80% of funds for grants for these facilities"
AB-2910,"Members Santiago and Wicks
(Coauthors: Assembly Members Carrillo, Cristina Garcia, and Muratsuchi)",2/18/2022,Inactive File,Ordered to inactive file at the request of Senator Gonzalez.,8/31/2022,Nonvehicular air pollution: civil penalties.,Air pollution/quality (nonvehicular),"This bill would also require any moneys, above the costs of prosecution and other specified costs, collected from penalties assessed by specified air pollution control districts and air quality management districts in excess of $10,000 for violations of air pollution control laws from nonvehicular sources that occurred in disadvantaged communities to be used to mitigate air pollution in the community or communities affected by the violation.",Added Section 42405.7 to Health and Safety Code,"(a) Any moneys collected from a penalty assessed by a district pursuant to this article above the costs of prosecution and district administration, investigation, attorney fees, and other reasonable district costs shall be used to mitigate air pollution in the community or communities affected by the violation.
(b) Subdivision (a) shall only apply to moneys collected from a penalty that meets all of the following criteria:
(1) The penalty is assessed by the Bay Area Air Quality Management District, the Sacramento Metropolitan Air Quality Management District, the San Diego County Air Pollution Control District, the San Joaquin Valley Unified Air Pollution Control District, or the South Coast Air Quality Management District.
(2) The amount of the penalty exceeds ten thousand dollars ($10,000).
(3) The penalty is assessed for a violation of law that occurred in a disadvantaged community identified pursuant to Section 39711.",HSC,Mitigation,,,,,,,,,,,,,,,,,,,,,,,,,,,,,,Requires penalty fees from emitters that happened in DACs to go to DACs to mitigate air poll
AB-350,Villapudua ,1/28/2021,Inactive File,Ordered to inactive file at the request of Senator Hurtado.,9/2/2021,Agriculture: Cannella Environmental Farming Act of 1995: technical assistance grant program: groundwater conservation planning.,"Groundwater, Agriculture","This bill would require, upon an appropriation of funds, the Department of Food and Agriculture to establish and administer a 3-year grant program to fund technical assistance to support landowners located in a critically overdrafted basin, as defined, in reaching water use reduction goals established pursuant to the Sustainable Groundwater Management Act. The bill would require the department, in its development of the grant program, to establish various criteria, guidelines, restrictions, processes, and requirements for the qualification and administration of grants to technical assistance providers, as specified. The bill would authorize the department to use specified guidelines to administer this program. The bill would require the grant program to fund one or more technical assistance providers in each critically overdrafted basin. The bill would require the department to ensure that at least 25% of the grant program funds are used to provide technical assistance to socially disadvantaged farmers and ranchers, as defined. The bill would require that technical assistance from the grant program be provided directly to landowners in a critically overdrafted basin to design, develop, and implement on-farm conservation plans for agricultural lands that are at risk of fallowing due to water shortages.",Section 567 is added to the Food and Agricultural Code,"(b) In developing and administering the grant program, the department shall do all of the following:
...
(9) Prioritize technical assistance for socially disadvantaged farmers and ranchers, and farmers and ranchers in disadvantaged communities identified pursuant to Section 39711 of the Health and Safety Code.",HSC,Program prioritization,Section 567 is added to the Food and Agricultural Code,(5) Ensure at least 25 percent of the grant program funds are used to provide technical assistance to socially disadvantaged farmers and ranchers.,HSC by proxy,Funding prioritization,,,,,,,,,,,,,,,,,,,,,,,,,"Mentions disadvantaged communities pursuant to Section 10723.2 of the Water Code. This comes from findings: (d) Disadvantaged communities have long been disproportionately affected by California’s distressed water management system, with issues such as groundwater overdraft and pollution. Throughout the Sustainable Groundwater Management Act implementation process, groundwater sustainability agencies have a responsibility to “consider the interests of beneficial uses and users,” including disadvantaged communities, pursuant to Section 10723.2 of the Water Code.
(e) Among those hardest impacted by the climate change crisis and subsequent drought are socially disadvantaged farmers and ranchers, who are made more vulnerable due to generations of discriminatory lending and market practices and ongoing barriers that prevent them from accessing land and culturally relevant technical support. The investment of public funds pursuant to this act will result in public, environmental, social, and economic benefits and address inequities in our farming systems.",Provides funding for technical assistance for socially disadvantaged farmers
SB-345,Becker,2/9/2021,Returned to Secretary,Returned to Secretary of Senate pursuant to Joint Rule 56.,2/1/2022,Energy programs and projects: nonenergy benefits.,Energy,"This bill would require the commission to (1) begin the process, by January 1, 2023, to establish common definitions of nonenergy benefits and attempt to determine consistent values and methodologies for use in assigning priority access to authorized funds by distributed energy resource programs, (2) prioritize the use of authorized funding to support distributed energy resource programs and projects that provide the greatest nonenergy benefits, particularly for disadvantaged communities, and (3) track the demonstrated nonenergy benefits resulting from distributed energy resource programs during program evaluations and make this data available publicly on the commission’s internet website. The bill would prohibit the calculation of nonenergy benefits from being used in a manner that results in incremental cost shifting to nonparticipating customers or from being used to determine the cost effectiveness of distribution deferral projects or to estimate the value of avoided costs for use in evaluating distributed energy resource programs.",Section 383 added to the Public Utilities Code,"(c) The commission shall do all of the following:
...
(2) Prioritize the use of authorized funding to support distributed energy resource programs and projects. projects that provide the greatest nonenergy benefits, particularly for disadvantaged communities identified pursuant to Section 39711 of the Health and Safety Code.",HSC,Funding prioritization,,,,,,,,,,,,,,,,,,,,,,,,,,,,,,"commission needs to have common definitions of nonenergy benefits, prioritize funding for projects that provide nonenergy benefits to disadvantaged communities. Nonenergy benefits describes the impacts of energy programs for participants, customers, and society beyond just generation, conservation, transportation of energy. Like costs, increased proprety value, etc"
SB-881,Min,1/26/2022,Held in Committee,Held in committee and under submission.,5/19/2022,Load-serving entities: integrated resource plans.,Electricity,"This bill would require the commission to require each load-serving entity to undertake sufficient procurement to achieve a diverse, balanced, and reliable statewide portfolio and realize specified electricity sector greenhouse gas emissions reductions, as provided.",Section 454.52 of the Public Utilities Code is amended,"454.52. (a) (1) Beginning in 2017, and to be updated regularly thereafter, the commission shall adopt a process for each load-serving entity, as defined in Section 380, to file an integrated resource plan, and a schedule for periodic updates to the plan, and shall ensure that load-serving entities do the following:
...
(I) Minimize localized air pollutants and other greenhouse gas emissions, with early priority on disadvantaged communities identified pursuant to Section 39711 of the Health and Safety Code.",HSC,Program prioritization,,,,,,,,,,,,,,,,,,,,,,,,,,,,,The amending does not add or change HSC,Requires load-servicing to minimize air pollution in DACs
AB-2703,Muratsuchi,2/18/2022,Held in Committee,Held under submission.,8/11/2022,Electric vehicle charging stations: reliability standards: low-income and disadvantaged community financial assistance.,Transportation: ZEV,"This bill would require a person who receives state funding to deploy a publicly available electric vehicle charging station to agree, as a condition of receiving the funding, to operate the station in compliance with reliability and reporting standards that would be developed by the Energy Commission, as specified. The bill would require the Energy Commission and the Public Utilities Commission to develop excluded time criteria from which the recipient of the state funding is exempt from reliability standards compliance. The bill would require the Energy Commission to publish data on compliance with the reliability standards as part of the above-described assessment and to protect the confidential information of an entity subject to the reliability standards by anonymizing and aggregating the compliance data in the assessment. The bill would also require the state board, upon appropriation by the Legislature, to develop a program, in consultation with the California Integrated Travel Project, to provide financial assistance to residents of low-income or disadvantaged communities, or both, to use electric vehicle charging stations, as specified.",Added Section 43872 to HSC,"""upon appropriation by the Legislature, the state board, in consultation with the California Integrated Travel Project, shall develop a program to provide financial assistance to residents of low-income or disadvantaged communities, or both, to use electric vehicle charging stations.",HSC by proxy,Program eligibility,Added Section 43872 to HSC,"(3) “Disadvantaged community” means a community identified pursuant to Section 39711.
(4) “Low-income community” has the same meaning as defined in Section 39713.""",HSC,Defining a community,Added Section 43872 to HSC,"(b) The program shall make financial assistance available through an open-loop, reloadable payment card that has both EMV chip and contactless capabilities and that is readily accessible to all residents of low-income and or disadvantaged community members communities, or both, in the state.",HSC,Funding prioritization,,,,,,,,,,,,,,,,,,,,,Input the Clean Cars 4 All program when amending out a section about eligibility criteria for disadvantaged communities. Seems to be prioritizing EV stations over public transit service,"provides financial assistance to residents of low-income or disadvantaged communities, or both, to use electric vehicle charging stations, as specified"
AB-1749,Garcia,2/1/2022,Enacted,,9/16/2022,Community emissions reduction programs: toxic air contaminants and criteria air pollutants.,Air pollution/quality (nonvehicular),"This bill would require the state board to additionally identify in each statewide strategy update measures to reduce criteria air pollutants and toxic air contaminants. The bill would authorize an air district that is required to adopt a community emissions reduction program to take up to one additional year to adopt the program, if the state board and a majority of the persons who are designated by the district to participate in the development and adoption of the program agree. The bill would require an air district that is required to adopt a community emissions reduction program to additionally include in its annual report a summary of updates to the program made to ensure consistency with updates to the statewide strategy. The bill would require an air district with a population of 1,000,000 persons or more that issues permits to stationary sources of criteria air pollutants or toxic air contaminants to make available in an easily identifiable location on the air district’s internet website all permits issued by the air district for those stationary sources. By increasing the duties of air districts, the bill would impose a state-mandated local program.",Amended 44391.2 of HSC,"a) For purposes of this section, the following provisions shall apply:
(1) “Disadvantaged community” means a community identified as disadvantaged pursuant to Section 39711.",HSC,Defining a community,Amended 44391.2 of HSC,"(1) An assessment and identification of communities with high cumulative exposure burdens for toxic air contaminants and criteria air pollutants. The assessment shall prioritize disadvantaged communities and sensitive receptor locations based on one or more of the following: best available modeling information, existing air quality monitoring information, existing public health data based on consultation with the Office of Environmental Health Hazard Assessment, and the monitoring results obtained pursuant to Section 42705.5.",HSC by proxy,Program prioritization,Amended 44391.2 of HSC,"(3) An assessment of whether a district should update and implement the risk reduction audit and emissions reduction plan developed pursuant to Section 44391 for any facility to achieve emissions reductions commensurate with its relative contribution, if the facility’s emissions either cause or significantly contribute to a material impact on a sensitive receptor location or disadvantaged community, based on any data available for assessment pursuant to paragraph (1) or other relevant data.",HSC by proxy,Requires CES to be used in analysis,,,,,,,,,,,,,,,,,,,,,,"more provisions on air districts that have to have community emissions reductions plans to follow state strategy, also provisions for creating the state strategy amongst state agencies and stakeholders"
AB-2238,Rivas,2/16/2022,Enacted,,9/9/2022,Extreme heat: statewide extreme heat ranking system.,Climate emergency/natural hazards,"This bill would require the agency, by January 1, 2025, to develop a statewide extreme heat ranking system in coordination with the ICARP, the State Department of Public Health, and the Department of Insurance, as provided. The bill would also require the Department of Insurance, by July 1, 2024, to transmit a study of, among other things, past extreme heat events and the effectiveness of insurance coverages, as specified, to prevent losses or help communities plan public health initiatives related to combating the effects of extreme heat, insurance options that will support specified adaptation, preparedness, and resilience measures, and recommendations for overcoming barriers encountered by local governments that are trying to use insurance or other financing tools to fund or support heat risk mitigation or adaptation strategies to the agency, the ICARP, and certain legislative policy committees, and to post the study on its internet website. The bill would require the agency, in coordination with the ICARP, the State Department of Public Health, and the Department of Insurance, to periodically review and update the extreme heat ranking system, as appropriate. The bill would require the ICARP to develop a public communication plan for the statewide extreme heat ranking system, recommend partnerships with local health departments and local and tribal governments, and develop statewide guidance for local and tribal governments in the preparation and planning for extreme heat events, and review the heat ranking system, as specified. The bill would also make findings and declarations related to extreme heat.",Part 5.5 (commencing with Section 71410) is added to Division 34 of the Public Resources Code,(2) “Disadvantaged community” means a community identified pursuant to Section 39711 of the Health and Safety Code.,HSC,Defining a community,Part 5.5 (commencing with Section 71410) is added to Division 34 of the Public Resources Code,"After the statewide extreme heat ranking system is finalized, the ICARP shall do all of the following:
(1) Develop, in consultation with the Office of Emergency Services, the State Department of Public Health, the Department of Insurance, and other state agencies, and with input from local governments, local health departments, tribal organizations, labor organizations, environmental organizations, and community groups from disadvantaged and vulnerable communities, a public communication plan for the statewide extreme heat ranking system with a focus on strategies that target communications to populations that are most at risk of public health and emergency impacts from extreme heat events, including, but not limited to, the most vulnerable populations. The communication plan shall include both of the following:
(A) Outreach plans for reaching diverse and vulnerable populations.
(B) Recommendations for targeted communications by local governments that include the use of culturally appropriate materials translated into multiple languages based on the common languages spoken in the locality.",HSC by proxy,Community engagement outreach,,,,,,,,,,,,,,,,,,,,,,,,,,"Created the extreme heat ranking system with provisions for public communication, and statewide guidance for local and tribal governments for planning for extreme heat"
AB-1519,Gallagher and Patterson,2/19/2021,Returned to Secretary,Filed with the Chief Clerk pursuant to Joint Rule 56.,2/1/2022,Forestry: fuels transportation program: biomass energy facility: grant program.,Transportation: transportation of fuels,"This bill would require the Natural Resources Agency to develop and implement a fuels transportation program that provides competitive grants or other financial incentives for projects in eligible communities to offset the costs of transporting fuels to a biomass energy facility, as specified. The bill would authorize the agency to allocate moneys from the Greenhouse Gas Reduction Fund consistent with the purposes of the fund. The bill would exempt these provisions from the Administrative Procedure Act.",Adding Section 4615 to Public Resources Code,"SECTION 1. Article 8.5 (commencing with Section 4615) is added to Chapter 8 of Part 2 of Division 4 of the Public Resources Code, to read:
Article  8.5. Fuels Transportation Program
4615. (a) For purposes of this section, the following terms have the following meanings:
...
(2) “Disadvantaged community” means a community identified as a disadvantaged community pursuant to Section 39711 of the Health and Safety Code.
",HSC,Defining a community,Adding Section 4615 to Public Resources Code,"(d) (1) Fuels transportation program grants or financial incentives may be made to cities, counties, districts, or nonprofit organizations. The agency shall develop criteria for the review and approval of applications that shall include the establishment of cost-sharing requirements and appropriate oversight and reporting requirements.
(2) The agency may waive or reduce the cost-sharing requirements for projects that directly benefit or occur in a disadvantaged or low-income community. The cost-sharing requirement may be fulfilled in the form of cash, in-kind services or materials, or any combination of those, as determined by the agency.
",HSC by proxy,Funding prioritization,,,,,,,,,,,,,,,,,,,,,,,,,"Not funding prioritization exactly, but waives or reduce cost-sharing of projects that benefit or occur in DAC","Started as a LA County Metro Transportation Authority bill, switched to fuels transportation program and forestry. Requires Natural Resources Agency to develop and implement a fuels transportation program that provides grants and financial incentives, with cost-sharing waiving for DACs"
AB 732,Quirk,2/16/2021,Enacted,,9/29/2022,Mercury Thermostat Collection Act of 2021.,Waste: hazardous,"This bill would impose the sales ban on the thermostats of every manufacturer not in compliance with the act, notwithstanding good faith effort. The bill would require manufacturers to provide, without a request, collection bins to wholesalers for out-of-service mercury-added thermostats. Because this bill would expand the scope of a crime, the bill would impose a state-mandated local program. The bill also would make other technical and nonsubstantive changes to the act.",Amended Section 25214.8.13 of the Health and Safety Code but nothing affecting HSC 39711,"(A) Subject to paragraph (2), each manufacturer, or group of manufacturers, shall do all of the following:
...
(vi) On or before April 1, 2023, and on or before April 1 of each year thereafter, submit an annual report to the department covering the one-year period ending December 31 of the previous calendar year. Each report shall also be posted on the internet website created by the qualified third party pursuant to subdivision (e) of Section 25214.8.11.5. The annual report shall include all of the following:
...
(VI) A description of the outreach strategies employed to increase participation, convenience, and collection rates, including dedicated outreach to rural communities, disadvantaged communities, as identified by the California Environmental Protection Agency pursuant to Section 39711, and low-income communities, as defined in paragraph (2) of subdivision (d) of Section 39713, and an assessment of the effectiveness of those outreach strategies.",HSC,Community engagement outreach,,,,,,,,,,,,,,,,,,,,,,,,,,,,,,Mercury waste clean up program with outreach for DACs
SB 1078,Allen,2/15/2022,Vetoed,,9/29/2022,Sea Level Rise Revolving Loan Pilot Program,Sea level rise,"This bill would require the council, in consultation with the conservancy, to develop the Sea Level Rise Revolving Loan Pilot Program, within 12 months of receiving specified requests from local jurisdictions to do so, for purposes of providing low-interest loans to local jurisdictions, as defined, for the purchase of coastal properties in their jurisdictions identified as vulnerable coastal property, as defined, located in specified communities, including low-income communities, as provided. The bill would require the council in consultation with other state planning and coastal management agencies, as provided, to adopt guidelines and eligibility criteria for the program. The bill would authorize specified local jurisdictions to apply for, and be awarded, a low-interest loan under the program from the conservancy, in consultation with the council, if the local jurisdiction develops and submits to the conservancy a vulnerable coastal property plan and completes all other requirements imposed by the council. The bill would require the conservancy, in consultation with the council, to review the plans to determine whether they meet the required criteria and guidelines for vulnerable coastal properties to be eligible for participation in the program.
The bill would establish the Sea Level Rise Revolving Loan Fund, to be administered by the conservancy, in consultation with the council, for purposes of providing, upon appropriation by the Legislature, the low-interest loans to eligible local jurisdictions, as provided. The bill would also require that loan repayments, fees, interest, and penalties be deposited in the fund for specified uses, upon appropriation by the Legislature, including for additional loans authorized under the program.","Division 20.6.6 (commencing with Section 30975) is added to the Public Resources Code, Added Section 30979","30979. (a) A local jurisdiction may apply for, and may be awarded, a low-interest loan through the Sea Level Rise Revolving Loan Pilot Program from the conservancy, in consultation with the council, only if the local jurisdiction completes both of the following:....(1) Develops and submits to the conservancy a vulnerable coastal property plan for its jurisdiction. The vulnerable coastal property plan shall include all of the following:...(G) An analysis of potential impacts on nearby severely disadvantaged communities, as defined by Section 80002 of this code, and disadvantaged communities, as identified pursuant to Section 39711 of the Health and Safety Code, and a plan for addressing any inequalities created by the program, including local financial impact.",HSC,"Requires CES to be used in analysis, Program goals",,,,,,,,,,,,,,,,,,,,,,,,,,,,,,Creates sea level rise loan pilot program with outreach strategy provisions for DACs
SB 1101,Caballero,2/16/2022,"Amended out of the bill, Inactive File",Ordered to inactive file on request of Assembly Member Reyes.,8/31/2022,Carbon sequestration: Geologic Carbon Sequestration Group.,Carbon emissions,"Bill would establish Geologic Carbon Sequestration Group, provide independent expertise and regulatory guidance to the state board. The bill would establish certain of the group’s duties, including identifying suitable locations of a class of carbon dioxide injection wells and providing specified guidance regarding the monitoring and operation of carbon dioxide injection wells.","SEC. 5.Article 2 (commencing with Section 39741) is added to Chapter 4.3 of Part 2 of Division 26 of the Health and Safety Code, to read:","39741.1.The state board shall, in consultation with the Geologic Carbon Sequestration Group established pursuant to Section 2212 of the Public Resources Code, establish a Carbon Capture, Utilization, and Storage Program for developing the commercial application of CCUS technologies or equipment to reduce the carbon dioxide emissions from new and existing facilities. The primary objective of the program is to deploy CCUS projects that will accelerate, to the maximum extent practicable, the development, deployment, and commercialization of advanced new technologies to capture and sequester carbon dioxide emissions from industrial and commercial facilities. In carrying out the objectives of the program, the state board shall prioritize the following:
...
(c)Maximizing project benefits to disadvantaged communities, as identified by the California Environmental Protection Agency pursuant to Section 39711.",HSC,"Program prioritization, Program goals",,,,,,,,,,,,,,,,,,,,,,,,,,,,,HSC code amended out,Amended out section but would have required the carbon sequestration group to consider maximizing project benefits for DACs
AB 585,Rivas,2/11/2021,Held in Committee,In committee: Held under submission.,8/26/2021,Climate change: Extreme Heat and Community Resilience Program,Climate emergency/natural hazards,"This bill would establish the Extreme Heat and Community Resilience Program for the purpose of coordinating state efforts and supporting local and regional efforts to mitigate the impacts of, and reduce the public health risks of, extreme heat and the urban heat island effect, and would require the Office of Planning and Research to administer the program through the Integrated Climate Adaptation and Resiliency Program. Under the Extreme Heat and Community Resilience Program, the bill would require the Office of Planning and Research to coordinate the state’s efforts to address extreme heat and the urban heat island effect and to provide financial and technical assistance","Part 4.6 (commencing with Section 71361) is added to Division 34 of the Public Resources Code, to read:","(a) Before awarding grants under the program, the office shall adopt guidelines that include all of the following:...(f) In awarding grants, the office shall give priority to projects that meet any of the following:
(1) Serve disadvantaged communities, as identified in Section 39711 of the Health and Safety Code.",HSC,Funding prioritization,,,,,,,,,,,,,,,,,,,,,,,,,,,,,,"Established extreme heat program providing grants for urban forestry and greening programs, with priority for DACs"
AB 1099,Rivas,2/18/2021,Filed,Filed with the Chief Clerk pursuant to Joint Rule 56.,2/1/2022,Environmental equity: principles: bond and fund expenditures.,Governance: of state government,"This bill would require the administration of proceeds from the sales of bonds issued under a bond act that is enacted by the Legislature and is approved by the voters on or after January 1, 2022, pursuant to the State General Obligation Bond Law and that addresses environmental issues, and the administration of certain funds established on or after January 1, 2022, that provide financial assistance to eligible entities to incorporate certain principles of environmental equity. The bill would require guidelines or regulations adopted by state agencies receiving funding to administer a competitive grant program funded by the proceeds of those bonds or moneys in those funds to meet certain requirements.","Division 50 (commencing with Section 90000) is added to the Public Resources Code, to read:","a) “Disproportionately affected community” means a community that is any of the following:...
(3) A community within an area identified as among the most disadvantaged 25 percent in the state pursuant to Section 39711 of the Health and Safety Code.",HSC,Defining a community,Section 90010 is added to the Public Resources Code,"(b) Prioritize investments and funding to our disproportionately affected communities and populations who have experienced persistent inequities and disparities pursuant to past policies and are subject to the most severe impacts from pandemic, climate change, and pollution through place-based and population-based investments that comprehensively deliver better public health outcomes, environmental benefits, and economic opportunities.",HSC by proxy,"Funding prioritization, Program prioritization",Section 90010 is added to the Public Resources Code,"(d) Maximize impacts by developing an investment plan with a proactive focus on disproportionately affected communities and populations that integrates state and local policy objectives with existing and future investments and funding from all levels of government and private and philanthropic entities, capitalizes on the long-term and short-term nature of funding sources, encourages and funds pilot programs for disproportionately affected communities and populations to identify and allow community members themselves to determine the most effective long-term strategies, and insists on greater accountability and prioritization of existing investments and funding for disproportionately affected communities and populations.",HSC by proxy,Funding prioritization,Section 90010 is added to the Public Resources Code,"(h) Commit to a financing authority governance model that includes state finance and policy leads, diverse public representation of inland and coastal interests from our disproportionately affected communities and populations, environmental justice representation, environmental representation, natural resource representation, labor representation, and business representation to establish an accessible, comprehensive “one-stop shop” decisionmaking body and provide accountability for funded projects to meet measurable public health, environmental, and economic outcomes.",HSC by proxy,"Community engagement outreach, Program goals",Section 90011 is added to the Public Resources Code,"90011. All funding allocated from the proceeds of a bond or a fund subject to this division shall set aside a minimum of 40 percent to disproportionately affected communities, in furtherance of the goals established pursuant to Section 39713 of the Health and Safety Code.",HSC by proxy,Funding prioritization,Section 90010 is added to the Public Resources Code,"(e) Refrain from funding or otherwise incentivizing programs and projects that exacerbate, perpetuate, or sustain environmental injustice through air pollution, water contamination, or other forms of environmental degradation in already disproportionately affected communities and programs and projects that will shift climate and environmental burdens to disadvantaged or otherwise disproportionately burdened communities.",HSC by proxy,Program goals,,,,,,,,,,Many provisions for program and funding prioritization for DACs in this environmental equity bond bill
AB 2438,Friedman,2/17/2022,Vetoed,,9/29/2022,Transportation funding: guidelines and plans.,"Transportation: Infrastructure (non-EV), Transportation: transit","This bill would require the guidelines or plans applicable to those programs to include the strategies established in the Climate Action Plan for Transportation Infrastructure adopted by the Transportation Agency, as provided. The bill would also require the Transportation Agency, the California Transportation Commission, and the Department of Transportation to each establish guidelines to ensure transparency and accountability for specified transportation funding programs that they respectively administer and for the project selection processes applicable to those programs. The bill would require those guidelines to meet certain requirements and would require those agencies to hold public workshops to solicit input before establishing the guidelines.
The bill, with regard to the Solutions for Congested Corridors Program, would require a project that receives funding under the program to be part of a comprehensive multimodal corridor plan rather than a comprehensive corridor plan. Also requires finance plans",Section 2192 of the Streets and Highways Code is amended to read:,"(f) (1) The commission shall adopt guidelines, including a transparent process to evaluate projects and to allocate the funding described in subdivision (a) for trade infrastructure improvements in a manner that ... (G) includes disadvantaged communities measures, as established by the California Environmental Protection Agency pursuant to Section 39711 of the Health and Safety Code, and other tools the commission determines, for evaluating benefits or costs for disadvantaged communities and low-income communities. Project nominations shall include either a quantitative or qualitative assessment of the benefits the project is expected to achieve relative to the evaluation criteria.",HSC,"Program eligibility, Program goals, Requires CES to be used in analysis",Section 2192 of the Streets and Highways Code is amended to read:,(1) “Disadvantaged communities” are those communities identified by the California Environmental Protection Agency pursuant to Section 39711 of the Health and Safety Code.,HSC,Defining a community,Section 2192 of the Streets and Highways Code is amended to read:,"(e) (1) In adopting the program of projects to be funded with funds described in subdivision (a), the commission shall evaluate the total potential economic and noneconomic benefits of the program of projects to California’s economy, environment, and public health. The evaluation shall specifically assess localized impacts in disadvantaged communities. The commission shall consult with the agencies identified in Executive Order No. B-32-15 and metropolitan planning organizations in order to use the appropriate models, techniques, and methods to develop the parameters for evaluating the program of projects. The commission shall allocate the funding from subdivision (a) for trade infrastructure improvements as follows:",HSC by proxy,Requires CES to be used in analysis,,,,,,,,,,,,,,,,,,,,,,"DOT produces long-range planning projects, this bill requires a financial element to include cost of plan implementation, which provisions require including the cost and benefits on DACs"
SB 149,Committee on Budget and Fiscal Review,1/8/2021,"Amended out of the bill, Referred",From committee with author's amendments. Read second time and amended. Re-referred to Com. on BUDGET.,2/15/2022,Budget Act of 2022,Governance: of state government,this bill would express the intent of the Legislature to enact statutory changes relating to the Budget Act of 2022.,SEC. 3.Section 75230 of the Public Resources Code is amended to read:,"(g)(1)For recipient transit agencies whose service areas include disadvantaged communities, as identified pursuant to Section 39711 of the Health and Safety Code, at least 50 percent of the total moneys received pursuant to this chapter shall be expended on projects or services that meet the requirements of subdivisions (d), (e), and (f) and benefit the disadvantaged communities, as identified consistent with the guidance developed by the State Air Resources Board pursuant to Section 39715 of the Health and Safety Code.
(2)The requirement of paragraph (1) is waived if the recipient transit agencies expend the funding provided pursuant to this section on any of the following:
(A)New or expanded transit service that connects with transit service serving disadvantaged communities, as identified in Section 39711 of, or in low-income communities, as defined in paragraph (2) of subdivision (d) of Section 39713 of, the Health and Safety Code.",HSC,"Funding prioritization, Program prioritization",Section 75230 of the Public Resources Code is amended,"(s)The Department of Transportation and recipient transit agencies shall comply with the guidelines developed by the State Air Resources Board pursuant to Section 39715 of the Health and Safety Code to ensure that the requirements of Section 39713 of the Health and Safety Code are met to maximize the benefits to disadvantaged communities, as described in Section 39711 of the Health and Safety Code.",HSC,Program goals,"SEC. 16.Section 91.41 is added to the Streets and Highways Code, to read:","91.41.(a)The Clean California Local Grant Program of 2021 is hereby established, to be administered by the department, to provide funding, upon appropriation by the Legislature, for the purpose of allocating grants to local and regional public agencies, transit agencies, and tribal governments for purposes of beautifying and cleaning up local streets and roads, tribal lands, parks, pathways, transit centers, and other public spaces.
(b)It is the intent of the Legislature that the program established pursuant to subdivision (a) achieves all of the following goals:
...
(3)The guidelines shall include, but shall not be limited to, all of the following:
(A)A process for allocating no less than 50 percent of the program funds to projects that benefit underserved communities. The department shall establish a definition for underserved communities that may include, but need not be limited to, disadvantaged communities, as identified pursuant to Section 39711 of the Health and Safety Code, and low-income communities, as defined in paragraph (2) of subdivision (d) of Section 39713 of the Health and Safety Code. A project eligible pursuant to this process shall clearly demonstrate a benefit to an underserved community or be directly located in an underserved community.",HSC,"Defining a community, Program goals","Section 91.42 is added to the Streets and Highways Code, to read:","91.42.(a)The Clean California State Beautification Program of 2021 is hereby established, to be administered by the department, to provide funding, upon appropriation by the Legislature, for purposes of beautifying and cleaning up state highways....(F)The benefit to underserved communities. The department shall establish a definition for underserved communities that may include, but need not be limited to, disadvantaged communities, as identified pursuant to Section 39711 of the Health and Safety Code, and low-income communities, as defined in paragraph (2) of subdivision (d) of Section 39713 of the Health and Safety Code.",HSC,"Defining a community, Program goals",,,,,,,,,,,,,,,,,Same as AB 149 but would have amended it all out,"budget bill, many topics but here relating to transit"
AB 149,Committee on Budget,1/8/2021,Enacted,,7/16/2021,Transportation,"Transportation: Infrastructure (non-EV), Transportation: transit, Transportation: ZEV","This bill would authorize the board to name a nonvehicular wildlife crossing, which the bill would define as a structure that allows animals to cross human-made barriers safely, if at least 25% of the funding to construct the crossing derives from a state source. The bill would require the board to consult with the Department of Transportation or other appropriate entities on the design of lettering and placement of any sign that displays the name of a nonvehicular wildlife crossing. The bill would authorize the board to adopt criteria to implement these provisions. Also has provisions for transit riders, and more funding allowances for transit agencies, and established Clean California Local Grant Program of 2021 and Clean California State Beautification Program of 2021",Section 75230 of the Public Resources Code is amended to read:,"The Low Carbon Transit Operations Program is hereby created to provide operating and capital assistance for transit agencies to reduce greenhouse gas emissions and improve mobility, with a priority on serving disadvantaged communities.... (g) (1) For recipient transit agencies whose service areas include disadvantaged communities, as identified pursuant to Section 39711 of the Health and Safety Code, at least 50 percent of the total moneys received pursuant to this chapter shall be expended on projects or services that meet the requirements of subdivisions (d), (e), and (f) and benefit the disadvantaged communities, as identified consistent with the guidance developed by the State Air Resources Board pursuant to Section 39715 of the Health and Safety Code.... (2) The requirement of paragraph (1) is waived if the recipient transit agencies expend the funding provided pursuant to this section on any of the following:
(A) New or expanded transit service that connects with transit service serving disadvantaged communities, as identified in Section 39711 of, or in low-income communities, as defined in paragraph (2) of subdivision (d) of Section 39713 of, the Health and Safety Code.
",HSC,"Funding prioritization, Program eligibility",Section 75230 of the Public Resources Code is amended,"(s)The Department of Transportation and recipient transit agencies shall comply with the guidelines developed by the State Air Resources Board pursuant to Section 39715 of the Health and Safety Code to ensure that the requirements of Section 39713 of the Health and Safety Code are met to maximize the benefits to disadvantaged communities, as described in Section 39711 of the Health and Safety Code.",HSC,Program goals,"SEC. 16.Section 91.41 is added to the Streets and Highways Code, to read:","91.41.(a)The Clean California Local Grant Program of 2021 is hereby established, to be administered by the department, to provide funding, upon appropriation by the Legislature, for the purpose of allocating grants to local and regional public agencies, transit agencies, and tribal governments for purposes of beautifying and cleaning up local streets and roads, tribal lands, parks, pathways, transit centers, and other public spaces.
(b)It is the intent of the Legislature that the program established pursuant to subdivision (a) achieves all of the following goals:
...
(3)The guidelines shall include, but shall not be limited to, all of the following:
(A)A process for allocating no less than 50 percent of the program funds to projects that benefit underserved communities. The department shall establish a definition for underserved communities that may include, but need not be limited to, disadvantaged communities, as identified pursuant to Section 39711 of the Health and Safety Code, and low-income communities, as defined in paragraph (2) of subdivision (d) of Section 39713 of the Health and Safety Code. A project eligible pursuant to this process shall clearly demonstrate a benefit to an underserved community or be directly located in an underserved community.",HSC,"Defining a community, Program goals","Section 91.42 is added to the Streets and Highways Code, to read:","91.42.(a)The Clean California State Beautification Program of 2021 is hereby established, to be administered by the department, to provide funding, upon appropriation by the Legislature, for purposes of beautifying and cleaning up state highways....(F)The benefit to underserved communities. The department shall establish a definition for underserved communities that may include, but need not be limited to, disadvantaged communities, as identified pursuant to Section 39711 of the Health and Safety Code, and low-income communities, as defined in paragraph (2) of subdivision (d) of Section 39713 of the Health and Safety Code.",HSC,"Defining a community, Program goals",,,,,,,,,,,,,,,,,SB 149 axed it all,"Many transit aspects included, such as transit fare and zero emissions vehicles in DACs, provides program funds for underserved (including DAC) communities for grants to local and regional agencies to beautify local streets, roads, parks, pathways, etc"
AB 707,Quirk,2/16/2021,Enacted,,10/8/2021,Mercury Thermostat Collection Act of 2021.,Waste: hazardous,"Recasting a previous Mercury Thermostat Collection Act of 2008, requiring manufacturers of mercury-added thermostats to contract with or retain a qualified third party to develop and implement a convenient, cost-effective, and efficient program for the collection, transportation, recycling, and disposal of out-of-service mercury-added thermostats... to issue a request for proposals for a qualified third party to develop and implement the program. The bill would require the qualified third party to develop and implement a program for the collection, handling, and arrangement for the appropriate management of out-of-service mercury-added thermostats, unless these activities are performed by a manufacturer, or group of manufacturers... an educational and outreach campaign sufficient to inform appropriate entities about the importance of safe recycling and disposal of out-of service mercury-added thermostats, and informational materials about the program... to make available to consumers, as defined, and service technicians out-of-service mercury-added thermostat collection incentives of no less than $30 per out-of-service mercury-added thermostat collected","Section 25214.8.11.5 is added to the Health and Safety Code, to read:","Ensure that the locations and methods established pursuant to the program to collect out-of-service mercury-added thermostats are sufficiently convenient in all parts of the state, including within rural communities, disadvantaged communities, as identified by the California Environmental Protection Agency pursuant to Section 39711, and low-income communities, as defined in paragraph (2) of subdivision (d) of Section 39713, to encourage the collection of out-of-service mercury-added thermostats",HSC,Defining a community,"Section 25214.8.11.5 is added to the Health and Safety Code, to read:","On or before July 1, 2022, develop and implement, and update as necessary, a statewide educational and outreach campaign to inform appropriate entities about the importance of safe recycling and disposal of out-of-service mercury-added thermostats, where and how to access out-of-service mercury-added thermostat collection locations, and how to access available out-of-service mercury-added thermostat collection incentives, as well as to coordinate program activities with various stakeholders, including, but not limited to, all of the following: ... 
(10) Disadvantaged communities, as identified by the California Environmental Protection Agency pursuant to Section 39711, or low-income communities, as defined in paragraph (2) of subdivision (d) of Section 39713",HSC,"Defining a community, Community engagement outreach",Section 25214.8.13 of the Health and Safety Code is amended to read:,"(a) (1) (A) Subject to paragraph (2), each manufacturer, or group of manufacturers, shall do all of the following:... A description of the outreach strategies employed to increase participation, convenience, and collection rates, including dedicated outreach to rural communities, disadvantaged communities, as identified by the California Environmental Protection Agency pursuant to Section 39711, and low-income communities, as defined in paragraph (2) of subdivision (d) of Section 39713, and an assessment of the effectiveness of those outreach strategies.",HSC,"Program prioritization, Defining a community, Community engagement outreach",,,,,,,,,,,,,,,,,,,,,Same as AB 732? but preceded it?,Mercury waste clean up program with program service to DACs
AB 2649,Garcia and Stone,2/18/2022,Held in Committee,In committee: Held under submission.,8/11/2022,Natural Carbon Sequestration and Resilience Act of 2022,Carbon emissions,"This bill would declare the policy of the state to achieve a goal of removing goal of the state to sequester, through natural carbon sequestration in California,
 at least 60,000,000 metric tons of carbon dioxide equivalent annually 
on or before December 31, 2035. The bill would require, on or before January 1, 
2024, the Natural Resources Agency, in coordination with other state 
entities, to review and, as necessary, update the Natural and Working 
Lands Climate Smart Strategy, as described, and the Pathways to 30x30: 
Accelerating Conservation of California’s Nature, as described, to 
achieve this goal, and to update those documents every 5 years, as 
described. The bill would also require on December 31, 2025, and every 
year thereafter, the Natural Resources Agency and the State Air 
Resources Board to submit a report to the Legislature on progress toward
 meeting the goal. The bill would also require, on or before March 31, 
2026, and annually thereafter, the Natural Resources Agency and the 
State Air Resources Board to present the findings of the report before 
the relevant policy committees of the Legislature.","SEC. 3. Section 38592.3 is added to the Health and Safety Code, to read",(1) “Disadvantaged communities” means communities identified pursuant to Section 39711.,HSC,Defining a community,Section 38592.3 is added to the Health and Safety Code,"(4) Policies adopted and actions taken to achieve the goal established in paragraph 
(1)shall maximize ecological health and native biodiversity and shall prioritize all of the following cobenefits, particularly for policies and actions that benefit Native American tribes, low-income communities, disadvantaged communities, vulnerable communities, and disadvantaged 
farmers:(A) Enhance community health and resilience.(B) Improve air and water quality and soil health.(C) Support climate adaptation and build climate resilience.",HSC by proxy,Program goals,Section 38592.3 is added to the Health and Safety Code,"(e) (1) On December 31, 2025, and, notwithstanding Section 10231.5 of the Government Code, every year thereafter, the Natural Resources Agency and the state board shall submit a report to the Legislature, in accordance with Section 9795 of the Government Code, on progress toward meeting the goal established in paragraph (1) of subdivision (b). The report shall include all of the following:..(D) A summary of the benefits to low-income, disadvantaged communities, vulnerable communities, disadvantaged farmers, and tribes.",HSC by proxy,Requires CES to be used in analysis,findings,"(h) In 2020, Governor Newsom signed Executive Order No. N-82-20, providing that, to combat the biodiversity and climate crises, it is the goal of the state to conserve at least 30 percent of California’s land and coastal waters by 2030. The order further directs various agencies to identify and implement near- and long-term actions to accelerate natural removal of carbon and build climate resilience in our forests, wetlands, urban greenspaces, agricultural soils, and land conservation activities in ways that serve all communities and in particular low-income, disadvantaged, and vulnerable communities.",HSC by proxy,Program goals,,,,,,,,,,,,,,,,,"Amended these parts out: d)(1)The Natural Resources Agency, in coordination with the state board and the Department of Food and Agriculture, shall evaluate and update the pathways, strategies, and actions to achieve the goal established pursuant to subdivision (b) on an annual basis beginning in 2024, concurrently with the scoping plan prepared pursuant to Section 38561, with annual reporting that includes descriptions of the actions and projects undertaken on natural and working lands to date, quantified progress on emissions reductions, natural carbon sequestration, and cobenefits, and progress to advance the pathways identified in subparagraphs (A) to (D), inclusive, of paragraph (2) of subdivision (c); summary of benefits to low-income and disadvantaged communities, disadvantaged farmers, tribes, and farmers of small and medium farms; a description of how the board calculated emissions reductions, natural carbon sequestration, and benefits; and an evaluation of the efficacy of the pathways, strategies, and program administration and implementation, including programs administered by state agencies. (e)Achievement of the carbon dioxide equivalent removal goal shall enhance community health and resilience and shall not be accomplished in a manner that increases detrimental air quality or water quality impacts on disadvantaged communities, Black, Indigenous, and people of color communities, or lower income communities, and achievement of the goal needs to prioritize investments and projects in communities that have historically been overburdened by pollution or faced other environmental justice hurdles. (h)(1)Each state agency described in subdivision (f) that implements a program pursuant to that subdivision shall ensure that at least 50 percent of the resources of the program are directed to ensure benefits to low-income communities, disadvantaged communities, farmers of small- and medium-sized farms, disadvantaged farmers, and tribes.","bill declares set number of metric tons of CO2 to be removed through natural sequestration, with collaboration with natural resources agency, natural working lands, and the conservation policy of 30x30, with special attention to how the program affects disadvantaged communities and farmers, and prioritize benefits for those groups"
AB 2705,Quirk-Silva,2/18/2022,Held in Committee,In committee: Held under submission.,8/11/2022,Housing: fire safety standards.,"Housing, Climate emergency/natural hazards","This bill would prohibit the legislative body of a city or county from approving a discretionary entitlement, as defined, that would result in a new residential development project, as defined, being located within a very high fire hazard severity zone, unless the city or county finds that the residential development project will meet specified standards intended to address wildfire risks, as specified, and would provide that these provisions do not limit or prohibit a legislative body of a city or county from adopting more stringent standards. By imposing new requirements on cities and counties in the review of residential development projects, the bill would impose a state-mandated local program. This bill, upon appropriation by Legislature and consistent with the above-described comprehensive wildfire mitigation program, would additionally require the State Fire Marshal, in consultation with specified state officials, to provide financial assistance to fire harden at least 300,000 existing vulnerable homes within the next 3 years in very high fire hazard severity zones and an additional 300,000 existing vulnerable homes every 3 years thereafter, as specified. The bill would require the State Fire Marshal to report back to the Legislature annually on the pace of fire hardening and what constraints impair the ability to realize the targets established by these provisions.",Chapter 13 (commencing with Section 66310) is added to Division 1 of Title 7 of the Government Code,"(a) Provide financial assistance to fire harden at least 300,000 
existing vulnerable homes within the next three years in very high fire 
hazard severity zones, with an emphasis on disadvantaged communities 
identified pursuant to Section 39711 of the Health and Safety Code and low-income communities as defined by Section 39713 of the Health and Safety Code, in the form of grants and low interest loans under the wildfire mitigation program.",HSC,Program goals,,,,,,,,,,,,,,,,,,,,,,,,,,,,,"did not include a mention of disadvantaged communities in the findings, as they did not explicitly define that",Puts restrictions on housing development in wildfire prone or risk areas and provides funding for fire hardening for vulnerable and disadvantaged communities in existing homes in those zones
SB 372,Leyva,2/10/2021,Enacted,,10/7/2021,Medium- and heavy-duty fleet purchasing assistance program: zero-emission vehicles.,Transportation: ZEV,"This bill would establish the Medium- and Heavy-Duty Zero-Emission Vehicle Fleet Purchasing Assistance Program within the Air Quality Improvement Program to make financing tools and nonfinancial supports available to operators of medium- and heavy-duty vehicle fleets to enable those operators to transition their fleets to zero-emission vehicles. The bill would require the state board to designate the California Pollution Control Financing Authority as the agency responsible for administering the program and would require the state board and the authority to enter into an interagency working agreement for the development and administration of the program. The bill would require the state board and the authority, in developing and implementing the program, to consult with various stakeholders regarding specified program components, develop and design, in consultation with other relevant state agencies, as provided, financing tools and nonfinancial supports that are most appropriate for different sizes and sectors of medium- and heavy-duty vehicle fleets, and ensure that the financial tools and nonfinancial supports required pursuant to the program are available to operators of medium- and heavy-duty fleets by January 1, 2023, as provided. The bill would require the authority to develop, in consultation with the state board, a data collection and dissemination strategy for the program, as provided, and to track project implementation and report to the state board project outcomes no less than annually. The bill would require the state board to provide on its internet website information regarding the potential financing and grant options and other technical assistance available through the program.",Article 4 (commencing with Section 44274.10) is added to Chapter 8.9 of Part 5 of Division 26 of the Health and Safety Code,(g) “Underserved community” means any of the following communities: (1) A low-income community as defined by paragraph (2) of subdivision (d) of Section 39713.(2) A community identified as a disadvantaged community by the California Environmental Protection Agency pursuant to Section 39711.,HSC,Defining a community,Section 44274.12 added to Health and Safety Code,"(4) Ensure that a minimum of 75 percent of financing products offered under the program are directed towards operators of medium- and heavy-duty fleets whose fleets directly impact, or operate in, an underserved community.",HSC by proxy,Funding prioritization,Section 44274.12 added to Health and Safety Code,"(2) The state board shall do both of the following:(A) Establish penetration targets for deployment of financing tools and nonfinancial supports to operators, including, but not limited to, those whose fleets directly impact, or operate in, underserved communities for each milestone specified in paragraph (1).(B) Compile data and information about the deployment of financing tools and nonfinancial supports provided pursuant to the program to operators, including, but not limited to, those whose fleets directly impact, or operate in, underserved communities.... (d) The administering agency shall track project implementation and report to the state board the outcomes no less often than annually, including vehicle or equipment data necessary to calculate criteria air pollutant and greenhouse gas emission reductions, demographic and business data necessary to determine cobenefits, and socioeconomic benefits to residents, including those in underserved communities. Specific data points shall be determined by the state board and included in the interagency agreement described in Sections 44274.11 and 44274.12.",HSC by proxy,Requires CES to be used in analysis,Section 44274.12 added to Health and Safety Code,"(d) The state board shall coordinate with the Public Utilities Commission, the State Energy Resources Conservation and Development Commission, and the administering agency to provide marketing, education, and outreach to underserved communities regarding the program.",HSC by proxy,Community engagement outreach,,,,,,,,,,,,,,,,,,"creates the Medium- and Heavy-Duty Zero-Emission Vehicle Fleet Purchasing Assistance Program within the Air Quality Improvement Program to make financing tools and nonfinancial supports available to operators of medium- and heavy-duty vehicle fleets to enable those operators to transition their fleets to zero-emission vehicles, and look at affects on disadvantaged communities"
AB 1239,Ting,2/19/2021,"Amended out of the bill, Filed",From committee: Filed with the Chief Clerk pursuant to Joint Rule 56.,2/1/2022,Electricity: demand response resources and programs,Electricity,"This bill would require the PUC, by January 31, 2022, to open an investigation into the root causes of demand response market failures and why demand response has not reached its potential and make recommendations for policy changes aimed at ensuring those market failures are not repeated. The bill would require that the investigation include public participation and be concluded by September 30, 2022. The bill would require that the investigation assess the market failures that have led to the underutilization of demand response resources during the 5-year period beginning January 1, 2016, and include detailed and specific recommendations to the PUC for suggested revisions to existing PUC policies governing the use of demand response resources. The bill would require that the PUC, the State Energy Resources Conservation and Development Commission (Energy Commission), and the Independent System Operator (ISO) identify and develop initiatives to achieve all cost-effective demand response by 2030, with expanded demand response programs that improve reliability of the electrical grid, avoid increasing emissions of greenhouse gases, and include optional participation by residential customers. The bill would require that the PUC, the Energy Commission, and the ISO identify barriers that limit the ISO’s ability to plan for and utilize demand response.",,,,,,,,,,,,,,,,,,,,,,,,,,,,,,,,,"Amended out (A)Priority shall be given to school districts, county offices of education, and joint power authorities currently operating home-to-school transportation programs on behalf of local educational agencies operating the oldest schoolbuses or schoolbuses operating in disadvantaged communities, as identified pursuant to Section 39711 of the Health and Safety Code, as determined by the State Air Resources Board, and to school districts, county offices of education, or joint power authorities currently operating home-to-school transportation programs on behalf of local educational agencies with a majority of pupils eligible for free or reduced-price meals in the prior year.","Bill requiring public utilities comission to investigate market failures related to the electrical grid, had provisions about a fund for jobs and specified funds going to electric schoolbuses in DACs, among other things"
AB 1087,Chiu,2/18/2021,Returned to Secretary,From committee: Filed with the Chief Clerk pursuant to Joint Rule 56.,2/1/2022,Environmental Justice Community Resilience Hubs Program.,Electricity,"this bill would require the PUC to annually allocate 5% of the revenues received by the electrical corporations from that allocation of greenhouse gas allowances to the Environmental Justice Community Resilience Hubs Program, which would require each electrical corporation to award those allocated revenues to a single third-party administrator, selected by the commission, that will award competitive grants to owners of critical community institutions, meeting eligibility criteria established by the PUC, for building upgrade projects that demonstrate community engagement in all phases, demonstrate multistakeholder partnerships, reflect the geographic diversity of the state, and are installed at critical community institutions. ",Chapter 8.5 (commencing with Section 2845) is added to Part 2 of Division 1 of the Public Utilities Code,(d) “Disadvantaged community” means a community identified pursuant to Section 39711 of the Health and Safety Code.,HSC,Defining a community,Section 2847 added to Public Utilities Code,"the commission shall establish eligibility criteria for comprehensive building upgrades that meet the program goals to reduce emissions of greenhouse gases and criteria air pollutants, and to enhance community resilience to climate change events in disadvantaged or vulnerable communities. The commission shall ensure eligible upgrades receive duplicative funding for the same technology or measure from other programs.",HSC by proxy,Program eligibility,Section 2847 added to Public Utilities Code,"(d) The commission shall establish local hiring requirements, wage requirements, requirements to partner with state-sanctioned apprenticeships programs, and strong workforce standards for the program in order to provide economic development benefits to disadvantaged communities.",HSC by proxy,Program goals,,,,,,,,,,,,,,,,,,,,,"Amended out: (4)The Disadvantaged Communities Single-Family Solar Homes Program, Disadvantaged Communities Green Tariff Program, and Community Solar Green Tariff Program adopted by the commission in Decision 18-06-027 (June 21, 2018), Alternate Decision Adopting Alternatives to Promote Solar Distributed Generation in Disadvantaged Communities.",Would establish community resilience hubs to retrofit electricity infrastructure/building upgrades while providing jobs and requiring community engagement
AB 34,"Muratsuchi, Eduardo Garcia, and Santiago",12/7/2020,Returned to Secretary,From committee: Filed with the Chief Clerk pursuant to Joint Rule 56.,2/1/2022,Broadband for All Act of 2022,Internet,"This bill would enact the Broadband for All Act of 2022, which, if approved by the voters, would authorize the issuance of bonds in the amount of $10,000,000,000 pursuant to the State General Obligation Bond Law to support the 2022 Broadband for All Program that would be administered by the department for purposes of providing financial assistance for projects to deploy broadband infrastructure and broadband internet access services.","Title 26 (commencing with Section 101000) is added to the Government Code, 101002","(e) “Disadvantaged community” means any of the following:
(1) A community identified as a disadvantaged community pursuant to Section 39711 of the Health and Safety Code.
(2) A low-income community, as defined in Section 39713 of the Health and Safety Code.
(3) A disadvantaged community, as defined in Section 75005 of the Public Resources Code.",HSC,Defining a community,Section 101010 added to the Government Code,"(d) The department shall give preference to applications that serve unserved areas or disadvantaged communities.
(e) At least 25 percent of the funds available pursuant to this chapter shall be allocated for projects serving unserved areas or disadvantaged communities.
(f) The department shall give preference to projects that include multiple benefits, including, but not limited to, the following considerations:
(1) The number of anchor institutions served by the project.
(2) The number of unserved areas or disadvantaged communities served by the project.",HSC by proxy,"Funding prioritization, Program prioritization",Section 101011 added to the Government Code,"101011. (a) For the purposes of awarding funding under the program, the department shall require a cost share of not less than 50 percent of the total costs of the project by the eligible entity.
(b) The department may waive or reduce the cost-sharing requirement if the project does either of the following:
(1) Directly benefits a disadvantaged community.",HSC by proxy,Program eligibility,Section 101015 added to the Government Code,"101015. Notwithstanding Section 10231.5, the department shall provide an annual report to the Legislature, in accordance with Section 9795, that includes all of the following information:
(a) The remaining unserved areas and disadvantaged areas communities in the state.",HSC by proxy,Requires CES to be used in analysis,,,,,,,,,,,,,,,,,,Bill to establish broadband access for all with priority and preference to DACs and unserved areas
AB 2419,Bryan,2/17/2022,Held in Committee,In committee: Held under submission.,8/11/2022,Environmental justice: federal Infrastructure Investment and Jobs Act: Justice40 Advisory Committee.,Community development grants,"Bill to require minimum of 40% of funds received by state under the federal Infrastructure Investment and Jobs Act to be allocated to projects providing direct benefits to disadvantaged (and disadvantaged unincorporated) communities and disadvantaged unincorporated communities, and establish a Justice40 Advisry Committee",Part 3.2 (commencing with Section 71119) is added to Division 34 of the Public Resources Code,"(5) “Disadvantaged community” means a community identified as disadvantaged pursuant to Section 39711 of the Health and Safety Code or an alternate alternative definition historically used by a state agency for its programs to equitably reach communities, geographic areas, or individuals most in need of investment. authorized pursuant to paragraph (3) of subdivision (b).
(6) “Disadvantaged unincorporated community” has the same meaning as defined in Section 65302.10 of the Government Code.",HSC,Defining a community,Section 71119.1 added to Public Resources Code,"(b) (1) In administering federal funds appropriated by the Legislature, a state agency shall, to the extent applicable and not in conflict with federal law and funding guidelines, allocate a minimum of 40 percent of those funds to projects that provide direct benefits to disadvantaged communities and disadvantaged unincorporated communities in the state.
(2) In administering federal funds appropriated by the Legislature, a state agency shall, to the extent applicable and not in conflict with federal law and funding guidelines, allocate a minimum of an additional 10 percent of those funds to projects that provide direct benefits to low-income households in the state or to projects that provide direct benefits to low-income communities in the state. This paragraph does not apply to funds that are subject to a state agency’s definition of “disadvantaged community” that is based only on household income level.
(3) To equitably reach communities, geographic areas, or individuals most in need of investment, a state agency may use an alternative definition for “disadvantaged community,” “low-income communities,” and “low-income households” that the state agency has historically used for the type of program that is similar to the program for which federal funds are sought.",HSC by proxy,"Funding prioritization, Defining a community",Section 71119.1 added to Public Resources Code,"(c) When a state agency makes a budget request to the Legislature to expend federal funds, the state agency shall submit to the appropriate subcommittees of the Budget Committees of each house of the Legislature a plan on how the state agency will meet the requirements of subdivision (b), including the definitions of “disadvantaged community,” “low-income households,” and “low-income communities” the state agency intends to use. If the state agency is using an alternative definition for a program for which federal funds are appropriated, the state agency shall post the alternative definition on its internet website.
(d) (1) Each state agency receiving federal funds appropriated by the Legislature in the annual Budget Act shall annually provide an update to the appropriate subcommittees of the Budget Committees of each house of the Legislature on, and make available to the public the update on its internet website, how the state agency is implementing the requirements of subdivision (b), including the definitions of “disadvantaged community,” “low-income households,” and “low-income communities” the state agency used, how the state agency is considering the committee’s recommendations once released, and the entities or projects that received federal funds, until the appropriated moneys are fully expended.
(2) A state agency using an alternative definition pursuant to paragraph (3) of subdivision (b) shall solicit public comment on the annual update provided and posted pursuant to paragraph (1) by providing a minimum of a 30-day comment period and holding at least one public hearing with a minimum 14-day notice.
(e) It is the intent of the Legislature that each state agency receiving federal funds appropriated by the Legislature should, to the best of its ability and to the extent applicable and not in conflict with federal law or funding guidelines, ensure that any federal funds administered by that state agency avoids substantial burdens to disadvantaged communities, disadvantaged unincorporated communities, low-income communities, and low-income households, including physical or economic displacement of low-income households and small businesses in disadvantaged communities and low-income communities, increased local exposure to toxics or other health risks, or other substantial economic, environmental, or public health burdens.",HSC by proxy,"Defining a community, Program goals, Mitigation",Section 71119.1 added to Public Resources Code,"(g) A state agency administering federal funds appropriated by the Legislature shall, to the extent applicable and not in conflict with federal law and funding guidelines, do all of the following:
(1) Provide direct, meaningful, and assured benefits that address an important community need for disadvantaged communities, disadvantaged unincorporated communities, low-income households, and low-income communities in alignment with the framework established by the investment plan Funding Guidelines for Agencies that Administer California Climate Investments developed by the State Air Resources Board pursuant toSection 39715 of the Health and Safety Code.
(2) Conduct, or participate in, outreach and engagement with disadvantaged communities, disadvantaged unincorporated communities, and low-income communities and prioritize projects that demonstrate community support. (h) The Justice40 Advisory Committee is hereby established in the Strategic Growth Council. The committee may do all of the following:
(1) Identify infrastructure deficiencies in disadvantaged communities communities, disadvantaged unincorporated communities, and low-income communities throughout the state. (i) (1) The committee shall consist of not less than eight members appointed by the council as follows: (E) At least one representative of an equity- or racial justice-focused organization that works with a disadvantaged community.",HSC by proxy,"Program goals, Community engagement outreach, Program eligibility, Requires CES to be used in analysis",,,,,,,,,,,,,,,,,,"A California version of Justice40, with many provisions around how disadvantaged communities are defined for funding, and goals for agencies to not create further environmental burden or harm"
SB 499,Levya,2/17/2021,Returned to Secretary,Returned to Secretary of Senate pursuant to Joint Rule 56.,2/1/2022,General plan: land use element: uses adversely impacting health outcomes.,"Planning, Land use","This bill would prohibit the land use element from designating land uses that have the potential to significantly degrade local air, water, or soil quality or to adversely impact health outcomes in disadvantaged communities to be located, or to materially expand, within or adjacent to a disadvantaged community or a racially and ethnically concentrated area of poverty. By expanding the duties of cities and counties in the administration of their land use planning duties, the bill would impose a state-mandated local program.",Section 65302 of the Government Code is amended,"(A) “Disadvantaged communities” means an area identified by the California Environmental Protection Agency pursuant to Section 39711 of the Health and Safety Code or an area that is a low-income area that is disproportionately affected by environmental pollution and other hazards that can lead to negative health effects, exposure, or environmental degradation.",HSC,Defining a community,Section 65302 of the Government Code is amended,"(3) The land use element shall not designate land uses that have the potential to significantly degrade local air, water, or soil quality or to adversely impact health outcomes in disadvantaged communities to be located, or to materially expand, within or adjacent to a disadvantaged community or a racially and ethnically concentrated area of poverty.",HSC by proxy,Land use siting,Section 65302 of the Government Code is amended,"(h) (1) An environmental justice element, or related goals, policies, and objectives integrated in other elements, that identifies disadvantaged communities within the area covered by the general plan of the city, county, or city and county, if the city, county, or city and county has a disadvantaged community. The environmental justice element, or related environmental justice goals, policies, and objectives integrated in other elements, shall do all of the following:
(A) Identify objectives and policies to reduce the unique or compounded health risks in disadvantaged communities by means that include, but are not limited to, the reduction of pollution exposure, including the improvement of air quality, and the promotion of public facilities, food access, safe and sanitary homes, and physical activity.
(B) Identify objectives and policies to promote civic engagement in the public decisionmaking process.
(C) Identify objectives and policies that prioritize improvements and programs that address the needs of disadvantaged communities.",HSC by proxy,Program goals,,,,,,,,,,,,,,,,,,,,,,Bill amending general plans to include that the land use element should not designate land uses that significantly degrade environmental aspects in disadvantaged communities
AB 242,Holden,1/13/2021,Enacted,,9/23/2021,Public utilities.,Energy,"bill requires disclosure to be made instead on the retail supplier’s internet website by October 1 of each year, and in written promotional materials by the end of the first complete billing cycle for the fourth quarter of the year, consolidates energy efficiency reports, requires report on progress made toward modernizing state's grid, bill exapands wildfire fund purposes, includes wildfires started by electrical corporation found by courts",SEC. 4. Section 913.5 of the Public Utilities Code is amended to read,"913.5. (a) Before July 1, 2022, and every three years thereafter, the commission shall submit a report to the Legislature on the energy efficiency and conservation programs it oversees. The report shall include information regarding authorized utility budgets and expenditures and projected and actual energy savings over the program cycle.
(b) In the report submitted pursuant to subdivision (a), the commission shall also report to the Legislature on the progress toward achieving the targets established pursuant to subdivision (a) of Section 454.55 and subdivision (a) of Section 454.56. The commission shall include specific strategies for, and an update on, progress toward maximizing the contribution of energy and electricity efficiency savings in disadvantaged communities identified pursuant to Section 39711 of the Health and Safety Code.",HSC,Requires CES to be used in analysis,,,,,,,,,,,,,,,,,,,,,,,,,,,,,,Requires report from comission on progress toward achieving energy efficiency targets to include strategies for DACs
AB 2076,Rivas and Garcia,2/14/2022,Held in Committee,,8/11/2022,Extreme Heat and Community Resilience Program: Extreme Heat and Health Reporting System. ,Climate emergency/natural hazards,"establish the Extreme Heat and Community Resilience Program in the office, to be administered by the office through ICARP, for the purpose of coordinating state efforts and supporting local and regional efforts to prevent or mitigate the impacts of, and reduce the public health risks of, heat. require coordination for extreme heat action plan and a chief heat officer. Also establish and maintain an extreme heat and health reporting system. requires grants and technical assistance to prioritze projects serving DACs that participate in a regional climate collaborative plan","Part 4.6 is added to Division 34 of the Public Resources Code, section 71361.5","(e) In awarding grants, projects that meet any of the following criteria shall be prioritized:
(1) Serve disadvantaged communities, as identified by the California Environmental Protection Agency pursuant to Section 39711 of the Health and Safety Code.",HSC,Funding prioritization,,,,,,,,,,,,,,,,,,,,,,,,,,,,,,"Went on to be AB 2238 that was enacted, this only had funding prioritization while 2238 doesn't but goes more into ranking system"
SB 1174,Hertzberg,2/17/2022,Enacted,,9/2/2022,Electricity: eligible renewable energy or energy storage resources: transmission and interconnection.,Electricity,"requires electrical corporations with transmission facilities to prepare and submit a report on changes to facilities and a systemwide assessment of delays to interconnection or transmission approvals for eligible renewable energy resources, including renewable energy procurement plan",Section 454.52 of the Public Utilities Code is amended to read,"454.52. (a) (1) Beginning in 2017, and to be updated regularly thereafter, the commission shall adopt a process for each load-serving entity, as defined in Section 380, to file an integrated resource plan, and a schedule for periodic updates to the plan, and shall ensure that load-serving entities do all of the following:
...
(I) Minimize localized air pollutants and other greenhouse gas emissions, with early priority on disadvantaged communities identified pursuant to Section 39711 of the Health and Safety Code.",HSC,Program prioritization,,,,,,,,,,,,,,,,,,,,,,,,,,,,,have a feeling this already existed,"I think no changes to DAC, check"
SB 932,Portantino,2/7/2022,Enacted,,9/28/2022,General plans: circulation element: bicycle and pedestrian plans and traffic calming plans.,Planning,"emphasizes intent of legislature to support and encourage communities in reaching environmental and climate change objectives. Requires circulation element of general plan to incorporate safe system approach with bike plans, pedestrian plans, and traffic calming plans. requires implementation beginning within 2 years of plan adoption",Section 65302 of the Government Code is amended,"(4) For purposes of this subdivision, the following terms shall apply:
(A) “Disadvantaged communities” means an area identified by the California Environmental Protection Agency pursuant to Section 39711 of the Health and Safety Code or an area that is a low-income area that is disproportionately affected by environmental pollution and other hazards that can lead to negative health effects, exposure, or environmental degradation.",HSC,Defining a community,Section 65302 of the Government Code is amended,"(h) (1) An environmental justice element, or related goals, policies, and objectives integrated in other elements, that identifies disadvantaged communities within the area covered by the general plan of the city, county, or city and county, if the city, county, or city and county has a disadvantaged community. The environmental justice element, or related environmental justice goals, policies, and objectives integrated in other elements, shall do all of the following:
(A) Identify objectives and policies to reduce the unique or compounded health risks in disadvantaged communities by means that include, but are not limited to, the reduction of pollution exposure, including the improvement of air quality, and the promotion of public facilities, food access, safe and sanitary homes, and physical activity.
(B) Identify objectives and policies to promote civic engagement in the public decisionmaking process.
(C) Identify objectives and policies that prioritize improvements and programs that address the needs of disadvantaged communities.",HSC by proxy,"Program goals, Mitigation",,,,,,,,,,,,,,,,,,,,,,,,,,I think no changes relevant to DAC
AB 1897,Boerner Horvath ,2/9/2022,Referred,In Assembly. Concurrence in Senate amendments pending.,8/31/2022,"Solid waste: reporting, packaging, and plastic food service ware.
",Waste: plastic,"requires plastic producer to be in a responsibility plan for source reduction, collection, processing, and recycling. establishes advisory board, etc","Section 42041 of the Public Resources Code, as added by Section 2 of Chapter 75 of the Statutes of 2022, is amended  ... 42041",(i) “Disadvantaged community” means an area identified by the California Environmental Protection Agency pursuant to Section 39711 of the Health and Safety Code or an area identified as a disadvantaged unincorporated community pursuant to Section 65302.10 of the Government Code.,HSC,Defining a community," Section 42070 of the Public Resources Code, as added by Section 2 of Chapter 75 of the Statutes of 2022, is amended","42070. (a) In implementing this chapter, the department shall establish a producer responsibility advisory board for the purpose of identifying barriers and solutions to creating a circular economy consistent with this chapter and advising the department, producers, and producer responsibility organizations in the implementation of this chapter. The advisory board shall be composed of 13 voting and 3 nonvoting members as provided in the following categories, who shall be appointed by the director:
...
(6) One representative from a disadvantaged or low-income community or rural area.",HSC by proxy,Advisory role,,,,,,,,,,,,,,,,,,,,,,,,,Completely retooled the bill previosuly focused on air pollution,Requires a representative from a DAC  (or rural or low income community) to be on an advisory board
AB 842,Garcia and Gray,2/17/2021,Filed,From committee: Filed with the Chief Clerk pursuant to Joint Rule 56.,2/1/2022,California Circular Economy and Plastic Pollution Reduction Act,Waste: plastic,"bill would enact the California Circular Economy and Plastic Pollution Reduction Act, which would establish a comprehensive regulatory scheme for producers, retailers, and wholesalers of single-use packaging, as defined, and single-use products, as defined, made partially or entirely of plastic, to be administered by the department. The bill would require producers, as defined, within 6 months of the department’s adoption of regulations to implement the act, to individually, or to collectively form or join a stewardship organization to that will, develop, finance, and implement a convenient and cost-effective program to source reduce, recover, and recycle single-use packaging and single-use products discarded in the state, and develop and submit to the department a stewardship plan, annual report, and budget, as prescribed. The bill would require the stewardship plan to include funding to support, among other things, mechanisms necessary to achieve a 75% recycling rate of single-use packaging and single-use products by 2032 and annually thereafter. requirements for department ot post list of packaging categories",Chapter 3 (commencing with Section 42040) is added to Part 3 of Division 30 of the Public Resources Code,"(b) A minimum of 75 percent of moneys in the Single-Use Plastic Packaging and Products Penalty Account shall annually be allocated, upon appropriation by the Legislature, to projects described in subdivision (a) that benefit disadvantaged communities, as described in Section 39711 of the Health and Safety Code.",HSC,Funding prioritization,section 42065 is added to the Public Resources Code,"(c) A stewardship plan shall include actions to achieve the budget and shall include funding to support all of the following: (4) Improved collection provisions, including measures that will reduce contamination of plastics by other materials, which may include, but are not limited to, any of the following:
...
(B) Enhanced community recycling and composting programs in disadvantaged communities.",HSC by proxy,Program goals,section 42069  is added to the Public Resources Code,"(d) In adopting regulations pursuant to this chapter, the department shall consider and avoid disproportionate impacts to low-income or disadvantaged communities.",HSC by proxy,Program goals,,,,,,,,,,,,,,,,,,,,,,
SB 780,Cortese,2/19/2021,Enacted,,9/28/2021,Local finance: public investment authorities.,Governance: of programs,"among other things, this bill would authorize the legislative bodies, as defined, to appoint an alternate member to the public financing authority who may serve and vote in place of a member who is absent or disqualifies themselves from participating in a meeting of the authority.",Section 62001 of the Government Code is amended,"(e) As an alternative to subdivision (d), an authority may also carry out a community revitalization plan within a community revitalization and investment area if it meets any of the following conditions:
...
(2) The census tracts or census block groups, as defined by the United States Census Bureau, within the area are situated within a disadvantaged community as described in Section 39711 of the Health and Safety Code.",HSC,Program eligibility,,,,,,,,,,,,,,,,,,,,,,,,,,,,,"Mentions disadvantaged communities pursuant to water code (g) (1) Borrow money, receive grants, or accept financial or other assistance or investment from the state or the federal government or any other public agency or private lending institution for any project within its area of operation, and may comply with any conditions of the loan or grant. An authority may qualify for funding as a disadvantaged community pursuant to Section 79505.5 of the Water Code or as defined by Section 56033.5. An authority may also enter into an agreement with a qualified community development entity, as defined by Section 45D(c) of the Internal Revenue Code, to coordinate investments of funds derived from the New Markets Tax Credit with those of the authority in instances where coordination offers opportunities for greater efficiency of investments to improve conditions described in subdivisions (d) and (e) within the territorial jurisdiction of the authority.","Amends existing law that allows community revitalization plans requiring at least 80% of land to meet requirements (like DAC), now lower it to 70%"
AB 211,Committee on Budget,1/8/2021,Enacted,,9/27/2022,Public resources trailer bill.,Governance: of state government,Many budgetary governance measures,Section 44274.10 of the Health and Safety Code is amended,"(f) “Underserved community” means any of the following communities:
...
(2) A community identified as a disadvantaged community by the California Environmental Protection Agency pursuant to Section 39711.",HSC,Defining a community,"Part 5 (commencing with Section 75250) is added to Division 44 of the Public Resources Code, to read:","PART 5. Community Resilience Center Program. 75250. (a) For purposes of this section, the following definitions apply:
...
(2) “Disadvantaged community” means a community identified pursuant to Section 39711 of the Health and Safety Code.",HSC,Defining a community,"Section 42060 of the Public Resources Code, as added by Section 2 of Chapter 75 of the Statutes of 2022, is amended","(d) In adopting regulations pursuant to this section, the department shall ensure the regulations, and activities conducted in accordance with the regulations, avoid or minimize disproportionate impacts to disadvantaged or low-income communities or rural areas.",HSC by proxy,Program goals,budget,(4) The Department of Conservation shall prioritize achievement of disadvantaged community benefits when implementing the Multibenefit Land Repurposing Program.,HSC by proxy,Funding prioritization,Section 75250 is added to Division 44 of the Public Resources Code,"(d) (1) The council shall adopt guidelines and selection criteria for the awarding of grants under the program. ...
(3) In developing draft guidelines and selection criteria, the council shall conduct outreach to disadvantaged communities, disadvantaged unincorporated communities, or low-income communities and encourage comments on the draft guidelines and selection criteria from those communities.",HSC by proxy,Community engagement outreach,,,,,,,,,,,,,,Many budgetary provisions
SB 128,Committee on Budget and Fiscal Review,1/8/2021,Suspended,"Assembly Rule 96 suspended.
Withdrawn from committee.
Ordered to third reading.",8/29/2022,Public resources trailer bill.,Governance: of state government,Many budgetary governance measures,Section 44274.10 of the Health and Safety Code is amended,"(f) “Underserved community” means any of the following communities:
...
(2) A community identified as a disadvantaged community by the California Environmental Protection Agency pursuant to Section 39711.",HSC,Defining a community,"Part 5 (commencing with Section 75250) is added to Division 44 of the Public Resources Code, to read:","PART 5. Community Resilience Center Program. 75250. (a) For purposes of this section, the following definitions apply:
...
(2) “Disadvantaged community” means a community identified pursuant to Section 39711 of the Health and Safety Code.",HSC,Defining a community,"Section 42060 of the Public Resources Code, as added by Section 2 of Chapter 75 of the Statutes of 2022, is amended","(d) In adopting regulations pursuant to this section, the department shall ensure the regulations, and activities conducted in accordance with the regulations, avoid or minimize disproportionate impacts to disadvantaged or low-income communities or rural areas.",HSC by proxy,Program goals,didn't have a code,(4) The Department of Conservation shall prioritize achievement of disadvantaged community benefits when implementing the Multibenefit Land Repurposing Program.,HSC by proxy,Funding prioritization,,,,,,,,,,,,,,,,,Same as ab 211,Many budgetary provisions
SB 198,Committee on Budget and Fiscal Review,1/8/2021,Enacted,,6/30/2022,Transportation,"Transportation: Infrastructure (non-EV), Governance: of state government","This bill would revise and recast the funding advance program to authorize, instead of require, the department to advance funds for a transit or passenger rail project or project component when specified conditions exist.... bill establishes transportation infrastructure climate adaptation strategy grant program... lease agreement with CHP... further logistics tasks related to transportation like high-speed passenger train bond, GHG fund allocations, DOT authority",SEC. 11. Section 104.3 is added to the Streets and Highways Code,"(A) (i) A requirement that 100 percent of the program funds are awarded to projects that benefit underserved communities. For purposes of the program, the department shall establish a data-driven definition for underserved communities that may include, but need not be limited to, disadvantaged communities, as identified pursuant to Section 39711 of the Health and Safety Code, and low-income communities, as defined in paragraph (2) of subdivision (d) of Section 39713 of the Health and Safety Code.",HSC,Defining a community,Section 39719 of the Health and Safety Code is amended,"(B) Moneys transferred under this paragraph shall be used for the purpose of facilitating the achievement of reductions of greenhouse gas emissions in this state in accordance with the requirements of Section 39712 or to improve climate change adaptation and resiliency of disadvantaged communities or low-income households or communities, consistent with Division 25.5 (commencing with Section 38500). For purposes of the moneys transferred under this paragraph, a state agency may also comply with the requirements of paragraphs (2) and (3) of subdivision (a) of Section 16428.9 of the Government Code by describing how each proposed expenditure will improve climate change adaptation and resiliency of disadvantaged communities or low-income households or communities.",HSC by proxy,Program eligibility,,,,,,,,,,,,,,,,,,,,,,,,,,transportation bill with many provisions
AB 125,Rivas ,12/18/2020,Filed,From committee: Filed with the Chief Clerk pursuant to Joint Rule 56.,4/12/2021,"Equitable Economic Recovery, Healthy Food Access, Climate Resilient Farms, and Worker Protection Bond Act of 2022.",Agriculture,"bond act to provide funding for ag lands, climate resilience, agriculture professionals, training, air quality, tribes, DACs, nutrition, food aid, meat processing facilities, fishing facilities, and fairgrounds",Division 49 (commencing with section 80700) is added to the Public Resources Code,"(j) “Priority population” means any of the following:
(1) A community identified as a disadvantaged community pursuant to Section 39711 of the Health and Safety Code.",HSC,Defining a community,Section 80755 is added to the Public Resources Code,"80755. (a) Of the moneys made available pursuant to Section 80750, one hundred million dollars ($100,000,000) shall be available to the State Energy Resources Conservation and Development Commission for allocation to accelerate the adoption of energy efficiency and renewable energy technologies at California food processing plants, help California food processors work towards a low-carbon future, and benefit disadvantaged communities and priority populations by reducing emissions of greenhouse gases.",HSC by proxy,Funding prioritization,,,,,,,,,,,,,,,,,,,,,,,,,"defined DACs a different way, without HSC.","bond bill for food system related programs, with some funding prioritized for DACs through the state energy resources conservation and development commission"
SB 846,Dodd,1/13/2022,Enacted,,9/2/2022,Diablo Canyon powerplant: extension of operations,Energy,Provisions to allow for Diablo Canyon powerplant to continue operating past the original retirement dates set and several requirements for analysis and reporting of the plant,Section 454.52 of the Public Utilities Code is amended to read,"454.52. (a) (1) Beginning in 2017, and to be updated regularly thereafter, the commission shall adopt a process for each load-serving entity, as defined in Section 380, to file an integrated resource plan, and a schedule for periodic updates to the plan, and shall ensure that load-serving entities do all of the following:

(I) Minimize localized air pollutants and other greenhouse gas emissions, with early priority on disadvantaged communities identified pursuant to Section 39711 of the Health and Safety Code.",HSC,Program goals,,,,,,,,,,,,,,,,,,,,,,,,,,,,,The inclusion of 39711 doesn't really make a difference here,bill focused on continuing operations of diablo powerplant past a previous retirement
SB 1380,Committee on Judiciary,2/18/2022,Enacted,,6/20/2022,Maintenance of the codes,Governance: of state government,This bill would make nonsubstantive changes in various provisions of the law to effectuate the recommendations made by the Legislative Counsel to the Legislature.,SEC. 89. Section 25214.8.13 of the Health and Safety Code is amended to read:,"25214.8.13. (a) (1) (A) Subject to paragraph (2), each manufacturer, or group of manufacturers, shall do all of the following: report with... (VI) A description of the outreach strategies employed to increase participation, convenience, and collection rates, including dedicated outreach to rural communities, disadvantaged communities, as identified by the California Environmental Protection Agency pursuant to Section 39711, and low-income communities, as defined in paragraph (2) of subdivision (d) of Section 39713, and an assessment of the effectiveness of those outreach strategies.",HSC,Community engagement outreach,Section 75230 of the Public Resources Code is amended,"(g) (1) For recipient transit agencies whose service areas include disadvantaged communities, as identified pursuant to Section 39711 of the Health and Safety Code, at least 50 percent of the total moneys received pursuant to this chapter shall be expended on projects or services that meet the requirements of subdivisions (d), (e), and (f) and benefit the disadvantaged communities, as identified consistent with the guidance developed by the State Air Resources Board pursuant to Section 39715 of the Health and Safety Code.
(2) The requirement of paragraph (1) is waived if the recipient transit agencies expend the funding provided pursuant to this section on any of the following:
(A) New or expanded transit service that connects with transit service serving disadvantaged communities, as identified in Section 39711 of, or in low-income communities, as defined in paragraph (2) of subdivision (d) of Section 39713 of, the Health and Safety Code.",HSC,Program prioritization,Section 75230 of the Public Resources Code is amended,"(s) The Department of Transportation and recipient transit agencies shall comply with the guidelines developed by the State Air Resources Board pursuant to Section 39715 of the Health and Safety Code to ensure that the requirements of Section 39713 of the Health and Safety Code are met to maximize the benefits to disadvantaged communities, as identified pursuant to Section 39711 of the Health and Safety Code.",HSC,Program goals,Section 91.41 of the Streets and Highways Code is amended,"(d) (1) Within six months of the effective date of this section, the department shall develop guidelines, including project selection criteria and program evaluation metrics, to implement the program. The guidelines shall be exempt from the Administrative Procedure Act (Chapter 3.5 (commencing with Section 11340) of Part 1 of Division 3 of Title 2 of the Government Code).
...
(A) A process for allocating no less than 50 percent of the program funds to projects that benefit underserved communities. The department shall establish a definition for underserved communities that may include, but need not be limited to, disadvantaged communities, as identified pursuant to Section 39711 of the Health and Safety Code, and low-income communities, as defined in paragraph (2) of subdivision (d) of Section 39713 of the Health and Safety Code. A project eligible pursuant to this process shall clearly demonstrate a benefit to an underserved community or be directly located in an underserved community.",HSC,Funding prioritization,Section 91.42 of the Streets and Highways Code is amended,"(c) (1) Within six months of the effective date of this section, the department shall develop project selection criteria and program evaluation metrics and identify eligible projects.
(2) The project selection criteria shall include, but shall not be limited to, all of the following:
...
(F) The benefit to underserved communities. The department shall establish a definition for underserved communities that may include, but need not be limited to, disadvantaged communities, as identified pursuant to Section 39711 of the Health and Safety Code, and low-income communities, as defined in paragraph (2) of subdivision (d) of Section 39713 of the Health and Safety Code.",HSC,Program prioritization,Section 62001 of the Government Code is amended,"(e) As an alternative to subdivision (d), an authority may also carry out a community revitalization plan within a community revitalization and investment area if it meets any of the following conditions:
(1) The area is established within a former military base that is principally characterized by deteriorated or inadequate infrastructure and structures. Notwithstanding subdivision (c), the governing board of an authority established within a former military base shall include a member of the military base closure commission as a public member.
(2) The census tracts or census block groups, as defined by the United States Census Bureau, within the area are situated within a disadvantaged community as described in Section 39711 of the Health and Safety Code.",HSC,Program eligibility,,,,,,,,,"identifcal to other bills since it's a catch all bill. i didn't search for DACs separately since there were many iterations and not an overarching ""defining community"" line","Made provisions to existing law, i don't think anything affected DACs"
AB 9,Wood,12/7/2020,Enacted,,9/23/2021,Fire safety and prevention: wildfires: fire adapted communities: Office of the State Fire Marshal: community wildfire preparedness and mitigation.,Climate emergency/natural hazards,"bill would establish in the department the Regional Forest and Fire Capacity Program to support regional leadership to build local and regional capacity and develop, prioritize, and implement strategies and projects that create fire adapted communities and landscapes by improving ecosystem health, community wildfire preparedness, and fire resilience. block grants to organizations working on fire protection, forest health",Section 65302 of the Government Code is amended,"The general plan shall consist of a statement of development policies and shall include a diagram or diagrams and text setting forth objectives, principles, standards, and plan proposals. The plan shall include the following elements:... (4) For purposes of this subdivision, the following terms shall apply:
(A) “Disadvantaged communities” means an area identified by the California Environmental Protection Agency pursuant to Section 39711 of the Health and Safety Code or an area that is a low-income area that is disproportionately affected by environmental pollution and other hazards that can lead to negative health effects, exposure, or environmental degradation.",HSC,Defining a community,Section 65302 of the Government Code is amended,"(h) (1) An environmental justice element, or related goals, policies, and objectives integrated in other elements, that identifies disadvantaged communities within the area covered by the general plan of the city, county, or city and county, if the city, county, or city and county has a disadvantaged community. The environmental justice element, or related environmental justice goals, policies, and objectives integrated in other elements, shall do all of the following:
(A) Identify objectives and policies to reduce the unique or compounded health risks in disadvantaged communities by means that include, but are not limited to, the reduction of pollution exposure, including the improvement of air quality, and the promotion of public facilities, food access, safe and sanitary homes, and physical activity.
(B) Identify objectives and policies to promote civic engagement in the public decisionmaking process.
(C) Identify objectives and policies that prioritize improvements and programs that address the needs of disadvantaged communities.",HSC by proxy,Program goals,,,,,,,,,,,,,,,,,,,,,,,,,I don't think any substantives changes to DACs,"Made wildfire protection and forest health program, nothing affecting DACs"
SB 120,Committee on Budget and Fiscal Review,1/8/2021,Referred,Re-referred to Com. on BUDGET pursuant to Assembly Rule 97.,6/30/2022,Public resources,Governance: of state government,Many provisions to various laws,Section 12802.10 of the Government Code is amended,(2) “Disadvantaged community” means a community identified pursuant to Section 39711 of the Health and Safety Code or pursuant to Section 75005 of the Public Resources Code.,HSC,Defining a community,Section 12802.10 of the Government Code is amended,"(e) The multiple benefits of a project may include, but are not limited to, the establishment or enhancement of at least two of the following: (10) Economic, social, and health benefits, including, but not limited to, recreational opportunities, workforce education and training, contracting, and job opportunities for disadvantaged communities.",HSC by proxy,Program eligibility,Section 12802.10 of the Government Code is amended,"(f) The secretary shall give additional consideration to awarding moneys for a project pursuant to this section that meets at least two of the following criteria:
(1) Provides park or recreational benefits to a critically underserved community or disadvantaged community.
(2) Is proposed by a critically underserved community or disadvantaged community.
(3) Develops partnerships with local community organizations and businesses in order to strengthen outreach to disadvantaged communities, provides access to quality jobs for residents of disadvantaged communities, or provides access to workforce education and training.
(4) Uses interagency cooperation and integration.
(5) Uses existing public lands and facilitates the use of public resources and investments, including schools.",HSC by proxy,"Program prioritization, Funding prioritization",Section 12802.10 of the Government Code is amende,"(g) The secretary shall allocate at least 75 percent of the moneys available for the purposes of this section to projects that are located in, and that provide benefits to, disadvantaged communities.",HSC by proxy,Funding prioritization,,,,,,,,,,,,,,,,,I don't think any substantives changes to DACs,Many codes included here
SB 122,Committee on Budget and Fiscal Review,1/8/2021,Referred,Re-referred to Com. on BUDGET pursuant to Assembly Rule 97.,6/30/2022,Energy,Energy,Energy bill regulations,Chapter 8.9 (commencing with Section 25790) is added to Division 15 of the Public Utilities Code,"25794.2. (a) The commission shall establish a process to expedite review of an application submitted pursuant to this article. The process shall include guidance to the department on determining optimal locations for facilities based on the potential to improve reliability, reduce the occurrence of public safety power shutoffs, decrease the use of high-emission backup power, minimize air pollution, and avoid impacts on disadvantaged communities, as identified pursuant to Section 39711 of the Health and Safety Code.",HSC,Program prioritization,Section 2827.1 of the Public Utilities Code is amended,(1) Ensure that the standard contract or tariff made available to eligible customer-generators ensures that customer-sited renewable distributed generation continues to grow sustainably and include specific alternatives designed for growth among residential customers in disadvantaged communities.,HSC by proxy,Program goals,,,,,,,,,,,,,,,,,,,,,,,,,"Some mention of DAC but no definiing, omitted as it is unclear",Provisions for energy companies 
SB 12,McGuire and Stern,12/7/2020,Held in Committee,June 15 set for first hearing canceled at the request of author.,6/15/2022,Local government: planning and zoning: wildfires,"Climate emergency/natural hazards, Planning","Bill requiring plans to include a comprehensive retrofit strategy to reduce the risk of property loss and damage during wildfires,",Section 65302 of the Government Code is amended,"(A) “Disadvantaged communities” means an area identified by the California Environmental Protection Agency pursuant to Section 39711 of the Health and Safety Code or an area that is a low-income area that is disproportionately affected by environmental pollution and other hazards that can lead to negative health effects, exposure, or environmental degradation.",HSC,Defining a community,Section 65302 of the Government Code is amended,"(h) (1) An environmental justice element, or related goals, policies, and objectives integrated in other elements, that identifies disadvantaged communities within the area covered by the general plan of the city, county, or city and county, if the city, county, or city and county has a disadvantaged community. The environmental justice element, or related environmental justice goals, policies, and objectives integrated in other elements, shall do all of the following:
(A) Identify objectives and policies to reduce the unique or compounded health risks in disadvantaged communities by means that include, but are not limited to, the reduction of pollution exposure, including the improvement of air quality, and the promotion of public facilities, food access, safe and sanitary homes, and physical activity.
(B) Identify objectives and policies to promote civic engagement in the public decisionmaking process.
(C) Identify objectives and policies that prioritize improvements and programs that address the needs of disadvantaged communities.",HSC by proxy,Program goals,,,,,,,,,,,,,,,,,,,,,,,,,,"edits planning zoning law, no changes to DACs"
AB 157,Committee on Budget,1/8/2021,Enacted,,9/27/2022,State government.,Governance: of state government,Many provisions to various laws,Section 53559.1 of the Health and Safety Code is amended,"(d) (1) “Disadvantaged communities” means any of the following:
...
(C) Communities of concern, disadvantaged communities identified pursuant to Section 39711, and low-income communities as defined in subdivision (d) of Section 39713.",HSC,Defining a community,Article 15 (commencing with Section 12100.160) is added to Chapter 1.6 of Part 2 of Division 3 of Title 2 of the Government Code,"(2) Among other things, IIJA authorizes DOE to establish a program to support the development of at least four regional clean hydrogen hubs. IIJA’s regional clean hydrogen hubs program presents an important opportunity for the state to further its clean and renewable technology infrastructure, to solidify itself as a global leader in clean hydrogen, and to create long-term skilled employment opportunities for its residents, including those in historically marginalized and disadvantaged communities.",HSC by proxy,Used as data in support of writing the bill,Section 53559 of the Health and Safety Code is amended,"(B) The department shall, at a minimum, rank the affected catalytic qualifying infill areas applications for small jurisdictions and large jurisdictions based on the following:
...
(viii) The level of community outreach and engagement in project planning, including efforts to involve disadvantaged communities and low-income residents, particularly local community residents and businesses from the area within and surrounding the catalytic qualifying infill area.",HSC by proxy,Community engagement outreach,,,,,,,,,,,,,,,,,,,,,,Relevant to DACs is programs regarding qualifying infill projects
AB 209,Committee on Budget,1/8/2021,Enacted,,9/6/2022,Energy and climate change,"Governance: of state government, Energy, Carbon emissions",Many provisions to various laws,Section 25794.2 of the Public Resources Code is amended,"25794.2. (a) The commission shall establish a process to expedite review of an application submitted pursuant to this article. The process shall include guidance to the department on determining optimal locations for facilities based on the potential to improve reliability, reduce the occurrence of public safety power shutoffs, decrease the use of high-emission backup power, minimize air pollution, and avoid impacts on disadvantaged communities, as identified pursuant to Section 39711 of the Health and Safety Code.",HSC,Program prioritization,,,,,,,,,,,,,,,,,,,,,,,,,,,,,mentions DACs a lot but defined in a different way,"Same as a previous bill, i think no change"
AB 198,Committee on Budget,1/8/2021,Referred,Re-referred to Com. on B. & F.R.,8/1/2022,Transportation,Transportation: transit,Many transportation revisions,"SEC. 11. Section 104.3 is added to the Streets and Highways Code, to read:
","(3) The guidelines shall include, but shall not be limited to, all of the following:
(A) (i) A requirement that 100 percent of the program funds are awarded to projects that benefit underserved communities. For purposes of the program, the department shall establish a data-driven definition for underserved communities that may include, but need not be limited to, disadvantaged communities, as identified pursuant to Section 39711 of the Health and Safety Code, and low-income communities, as defined in paragraph (2) of subdivision (d) of Section 39713 of the Health and Safety Code.",HSC,Funding prioritization,,,,,,,,,,,,,,,,,,,,,,,,,,,,,again DACs mentioned but unclear how defined for some,big transportation bill with many pieces
AB 203,Committee on Budget,1/8/2021,Enacted,,6/30/2022,Public resources,Governance: of state government,Many different amendments,Section 12802.10 of the Government Code is amended,"12802.10. (a) For purposes of this section, the following terms have the following meanings:
(2) “Disadvantaged community” means a community identified pursuant to Section 39711 of the Health and Safety Code or pursuant to Section 75005 of the Public Resources Code.",HSC,Defining a community,Section 12802.10 of the Government Code is amended,"(f) The secretary shall give additional consideration to awarding moneys for a project pursuant to this section that meets at least two of the following criteria:
(1) Provides park or recreational benefits to a critically underserved community or disadvantaged community.
(2) Is proposed by a critically underserved community or disadvantaged community.
(3) Develops partnerships with local community organizations and businesses in order to strengthen outreach to disadvantaged communities, provides access to quality jobs for residents of disadvantaged communities, or provides access to workforce education and training.
(4) Uses interagency cooperation and integration.
(5) Uses existing public lands and facilitates the use of public resources and investments, including schools.",HSC by proxy,"Program prioritization, Funding prioritization",Section 12802.10 of the Government Code is amended,"(e) The multiple benefits of a project may include, but are not limited to, the establishment or enhancement of at least two of the following: (10) Economic, social, and health benefits, including, but not limited to, recreational opportunities, workforce education and training, contracting, and job opportunities for disadvantaged communities.",HSC by proxy,Program eligibility,Section 12802.10 of the Government Code is amended,"(g) The secretary shall allocate at least 75 percent of the moneys available for the purposes of this section to projects that are located in, and that provide benefits to, disadvantaged communities.",HSC by proxy,Funding prioritization,,,,,,,,,,,,,,,,,,Same information regarding DACs as SB 120 which was referred
AB 205,Committee on Budget,1/8/2021,Enacted,,6/30/2022,Energy,"Governance: of state government, Energy","Again, many different energy amendments",Section 25794.2 of the Public Resources Code is amended,"25794.2. (a) The commission shall establish a process to expedite review of an application submitted pursuant to this article. The process shall include guidance to the department on determining optimal locations for facilities based on the potential to improve reliability, reduce the occurrence of public safety power shutoffs, decrease the use of high-emission backup power, minimize air pollution, and avoid impacts on disadvantaged communities, as identified pursuant to Section 39711 of the Health and Safety Code.",HSC,Program prioritization,,,,,,,,,,,,,,,,,,,,,,,,,,,,,,"Same language as AB 209 regarding DACs, both approved?"
SB 126,Committee on Budget,1/8/2021,Suspended,"Assembly Rule 96 suspended.
Withdrawn from committee.
Ordered to third reading.",8/29/2022,Energy and climate change,"Governance: of state government, Energy, Carbon emissions",Many provisions to various laws,Section 25794.2 of the Public Resources Code is amended,"25794.2. (a) The commission shall establish a process to expedite review of an application submitted pursuant to this article. The process shall include guidance to the department on determining optimal locations for facilities based on the potential to improve reliability, reduce the occurrence of public safety power shutoffs, decrease the use of high-emission backup power, minimize air pollution, and avoid impacts on disadvantaged communities, as identified pursuant to Section 39711 of the Health and Safety Code.",HSC,Program prioritization,,,,,,,,,,,,,,,,,,,,,,,,,,,,,,earlier iteration of AB 209. No change to DACs
SB 138,Committee on Budget and Fiscal Review,1/8/2021,Inactive File,Ordered to inactive file on request of Assembly Member Reyes.,8/31/2022,State government.,Governance: of state government,Many provisions to various laws,"SEC. 13. Section 53559.1 of the Health and Safety Code is amended to read:
","(d) (1) “Disadvantaged communities” means any of the following:
...
(C) Communities of concern, disadvantaged communities identified pursuant to Section 39711, and low-income communities as defined in subdivision (d) of Section 39713.",HSC,Defining a community,Article 15 (commencing with Section 12100.160) is added to Chapter 1.6 of Part 2 of Division 3 of Title 2 of the Government Code,"(2) Among other things, IIJA authorizes DOE to establish a program to support the development of at least four regional clean hydrogen hubs. IIJA’s regional clean hydrogen hubs program presents an important opportunity for the state to further its clean and renewable technology infrastructure, to solidify itself as a global leader in clean hydrogen, and to create long-term skilled employment opportunities for its residents, including those in historically marginalized and disadvantaged communities.",HSC by proxy,Used as data in support of writing the bill,Section 53559 of the Health and Safety Code is amended,"(B) The department shall, at a minimum, rank the affected catalytic qualifying infill areas applications for small jurisdictions and large jurisdictions based on the following:
...
(viii) The level of community outreach and engagement in project planning, including efforts to involve disadvantaged communities and low-income residents, particularly local community residents and businesses from the area within and surrounding the catalytic qualifying infill area.",HSC by proxy,Community engagement outreach,,,,,,,,,,,,,,,,,,,,,,earlier version of AB 157
SB 54,Allen,12/7/2020,Enacted,,6/30/2022,"Solid waste: reporting, packaging, and plastic food service ware.",Waste: plastic,"Clarifies what qualifies as recycling at places.  bill would establish the Plastic Pollution Prevention and Packaging Producer Responsibility Act, which would cover certain single-use packaging and plastic single-use food service ware. would impose fees and reporting requirements on producer responsibility organization", Chapter 3 (commencing with Section 42040) is added to Part 3 of Division 30 of the Public Resources Code,"(i) “Disadvantaged community” means an area identified by the California
 Environmental Protection Agency pursuant to Section 39711 of the Health and Safety Code or an area identified as a disadvantaged unincorporated community pursuant to Section 65302.10 of the Government Code.",HSC,Defining a community,section 42051.1 is added to the Public Resources Code,"(j) (1) The plan shall include a budget designed to fully fund the costs necessary to implement this chapter. The budget shall include, but not be limited to, fully funding the plan and all other costs associated with implementing the plan, including, but not limited to, all of the following:... (G) Other investments necessary to implement the plan and achieve the source reduction, recyclability and compostability, recycling rate, and other requirements of this chapter, including, but not limited to, ensuring that plan implementation avoids and minimizes negative environmental or public health impacts on disadvantaged or low-income communities or rural areas.",HSC by proxy,Program prioritization,section 42051.1 is added to the Public Resources Code,(n) The PRO shall ensure that the plan implementation avoids or minimizes negative environmental or public health impacts on disadvantaged or low-income communities or rural areas and vulnerable communities outside the state.,HSC by proxy,Mitigation,section 42053  is added to the Public Resources Code,"(d) A PRO shall structure the fee schedule required pursuant to subdivision (a), delineated by covered material category and based on the following factors:(1) The costs to ensure each covered material category meets the requirements of this chapter. Covered material that is easier and less expensive to 
recycle or compost or that is designed to be recycled into a similar covered material or a material that is easier to be composted shall be subject to lower fees. The costs may include all of the following.(D) Other costs necessary to implement the plan and achieve the source reduction, recyclability and compostability, recycling rate, and other requirements of this chapter, including, but not limited to, ensuring that plan implementation avoids and minimizes negative environmental or public health impacts on disadvantaged or low-income communities or rural areas.",HSC by proxy,Program goals,section 42060 is added to the Public Resources Code,"(d) In adopting regulations pursuant to this section, the department shall ensure the regulations, and activities conducted in accordance with the regulations, avoid or minimize disproportionate impacts to disadvantaged or low-income communities or rural areas.",HSC by proxy,Program goals,section 42064 is added to the Public Resources Code,"(j) (1) Upon appropriation by the Legislature, 40 percent of the moneys in the California Plastic Pollution Mitigation Fund shall be expended by the Department of Fish and Wildlife, the Wildlife Conservation Board, the State Coastal Conservancy, the California Coastal Commission, the Ocean Protection 
Council, the Department of Parks and Recreation, the Natural Resources Agency, and the California Environmental Protection Agency to monitor and reduce the environmental impacts of plastics on terrestrial, aquatic, and marine life and human health, including to restore, recover, and protect the natural environment.
 (2) At least 50 percent of the funds appropriated pursuant to paragraph
 (1) shall provide benefits to residents living in a disadvantaged or 
low-income community or rural areaS",HSC by proxy,Funding prioritization,section 42064 is added to Public Resources Code,"(k) (1) Upon appropriation by the Legislature, 60 percent of the moneys in the California Plastic Pollution Mitigation Fund shall be expended by the Strategic Growth Council, the California Environmental Protection Agency, the Natural Resources Agency, and the Department of Justice to monitor and reduce the historical and current environmental justice and public health impacts of plastics, including to mitigate the historical and current impact of plastics on disadvantaged or low-income communities or rural areas. (2) Of the moneys appropriated pursuant to paragraph (1), 75 percent shall directly and primarily benefit residents living in disadvantaged or low-income communities.",HSC by proxy,Funding prioritization,section 42070 is added to the Public Resources Code,"(a) In implementing this chapter, the department shall establish a producer responsibility advisory board for the purpose of identifying barriers and solutions to creating a circular economy consistent with this chapter and advising the department, producers, and producer responsibility organizations in the implementation of this chapter. The advisory board shall be composed of 13 voting and 3 nonvoting members as provided in the following categories, who shall be appointed by the director...(6) One representative from a disadvantaged or low-income community or rural area.",HSC by proxy,Advisory role,,
AB 154,Ting,1/8/2021,Inactive File,Ordered to inactive file at the request of Senator Skinner.,8/15/2022,Budget Act of 2022,Governance: of state government,"This bill would make appropriations for the support of state government for the 2022–23 fiscal year.
This bill would declare that it is to take effect immediately as a Budget Bill.",budget,"	Provisions:
1.	Of the funds appropriated in this item, $3,000,000 shall be available for the Environmental Enforcement and Training Act of 2002 (Title 13 (commencing with Section 14300) of Part 4 of the Penal Code). These funds shall be available for expenditure notwithstanding subdivision (a) of Section 14303 of the Penal Code.	
(a)	Of this amount, $500,000 shall be allocated to the Environmental Enforcement and Training Account to support education and training programs pursuant to Section 14303 of the Penal Code, with a priority focus on enforcement efforts benefiting disadvantaged communities, low-income communities, and communities of color.	
(b)	Of this amount, $2,500,000 shall be allocated to the Environmental Enforcement and Training Account in accordance with subdivision (b) of Section 14308 of the Penal Code, to fund grants for environmental regulators and community-based non-profit organizations to improve enforcement of environmental violations located in or close to disadvantaged communities. Proposals that include collaboration efforts with community-based organizations that work directly with disadvantaged communities shall receive priority. Funding may be granted to environmental regulators to sub-grant to community-based non-profit organizations. “Disadvantaged community” means an area identified by the California Environmental Protection Agency pursuant to Section 39711 of the Health and Safety Code, an area that is a disadvantaged unincorporated community as defined in subdivision (a) of Section 65302.10 of the Government Code, or a low-income area that is disproportionately affected by environmental pollution or other hazards that can lead to negative health effects, exposure, or environmental degradation",HSC,"Defining a community, Funding prioritization",budget,"5. Of the funds appropriated in Schedule (1), $25,000,000 shall be used for the Listos California Grant program. The Listos California Grant program shall be managed by the Office of Equity, within the Executive Office of the Office of Emergency Services. The grants shall be used to provide accessible and culturally competent outreach and resources with assessment and criteria for allocation of funds prioritized for, but not limited to, geographic areas of greatest all hazard risk and vulnerability as highlighted in and demonstrated by the California State Hazard Mitigation Plan; underresourced communities as defined in Section 39711 of the Health and Safety Code, subdivision (d) of Section 39713 of the Health and Safety Code, or subdivision (g) of Section 75005 of the Public Resources Code. The grants shall be administered consistent with the State Emergency Management System described in Section 8607 of the Government Code, including, but not limited to, being informed by community-based and nongovernmental organizations and local emergency service networks, including county emergency officials. The Office of Equity shall provide eligible organizations within the identified geographic areas an opportunity to apply to the Listos California Grant program. The Department shall report on the expenditure of these funds on or before February 1, 2024, including the following:",HSC,Funding prioritization,,,,,,,,,,,,,,,,,,,,,,,,,"budget bill, earlier iteration. lists budget lines","budget bill, earlier iteration. lists budget lines"
SB 154,Skinner,1/8/2021,Enacted,,6/27/2022,Budget Act of 2022,Governance: of state government,"This bill would make appropriations for the support of state government for the 2022–23 fiscal year.
This bill would declare that it is to take effect immediately as a Budget Bill.",budget,"	Provisions:
1.	Of the funds appropriated in this item, $3,000,000 shall be available for the Environmental Enforcement and Training Act of 2002 (Title 13 (commencing with Section 14300) of Part 4 of the Penal Code). These funds shall be available for expenditure notwithstanding subdivision (a) of Section 14303 of the Penal Code.	
(a)	Of this amount, $500,000 shall be allocated to the Environmental Enforcement and Training Account to support education and training programs pursuant to Section 14303 of the Penal Code, with a priority focus on enforcement efforts benefiting disadvantaged communities, low-income communities, and communities of color.	
(b)	Of this amount, $2,500,000 shall be allocated to the Environmental Enforcement and Training Account in accordance with subdivision (b) of Section 14308 of the Penal Code, to fund grants for environmental regulators and community-based non-profit organizations to improve enforcement of environmental violations located in or close to disadvantaged communities. Proposals that include collaboration efforts with community-based organizations that work directly with disadvantaged communities shall receive priority. Funding may be granted to environmental regulators to sub-grant to community-based non-profit organizations. “Disadvantaged community” means an area identified by the California Environmental Protection Agency pursuant to Section 39711 of the Health and Safety Code, an area that is a disadvantaged unincorporated community as defined in subdivision (a) of Section 65302.10 of the Government Code, or a low-income area that is disproportionately affected by environmental pollution or other hazards that can lead to negative health effects, exposure, or environmental degradation",HSC,"Defining a community, Funding prioritization",budget,"5. Of the funds appropriated in Schedule (1), $25,000,000 shall be used for the Listos California Grant program. The Listos California Grant program shall be managed by the Office of Equity, within the Executive Office of the Office of Emergency Services. The grants shall be used to provide accessible and culturally competent outreach and resources with assessment and criteria for allocation of funds prioritized for, but not limited to, geographic areas of greatest all hazard risk and vulnerability as highlighted in and demonstrated by the California State Hazard Mitigation Plan; underresourced communities as defined in Section 39711 of the Health and Safety Code, subdivision (d) of Section 39713 of the Health and Safety Code, or subdivision (g) of Section 75005 of the Public Resources Code. The grants shall be administered consistent with the State Emergency Management System described in Section 8607 of the Government Code, including, but not limited to, being informed by community-based and nongovernmental organizations and local emergency service networks, including county emergency officials. The Office of Equity shall provide eligible organizations within the identified geographic areas an opportunity to apply to the Listos California Grant program. The Department shall report on the expenditure of these funds on or before February 1, 2024, including the following:",HSC,Funding prioritization,,,,,,,,,,,,,,,,,,,,,,,,,same as AB 154 but passed,requires funding to be prioritized for funds from Listos California Grant program to DACs and for programs working on enforcement of environmental violations working with DACs
SB 840,Skinner,1/10/2022,Inactive File,From printer,1/11/2022,Budget Act of 2022,Governance: of state government,"This bill would make appropriations for the support of state government for the 2022–23 fiscal year.
This bill would declare that it is to take effect immediately as a Budget Bill.",budget,"5. Of the funds appropriated in Schedule (1), $25,000,000 shall be used for the Listos California Grant program. The Listos California Grant program shall be managed by the Office of Equity, within the Executive Office of the Office of Emergency Services. The grants shall be used to provide accessible and culturally competent outreach and resources with assessment and criteria for allocation of funds prioritized for, but not limited to, geographic areas of greatest all hazard risk and vulnerability as highlighted in and demonstrated by the California State Hazard Mitigation Plan; underresourced communities as defined in Section 39711 of the Health and Safety Code, subdivision (d) of Section 39713 of the Health and Safety Code, or subdivision (g) of Section 75005 of the Public Resources Code. The grants shall be administered consistent with the State Emergency Management System described in Section 8607 of the Government Code, including, but not limited to, being informed by community-based and nongovernmental organizations and local emergency service networks, including county emergency officials. The Office of Equity shall provide eligible organizations within the identified geographic areas an opportunity to apply to the Listos California Grant program. The Department shall report on the expenditure of these funds on or before February 1, 2024, including the following:",HSC,Funding prioritization,,,,,,,,,,,,,,,,,,,,,,,,,,,,,,same as SB 154 but an earlier iteration
AB 1624,Ting,1/10/2022,Referred,Referred to Com. on BUDGET.,1/20/2022,Budget Act of 2022,Governance: of state government,"This bill would make appropriations for the support of state government for the 2022–23 fiscal year.
This bill would declare that it is to take effect immediately as a Budget Bill.",budget,"5. Of the funds appropriated in Schedule (1), $25,000,000 shall be used for the Listos California Grant program. The Listos California Grant program shall be managed by the Office of Equity, within the Executive Office of the Office of Emergency Services. The grants shall be used to provide accessible and culturally competent outreach and resources with assessment and criteria for allocation of funds prioritized for, but not limited to, geographic areas of greatest all hazard risk and vulnerability as highlighted in and demonstrated by the California State Hazard Mitigation Plan; underresourced communities as defined in Section 39711 of the Health and Safety Code, subdivision (d) of Section 39713 of the Health and Safety Code, or subdivision (g) of Section 75005 of the Public Resources Code. The grants shall be administered consistent with the State Emergency Management System described in Section 8607 of the Government Code, including, but not limited to, being informed by community-based and nongovernmental organizations and local emergency service networks, including county emergency officials. The Office of Equity shall provide eligible organizations within the identified geographic areas an opportunity to apply to the Listos California Grant program. The Department shall report on the expenditure of these funds on or before February 1, 2024, including the following:",HSC,Funding prioritization,,,,,,,,,,,,,,,,,,,,,,,,,,,,,,
SB 112,Skinner,1/8/2021,Returned to Secretary,Returned to Secretary of Senate pursuant to Joint Rule 56.,2/3/2022,Budget Act of 2021,Governance: of state government,"This bill would make appropriations for the support of state government for the 2021–22 fiscal year.
This bill would declare that it is to take effect immediately as a Budget Bill.",budget,"The funds appropriated in this item are for community hardening to build disaster resistant communities. Of the funds appropriated in this item, $85,000,000 shall be used to cover a portion or the full share that local governments must pay to participate in the federal hazard mitigation grant program. Only under-resourced communities, as defined in Section 39711 of the Health and Safety Code, subdivision (d) of Section 39713 of the Health and Safety Code, or subdivision (g) of Section 75005 of the Public Resources Code, shall be eligible for this funding.",HSC,Program eligibility,,,,,,,,,,,,,,,,,,,,,,,,,,,,,,"2021 budget bill, only underresourced communities including DACs are eligible for grants for community hardening for disaster resistant communities"
AB 474,Chau,2/8/2021,Enacted,,10/7/2021,California Public Records Act: conforming revisions,Governance: of programs,"The California Public Records Act requires state and local agencies to make their records available for public inspection, unless an exemption from disclosure applies.
This bill would enact various conforming and technical changes related to another bill, AB 473, which recodifies and reorganizes the California Public Records Act. ",Section 62001 of the Government Code is amended,"(e) As an alternative to subdivision (d), an authority may also carry out a community revitalization plan within a community revitalization and investment area if it meets either of the following conditions:
...
(2) The census tracts or census block groups, as defined by the United States Census Bureau, within the area are situated within a disadvantaged community as described in Section 39711 of the Health and Safety Code.",HSC,Program eligibility,,,,,,,,,,,,,,,,,,,,,,,,,,,,,"i didn't search for DACs separately since there were many iterations and not an overarching ""defining community"" line","Made provisions to existing law, i don't think anything affected DACs"
AB 128,Ting,1/8/2021,Enacted,,6/28/2021,Budget Act of 2021,Governance: of state government,"This bill would make appropriations for the support of state government for the 2021–22 fiscal year.
This bill would declare that it is to take effect immediately as a Budget Bill.",budget,"The funds appropriated in this item are for community hardening to build disaster resistant communities. Of the funds appropriated in this item, $85,000,000 shall be used to cover a portion or the full share that local governments must pay to participate in the federal hazard mitigation grant program. Only under-resourced communities, as defined in Section 39711 of the Health and Safety Code, subdivision (d) of Section 39713 of the Health and Safety Code, or subdivision (g) of Section 75005 of the Public Resources Code, shall be eligible for this funding.",HSC,Program eligibility,,,,,,,,,,,,,,,,,,,,,,,,,,,,,,"2021 budget bill, only underresourced communities including DACs are eligible for grants for community hardening for disaster resistant communities"
AB 1374,Mullin,2/17/2023,Filed,From committee: Filed with the Chief Clerk pursuant to Joint Rule 56,2/1/2024,Greenhouse Gas Reduction Fund: investment plan.,Carbon emissions,"Existing law requires the investment plan to allocate, among other things, a minimum of 25% of the available moneys in the fund to projects located within, and benefiting individuals living in, disadvantaged communities and an additional minimum of 5% to projects that benefit low-income households or to projects located within, and benefiting individuals living in, low-income communities located anywhere in the state.
This bill would increase those amounts from 25% to 50% and from 5% to 15%.",Section 39713 of the Health and Safety Code is amended,"(a) The investment plan developed and submitted to the Legislature pursuant to Section 39716 shall allocate a minimum of 25 50 percent of the available moneys in the fund to projects located within the boundaries of, and benefiting individuals living in, communities described in Section 39711.",HSC,Funding prioritization,Section 39713 of the Health and Safety Code is amended,"(c) The investment plan shall allocate a minimum of 5 percent of the available moneys in the fund either to projects that benefit low-income households that are outside of, but within one-half mile of, communities described in Section 39711, or to projects located within the boundaries of, and benefiting individuals living in, low-income communities that are outside of, but within one-half mile of, communities described in Section 39711.",HSC,Funding prioritization,,,,,,,,,,,,,,,,,,,,,,,,,,bill to increase funding for communities up to 50% and minimum 5% for communities living nearby
AB 1525,Bonta,2/17/2023,"Amended out of the bill, Filed",From committee: Filed with the Chief Clerk pursuant to Joint Rule 56.,2/1/2024,Transportation projects: priority populations.,Transportation: Infrastructure (non-EV),"bill would require department of transportation and commission to develop and adopt criteria and evaluation process for evaluating each agency to determine if the project would be in a priority population, address a need, and provide direct, meaningful benefit",Section 13986 is added to the Government Code,"(2)“Priority population” means any of the following areas:

(A)An area identified as among the most disadvantaged 25 percent in the state according to the most recent update to the California Communities Environmental Health Screening tool, also known as CalEnviroScreen.",CES,Defining a community,,,,,,,,,,,,,,,,,,,,,,,,,,,,,,"amended out the part about CES, instead priority populations will be defined on their own terms during the implementation"
AB 824,"Calderon, Friedman, Archuleta",2/13/2023,Held in Committee,In committee: Held under submission.,9/1/2023,Highway greening: statewide strategic plan.,Greening,"This bill would enact the Highway Greening Act, which would require the department to complete a statewide strategic plan, as specified, to work to achieve at least a 10% increase of green highways, as defined, in urban areas, disadvantaged communities, and low-income communities by 2035. The bill would require the department to submit the plan to the Legislature and specified committees of the Legislature on or before June 30, 2025. ",Section 22701 is added to Division 15 of the Streets and Highways Code,"22701. For purposes of this part, the following terms have the following meanings:
(a) “Disadvantaged community” means a disadvantaged community identified by the California Environmental Protection Agency pursuant to Section 39711 of the Health and Safety Code.",HSC,Defining a community,Section 22702 is added to Division 15 of the Streets and Highways Code,"22702. (a) (1) The department shall complete a statewide strategic plan, in consultation with the Department of Fish and Wildlife, Forestry and Fire Protection, appropriate nonprofit organizations, cities, counties, other local governments of urban areas, disadvantaged communities, and low-income communities, to work to achieve at least a 10-percent increase of green highways in covered urban areas by 2035, with priority for increasing green highways in disadvantaged and low-income communities.",HSC,Program prioritization,Section 22702 is added to Division 15 of the Streets and Highways Code,"the statewide strategic plan shall only consider plants native to California while including recommendations for all of the following:...
(E) Sustainable green highway expansion within disadvantaged communities and low-income communities.
(F) Measures to reduce or eliminate net loss of any existing green highways.
(G) Reasonable maintenance methods that do not further negative health impacts on disadvantaged communities or low-income communities and minimize usage of pesticides when providing care.",HSC by proxy,Program goals,,,,,,,,,,,,,,,,,,,,,,Highway greening act with priority for DACs
AB 1642,Gipson,2/17/2023,Held in Committee,,9/5/2023,School facilities: master plan for green schoolyards: greening programs.,Greening,"would require state department of education, natural resources agency, and other offices to facilitate an interagency and stakeholder engagement process for a master plan of green schoolyears following best practicess","Article 3.5 (commencing with Section 17607) is added to Chapter 5 of Part 10.5 of Division 1 of Title 1 of the Education Code, to read:
Article  3.5. Master Plan for Green Schoolyards
17607","(f) For the purpose of this section, the following definitions apply:
(1) “In-need education facility” means a schoolsite of a local educational agency in which either of the following apply:
(A) A schoolsite located in a disadvantaged community, as identified in Section 39711 of the Health and Safety Code, or a low-income community, as defined in paragraph (2) of subdivision (d) of Section 39713 of the Health and Safety Code.
(B) A schoolsite in which 70 percent or more of the pupils are eligible for free or reduced-price meals, as defined in Section 42238.01.",HSC,Defining a community," Section 17607 is added to Chapter 5 of Part 10.5 of Division 1 of Title 1 of the Education Code
Article  3.5. Master Plan for Green Schoolyards
17607","(2) Inventory and map in-need education facilities in the state, categorized according to the level vulnerability of those facilities to extreme heat.",HSC by proxy,Requires CES to be used in analysis," Section 17607 is added to Chapter 5 of Part 10.5 of Division 1 of Title 1 of the Education Code
Article  3.5. Master Plan for Green Schoolyards
17607","(3) Recommend a statewide goal for the number of schools with green schoolyards to be achieved by a specified date. This goal shall prioritize green schoolyards for in-need education facilities that are the most vulnerable to extreme heat, as identified in paragraph (2)",HSC by proxy,Program prioritization,,,,,,,,,,,,,,,,,,,,,,schoolyard greening plan with priority for in-need education facilities most vulnerable to extreme heat
AB 593,Haney,2/9/2023,Held in Committee,,8/15/2024,Carbon emission reduction strategy: building sector.,Energy,"require commission to adopt a strategy to reduce emissions of GHG for the building sector. requirement of consulting with certain eities, hold at least 2 public workshops, and convene stakeholder sessions",Section 25403.7 is added to the Public Resources Code,"(c) The commission shall ensure that the strategy does all of the following:
(5) Prioritizes the needs of low-income communities, as defined in Section 39713 of the Health and Safety Code, and disadvantaged communities, as identified pursuant to Section 39711 of the Health and Safety Code or as defined in Section 75005, including by identifying necessary tenant protections and reducing barriers for low-income individuals.",HSC,Program goals,,,,,,,,,,,,,,,,,,,,,,,,,,,,,,includes the needs of DACs as priority in strategy of reducing GHGs in building sector
AB 126,Reyes,1/9/2023,Enacted,,10/7/2023,Vehicular air pollution: Clean Transportation Program: vehicle registration and identification plate service fees: smog abatement fee: extension.,Transportation: ZEV,"bill would require the annual allocation described above to instead be no less than 15% of the moneys appropriated by the Legislature from the Alternative and Renewable Fuel and Vehicle Technology Fund from revenues attributable to specified sources, would require the commission to make that allocation only until July 1, 2030, and would impose other specified requirements. The bill would also delete the requirements that the hydrogen-fueling stations be publicly available and that there be at least 100 hydrogen-fueling stations operating in the state. purpose of the program is to fund air quality improvement projects relating to zero-emission fuel and vehicle technologies and that the primary purpose of the program is to fund projects to reduce criteria air pollutants in the logistics, goods movement, off-road, warehouse, and port sectors, improve air quality in nonattainment basins, with a priority for projects located in the areas of extreme nonattainment",SECTION 1. Section 43018.9 of the Health and Safety Code is amended to read:,(2) Fifty percent of the allocated funds related to paragraph (1) shall be used to fund hydrogen-fueling stations that directly benefit or serve residents of low-income communities and disadvantaged communities as defined by CalEnviroScreen.,CES,Funding prioritization,"Section 44125 of the Health and Safety Code is amended to read:
","(7) Cost-effectiveness and impacts on disadvantaged and low-income populations are considered. Program eligibility may be limited on the basis of income to ensure the program adequately serves persons of low or moderate income... (9) If applicable, there is improved coordination, integration, and partnerships with other programs that target disadvantaged communities and receive moneys from the Greenhouse Gas Reduction Fund, created pursuant to Section 16428.8 of the Government Code.",CES by proxy,"Program goals, Mitigation","Section 44272.1 is added to the Health and Safety Code, to read:
","(a) On and after January 1, 2025, the commission shall expend at least 50 percent of the moneys appropriated to the Clean Transportation Program on programs and projects that directly benefit or serve residents of disadvantaged and low-income communities and low-income Californians.",CES by proxy,Funding prioritization,Section 44272.1 is added to the Health and Safety Code,"(b) Eligible programs and projects that meet the equity criteria described in subdivision (a) may include, but are not limited to, any of the following:
...
(2) Programs deploying publicly accessible or shared charging or refueling stations serving low-income customers who reside in disadvantaged and low-income communities, including programs to promote zero-emission car sharing, zero-emission transit, or vanpooling in those communities.
...
(4) Programs that support the deployment of clean medium- and heavy-duty vehicles, including infrastructure deployment and other programs to displace local air pollution that disproportionately burdens disadvantaged and low-income communities.
(5) Financing assistance and charging, or fueling incentives for customers residing in disadvantaged and low-income communities.",CES by proxy,"Funding prioritization, Program prioritization",Section 44272.1 is added to the Health and Safety Code,(c) The commission shall consult with the disadvantaged community advisory group established pursuant to Section 400 of the Public Utilities Code and the advisory body created pursuant to Section 44272.5 to ensure that this section is effectively implemented.,CES by proxy,Advisory role,,,,,,,,,,,,,,"Created adjustments to EV program, requiring commission to prioritize funding air quality projects in disadvantaged areas"
SB 507,Gonzalez,2/14/2023,Returned to Secretary,Returned to Secretary of Senate pursuant to Joint Rule 56.,2/1/2024,Electric vehicle charging station infrastructure: assessments.,Transportation: ZEV,"would instead establish a goal of putting at least 8,000,000 zero-emission vehicles on California roads by 2030 for purposes of the statewide assessment and would require the Energy Commission to also assess the electric vehicle charging infrastructure needed to support the levels of electric vehicle adoption required for the state to meet the goal of ensuring 100% of new cars and light trucks sold in California are zero-emission vehicles by 2035, and evaluate the electric vehicle charging infrastructure needs of specified use cases to ensure an equitable deployment of electric vehicle charging infrastructure. require the Energy Commission to also assess whether Level 2 electric vehicle charging stations are disproportionately distributed, whether drivers whose homes are located in rural or urban communities have disproportionate access to charging station infrastructure, whether homes have equal access to electrical panel capacity sufficient to support at-home charging, and whether charging station infrastructure necessary to fulfill the requirements of the California Clean Miles Standard and Incentive Program has been disproportionately distributed.",Section 25229 of the Public Resources Code is amended to read:,"(2) The assessment shall include numerical estimates of need for low-income communities as defined in Section 39713 of the Health and Safety Code, disadvantaged communities identified pursuant to Section 39711 of the Health and Safety Code, and low-income households as defined in Section 39713 of the Health and Safety Code for purposes of the use cases described in paragraph (1).",HSC,Requires CES to be used in analysis,Section 25229 of the Public Resources Code is amended to read:,"(d) As part of the assessment, the commission, in consultation with stakeholders, shall identify workforce development and training resources needed to meet the goals described in subdivision (a). These resources shall include, but are not limited to, qualified apprenticeships, on-the-job training programs, and other training opportunities that build career pipelines in the zero-emission transportation sector and provide long-term employment in disadvantaged communities.",HSC by proxy,Program prioritization,,,,,,,,,,,,,,,,,,,,,,,,,,"law making adjustments to EV charging, including looking at the effects and needs of DACs"
AB 2086,Schiavo,2/5/2024,"Amended out of the bill, Enacted",,9/27/2024,Transportation funding: California Transportation Plan: public dashboard.,Transportation: transit,"bill would require the California Transportation Plan to also include a financial element that summarizes the full cost of plan implementation through the first 10 years of the planning period and includes a summary of available revenues through the planning period and an analysis of what is feasible within the plan if constrained by a realistic projection of available revenues, as specified.
This bill would require the department to enhance an existing public online dashboard on or before January 1, 2027, to display how annual project investments from specified transportation funding programs are advancing the vision and goals of the California Transportation Plan, using performance metrics determined by the department for each funding program",,,,,,,,,,,,,,,,,,,,,,,,,,,,,,,,,,Can't find the DAC/CES provisions that were amended out since it has now been signed
AB 2403,Bonta,2/12/2024,"Amended out of the bill, Enacted",,9/27/2024,Community colleges: student equity plan.,Education and workforce,,,,,,,,,,,,,,,,,,,,,,,,,,,,,,,,,,,Can't find the DAC provisions that were amended out since it has now been signed
AB 2537,Addis,2/13/2024,"Amended out of the bill, Vetoed",,9/22/2024,Energy: Voluntary Offshore Wind and Coastal Resources Protection Program: community capacity funding activities and grants.,"Energy, Community development grants",,,,,,,,,,,,,,,,,,,,,,,,,,,,,,,,,,,Can't find the DAC provisions that were amended out since it has now been signed
AB 2779,Petrie-Norris,2/15/2024,"Amended out of the bill, Enacted",,9/27/2024,Independent System Operator: transmission planning.,Energy,,,,,,,,,,,,,,,,,,,,,,,,,,,,,,,,,,,Can't find the DAC provisions that were amended out since it has now been signed
AB 2783,Alvarez,2/15/2024,"Amended out of the bill, Filed",In Assembly. Concurrence in Senate amendments pending.,9/1/2024,San Diego Unified Port District.,Ports,,,,,,,,,,,,,,,,,,,,,,,,,,,,,,,,,,,Can't find the DAC provisions that were amended out since it has now been signed
AB 2147,Mathis,2/6/2024,Held in Committee,,5/16/2024,Clean Transportation Program: hydrogen-fueling stations: report: job creation and workforce development,"Transportation: ZEV, Energy, Education and workforce",requires State Energy Resources Conservation and Development Commission and ARB to review and report on progress made on job creation and workforce development in support of hydrogen fueling and workforce training programs,Section 43018.9 of the Health and Safety Code is amended,"(e) (1) The commission shall allocate no less than 15 percent annually of the moneys appropriated by the Legislature from the Alternative and Renewable Fuel and Vehicle Technology Fund, established pursuant to Section 44273, attributable to the fees deposited into the fund pursuant to Section 44060.5 of this code and Sections 9250.1 and 9261.1 of the Vehicle Code until July 1, 2030, under the Clean Transportation Program to fund hydrogen-fueling stations to support hydrogen-fueled vehicles until there is a sufficient network of hydrogen-fueling stations, which includes all types available, in operation in California to support existing and expected hydrogen-fueled vehicles, that aligns with the state greenhouse gas reduction goals and plan pursuant to Sections 38561, 38562.2, and 38566, as determined by the commission, in consultation with the state board.
(2) Fifty percent of the allocated funds related to paragraph (1) shall be used to fund hydrogen-fueling stations that directly benefit or serve residents of low-income communities and disadvantaged communities as defined by CalEnviroScreen.",CES,Funding prioritization,,,,,,,,,,,,,,,,,,,,,,,,,,,,,,50% of the funds for alternative and renewable fuel and vehicle technology fund to go to hydrogen-fueling stations that directly benefit or serve residents of low-income communities and DACs
AB 2535,Bonta,2/13/2024,"Held in Committee, Amended out of the bill",,5/16/2024,Trade Corridor Enhancement Program.,Transportation: Infrastructure (non-EV),"require the commission, the Department of Housing and Community Development, and the State Air Resources Board to create guidance for the programming of projects under the Trade Corridor Enhancement Program that expand the physical footprint of a highway in a community in the highest 10% of CalEnviroScreen communities. Commencing January 1, 2028, the bill would require this guidance to be incorporated into the programming cycle. The bill would require the applicant agency, as a condition of commission funding for design, right-of-way, and capital construction costs, to complete the applicable requirements of the California Environmental Quality Act and the federal National Environmental Policy Act of 1969 within 6 months of the commission adopting the program of projects. The bill would also require the commission to establish percentage targets for funds allocated under the program to be allocated to investments in zero-emission freight infrastructure, with an initial target of 15% of program funds awarded being awarded to investments in zero-emission freight infrastructure to be increased by 5% each cycle until it reaches 50%, as provided.",Section 2192 of the Streets and Highways Code is amended,"(d) (1) Projects funded with revenues identified in paragraph (1) of subdivision (a) shall be consistent with Article XIX of the California Constitution.
(2) Commencing January 1, 2025, the commission, the Department of Housing and Community Development, and the State Air Resources Board shall create guidance for the programming of projects that expand the physical footprint of a highway to address the impact on the highest 10 percent of CalEnviroScreen communities. This guidance shall be incorporated into the programming cycle, starting January 1, 2028.",CES,Program eligibility,,,,,,,,,,,,,,,,,,,,,,,,,,,,,"Amended out: (2) (A)In adopting a program of projects pursuant to paragraph (1), the commission shall prioritize projects jointly nominated and jointly funded by the state and local agencies. In considering geographic balance for the overall program, the commission may adjust the corridor-based targets in subparagraph (A) of paragraph (1) to account for projects programmed pursuant to subparagraph (B) of paragraph (1).
(B)If absolute levels of diesel particulate matter in a community that ranks in the highest quintile in CalEnviroScreen for disproportionate burdens from diesel particulate matter in 2024 do not decline by 50 percent below 2024 levels by 2030, as determined by the Office of Environmental Health Hazard Assessment, then the commission shall, when programming projects in that community, only program projects that result in a net decrease in diesel particulate emissions in that community on or after January 1, 2030.",requires freeway expansion projects happening in the top 10% of CES scores to go through CEQA and NEPA and for program funds to be allocated towards zero-emission freight infrastructure
AB 2600,Calderon,2/14/2024,Held in Committee,,5/16/2024,Urban forestry: school greening projects: grants.,Greening,requires funds appropriated to the Department of Forestry and Fire Protection to be adminstered for school greening through grants,Section 4799.12.1.5 is added to the Public Resources Code,"(2) “In-need education facility” means a schoolsite of a local educational agency in which either of the following apply:
(A) A schoolsite located in a disadvantaged community, as identified in Section 39711 of the Health and Safety Code, or a low-income community, as defined in paragraph (2) of subdivision (d) of Section 39713 of the Health and Safety Code.",HSC,Defining a community,Section 4799.12.1.5 is added to the Public Resources Code,(e) Not less than 80 percent of funds made available for grants pursuant to this section shall be designated for in-need education facilities if sufficient applications for in-need education facilities are received and qualify for the grants.,HSC by proxy,Funding prioritization,,,,,,,,,,,,,,,,,,,,,,,,,started as energy:fluorinated refrigerants,"greening program through grant program for schools. requires at least 80% of funds to be for in-need education facilities, which can include those in DACs"
AB 408,Introduced by Assembly Members Wilson and Connolly,2/2/2023,Held in Committee,,9/1/2023,"Climate-resilient Farms, Sustainable Healthy Food Access, and Farmworker Protection Bond Act of 2024",Agriculture,"would enact the Climate-resilient Farms, Sustainable Healthy Food Access, and Farmworker Protection Bond Act of 2024, which, if approved by the voters, would authorize the issuance of bonds in the amount of $3,650,000,000 pursuant to the State General Obligation Bond Law, to finance programs related to, among other things, agricultural lands, food and fiber infrastructure, climate resilience, agricultural professionals, including farmers, ranchers, and farmworkers, workforce development and training, air quality, tribes, disadvantaged communities, nutrition, food aid, meat processing facilities, and fishing facilities.
The bill would make its provisions severable.",Section 80702 is added to the Public Resources Code,"(j) “Priority population” means any of the following:
(1) A community identified as a disadvantaged community pursuant to Section 39711 of the Health and Safety Code.",HSC,Defining a community,Section 80754 is added to the Public Resources Code,"80754. (a) Of the moneys made available pursuant to Section 80750, one hundred ten million dollars ($110,000,000) shall be available to the State Energy Resources Conservation and Development Commission for allocation to accelerate the adoption of energy-efficient and renewable energy technologies at California food processing plants, help California food processors work towards a low-carbon future, and benefit disadvantaged communities and priority populations by reducing emissions of greenhouse gases.",HSC by proxy,Program prioritization,,,,,,,,,,,,,,,,,,,,,,,,,Disadvantaged communities are defined differently/not with HSC ,"prioritizes funding for many things related to energy efficiency in food processing, as well as benefit DACs and priority populations by reducing emissions of GHG"
SB 1227,Wiener,2/15/2024,Held in Committee,,5/16/2024,Real property development: San Francisco: downtown revitalization zone: welfare tax exemption and California Environmental Quality Act exemption and streamlining.,Planning,bill would exempt projects in the downtown revitalization zone of San Francisco from CEQA requirements,Section 21189.100 is added to the Public Resources Code,21189.100 (c) “Disadvantaged community” means an area identified by the California Environmental Protection Agency pursuant to Section 39711 of the Health and Safety Code.,HSC,Defining a community,Section 21189.109 is added to the Public Resources Code,"21189.109. (a) A project certified pursuant to this section shall meet all of the following:
(1) Avoid or minimize significant environmental impacts in a disadvantaged community. (2) Mitigation measures required pursuant to this division shall be undertaken in, and directly benefit, the affected community.
(3) Avoid substantial adverse change to the significance of a historical or cultural resource.",HSC by proxy,Mitigation,,,,,,,,,,,,,,,,,,,,,,,,,,"exempts projects in downtown SF from CEQA, streamlining development. says developments should avoid or minimize significant environmental impacts in a DAC"
AB 617,Garcia,2/14/2017,Enacted,,7/26/2017,Nonvehicular air pollution: criteria air pollutants and toxic air contaminants.,Air pollution/quality (nonvehicular),"This bill would require the state board to develop a uniform statewide system of annual reporting of emissions of criteria air pollutants and toxic air contaminants for use by certain categories of stationary sources. The bill would require those stationary sources to report their annual emissions of criteria air pollutants and toxic air contaminants, as specified. Requires the board to prepare monitoring plan regarding technologies... requires the board to select highest priority locations for community air monitoring systems... requires air district containing a selected location to deploy system... authorize air district to require a stationary source that emits air pollutants in, or affect, a fence-line monitoring system. increases duties of air districts with imposed state-mandated local program. Requires state board to prepare and update at least every 5 years. Bill requires district in nonattainment to adopt expedited schedule for implementation... requires state board to establish and maintain statewide clearinghouse",Section 42705.5 and Section 44391.2 is added to the Health and Safety Code,(2) “Disadvantaged community” means a community identified as disadvantaged pursuant to Section 39711.,HSC,Defining a community,"Section 42705.5 is added to the Health and Safety Code, to read:","(c) Based on findings and recommendations in the monitoring plan prepared pursuant to subdivision (b), the state board shall select, concurrent with the monitoring plan, in consultation with the districts and based on an assessment of the locations of sensitive receptors and disadvantaged communities, the highest priority locations around the state to deploy community air monitoring systems, which shall be communities with high exposure burdens for toxic air contaminants and criteria air pollutants. By July 1, 2019, any district containing a location selected pursuant to this subdivision shall deploy a community air monitoring system in the selected location or locations. In implementing this subdivision, the district may require any stationary source that emits pollutants in, or that materially affect, the highest priority locations identified pursuant to this subdivision to deploy a fence-line monitoring system or other appropriate real-time, on-site monitoring, taking into account technical capabilities, cost, and the degree to which additional data would materially contribute to an understanding of community risk.",HSC,Program eligibility,Section 44391.2 is added to the Health and Safety Code,"(1) An assessment and identification of communities with high cumulative exposure burdens for toxic air contaminants and criteria air pollutants. The assessment shall prioritize disadvantaged communities and sensitive receptor locations based on one or more of the following: best available modeling information, existing air quality monitoring information, existing public health data based on consultation with the Office of Environmental Health Hazard Assessment, and the monitoring results obtained pursuant to Section 42705.5.",HSC,Program prioritization,Section 44391.2 is added to the Health and Safety Code,"(3) An assessment of whether a district should update and implement the risk reduction audit and emissions reduction plan developed pursuant to Section 44391 for any facility to achieve emission reductions commensurate with its relative contribution, if the facility’s emissions either cause or significantly contribute to a material impact on a sensitive receptor location or disadvantaged community, based on any data available for assessment pursuant to paragraph (1) of subdivision (b) or other relevant data.",HSC,"Mitigation, Program eligibility",,,,,,,,,,,,,,,,,,created the community emissions reduction plans and requires air districts to work with these groups in nonattainment areas
SB 1000,Leyva,2/10/2016,Enacted,,9/24/2016,Land use: general plans: safety and environmental justice.,Planning,bill adds environmental justice elements or related goals policies and objectives that identifies DACs. the element or other policies are required to identify objectives to reduce unique or compounded health risks in DACs and identify objectives to promote civil engagement,Section 65302 of the Government Code is amended,"(4) For purposes of this subdivision, the following terms shall apply:
(A) “Disadvantaged communities” means an area identified by the California Environmental Protection Agency pursuant to Section 39711 of the Health and Safety Code or an area that is a low-income area that is disproportionately affected by environmental pollution and other hazards that can lead to negative health effects, exposure, or environmental degradation.",HSC,Defining a community,Section 65302 of the Government Code is amended,"(h) (1) An environmental justice element, or related goals, policies, and objectives integrated in other elements, that identifies disadvantaged communities within the area covered by the general plan of the city, county, or city and county, if the city, county, or city and county has a disadvantaged community. The environmental justice element, or related environmental justice goals, policies, and objectives integrated in other elements, shall do all of the following:
(A) Identify objectives and policies to reduce the unique or compounded health risks in disadvantaged communities by means that include, but are not limited to, the reduction of pollution exposure, including the improvement of air quality, and the promotion of public facilities, food access, safe and sanitary homes, and physical activity.
(B) Identify objectives and policies to promote civil engagement in the public decisionmaking process.
(C) Identify objectives and policies that prioritize improvements and programs that address the needs of disadvantaged communities.",HSC by proxy,Program goals,,,,,,,,,,,,,,,,,,,,,,,,,yes it was duplicated,created the environmental justice element requirement in general plans
SB 535,De León,2/17/2011,Enacted,,9/30/2012,California Global Warming Solutions Act of 2006: Greenhouse Gas Reduction Fund,Community development grants,"This bill would require the California Environmental Protection Agency to identify disadvantaged communities for investment opportunities, as specified. The bill would require the Department of Finance, when developing a specified 3-year investment plan, to allocate 25% of the available moneys in the Greenhouse Gas Reduction Fund to projects that provide benefits to disadvantaged communities, as specified, and to allocate a minimum of 10% of the available moneys in the Greenhouse Gas Reduction Fund to projects located within disadvantaged communities, as specified. The bill would require the Department of Finance, when developing funding guidelines, to include guidelines for how administering agencies should maximize benefits for disadvantaged communities. The bill would require administering agencies to report to the Department of Finance, and the Department of Finance to include in a specified report to the Legislature, a description of how administering agencies have fulfilled specified requirements relating to projects providing benefits to, or located in, disadvantaged communities.",Created Section 39711 in HSC,"39711. The California Environmental Protection Agency shall identify disadvantaged communities for investment opportunities related to this chapter. These communities shall be identified based on geographic, socioeconomic, public health, and environmental hazard criteria, and may include, but are not limited to, either of the following:
(a) Areas disproportionately affected by environmental pollution and other hazards that can lead to negative public health effects, exposure, or environmental degradation.
(b) Areas with concentrations of people that are of low income, high unemployment, low levels of homeownership, high rent burden, sensitive populations, or low levels of educational attainment.","HSC, since CES was not formed yet!",,,,,,,,,,,,,,,,,,,,,,,,,,,,,,,
SB 673,Lara,2/27/2015,Enacted,,10/8/2015,Hazardous waste,Waste: hazardous,"The Hazardous Waste Control Law, among other things, authorizes the Department of Toxic Substances Control to regulate the generation and disposal of hazardous waste.
  This bill would require the department, by January 1, 2018, to establish or update criteria for use in determining whether to issue a new or modified hazardous waste facilities permit or a renewal of a hazardous waste facilities permit, and to develop and implement, by July 1, 2018, programmatic reforms designed to improve the protectiveness, timeliness, legal defensibility, and enforceability of the department’s permitting program.",Section 25200.23 is added to the Health and Safety Code,"On or before July 1, 2018, the department shall develop and implement programmatic reforms designed to improve the protectiveness, timeliness, legal defensibility, and enforceability of the department’s permitting program, including strengthening environmental justice safeguards, enhancing enforcement of public health protections, and increasing public participation and outreach activities. In accomplishing these reforms, the department shall do all of the following:
...
(d) Enhance public involvement using procedures that provide for early identification and integration of public concerns into permitting decisions, including concerns of communities identified pursuant to Section 39711.",HSC,Community engagement outreach,,,,,,,,,,,,,,,,,,,,,,,,,,,,,,requires 39711 communities to have concerns heard and integrated early in permitting decisions
SB 1072,Leyva,2/12/2018,Enacted,,9/13/2018,Regional Climate Collaborative Program: technical assistance,"Community development grants, Carbon emissions","This bill, until October 1, 2029, would establish a regional climate collaborative program, to be administered by the council, to assist under-resourced communities, as defined, in a region to access statewide public and other grant moneys, as specified, for climate change mitigation and adaptation projects by establishing collaboratives, as specified. The bill would authorize the council to award specified annual grants to collaboratives for specified activities.
This bill, by July 1, 2020, would require the council to develop technical assistance guidelines that a state agency would be authorized to use in delivering its technical assistance resources or in developing additional technical assistance policies, standards, or guidelines, as specified.",Part 3.6 (commencing with Section 71130) is added to Division 34 of the Public Resources Code,"(g) “Under-resourced community” means a community identified pursuant to Section 39711 of the Health and Safety Code, subdivision (d) of Section 39713 of the Health and Safety Code, or subdivision (g) of Section 75005.",HSC,Defining a community,Section  71131 is added to Division 34 of the Public Resources Code," (a) A regional climate collaborative program is hereby established to be administered by the council to assist under-resourced communities within a region to access statewide public and other grant moneys.
(b) The council shall do all of the following in identifying eligible under-resourced communities and in selecting collaboratives:
(1) Adopt program guidelines that establish criteria for the selection of communities eligible for assistance in developing a collaborative. The program guidelines shall prioritize statewide geographic diversity and shall consider the region’s proportion of under-resourced communities and the region’s previous success in receiving competitive state climate change mitigation and adaptation moneys.",HSC by proxy,Program eligibility,Section  71131 is added to Division 34 of the Public Resources Code,"(g) After being selected by the council, a collaborative shall provide capacity building services to assist in building the community-driven leadership, knowledge, skills, experience, and resources to identify and access public funding for climate change mitigation and adaptation projects within the under-resourced community. Where feasible, a collaborative shall leverage, complement, and build on existing regional efforts and resources for capacity building and technical assistance. Except if the council, in consultation with a collaborative, determines that an activity is unnecessary, a collaborative shall conduct at least all of the following activities for the region it serves:
(1) Conduct outreach and build awareness of competitive grant programs.
(2) Convene stakeholders to discuss community needs regarding potential climate change mitigation and adaptation projects eligible for statewide competitive grant programs with specific allocations for under-resourced communities.",HSC by proxy,"Program prioritization, Program goals",Added section 71132 to division 34 of public resources code,"(a) By July 1, 2020, the council shall develop technical assistance guidelines that a state agency may use in delivering its technical assistance resources or in developing additional internal technical assistance policies, standards, or guidelines specific to the agency’s programs. The technical assistance guidelines may support established technical assistance programs and build upon best practices. The council’s technical assistance guidelines shall include, but need not be limited to, all of the following:
(1) Procedures and standards for state agencies providing direct technical assistance to under-resourced communities.",HSC by proxy,Program goals,,,,,,,,,,,,,,,,,"did not include the findings since it was not connected to a government code and it was HSC by proxy. i did not include when HSC by proxy was used in a definition about another term in relation to the by proxy term, even though its part of government code since it didn't operationalize HSC: (a) “Capacity building” is the process of strengthening local coordination, leadership, knowledge, skills, expertise, and access to resources in under-resourced communities with the goal of helping to develop or increase the ability of that community to independently compete for grants and implement projects in the future. Capacity building activities include, but are not limited to, identifying and planning for needed climate change mitigation and adaptation projects in a given region and identifying the tools and resources needed to successfully access, apply for, and receive grant funding.
(b) “Collaborative” means a coordinated body of regional stakeholder groups that are located in, serve, and represent the needs of the under-resourced communities within that region and that provide capacity building to those under-resourced communities within its region to access statewide public and other grant moneys for climate change mitigation and adaptation projects that maximize the benefits for the region.",creates regional climate collaborative to build upon the Transformative Climate Communities work
AB 2722,Burke,2/19/2016,Enacted,,9/14/2016,Transformative Climate Communities Program.,Community development grants,"create the Transformative Climate Communities Program, to be administered by the Strategic Growth Council. The bill would require the council to award competitive grants to specified eligible entities for the development and implementation of neighborhood-level transformative climate community plans that include greenhouse gas emissions reduction projects that provide local economic, environmental, and health benefits to disadvantaged communities, as defined. The bill would require the council to develop guidelines and selection criteria for the implementation of the program. The bill would require the California Environmental Protection Agency to provide assistance in performing outreach to disadvantaged communities and assessing the environmental justice benefits of project awards.",Part 4 (commencing with Section 75240) is added to Division 44 of the Public Resources Code,"75240. The Transformative Climate Communities Program is hereby created, to be administered by the Strategic Growth Council. The program shall fund the development and implementation of neighborhood-level transformative climate community plans that include multiple, coordinated greenhouse gas emissions reduction projects that provide local economic, environmental, and health benefits to disadvantaged communities, as described in Section 39711 of the Health and Safety Code. By making such comprehensive public investments, it is the intent of the Legislature that private resources can be more effectively catalyzed to support innovative community and climate transformation in disadvantaged communities.",HSC,Defining a community,Section 75241  is added to the Public Resources Code,"(b) (1) In awarding grants, the council shall make grant selections for plan development contingent on the implementation of one or more projects identified by the plan.
(2) In awarding grants, the council may give priority to plans and projects that cover areas that have a high proportion of census tracks identified as disadvantaged communities and that focus on communities that are most disadvantaged.",HSC by proxy,Program prioritization,Section 75241  is added to the Public Resources Code,(d) The California Environmental Protection Agency shall provide assistance in performing outreach to disadvantaged communities and assessing the environmental justice benefits of project awards.,HSC by proxy,Community engagement outreach,Section 75243  is added to the Public Resources Code,"(a) Before awarding funds under the program, the council shall develop guidelines and selection criteria for plan development and implementation of the program.
(b) In adopting guidelines and selection criteria, the council shall consider comments, if any, from local governments, regional agencies, and other stakeholders. The council shall conduct outreach to disadvantaged communities to encourage comments on the draft guidelines and selection criteria from those communities.
(c) In adopting the guidelines, the council shall consider whether eligible plans and projects avoid economic displacement of low-income disadvantaged community residents and businesses.",HSC by proxy,"Community engagement outreach, Requires CES to be used in analysis",,,,,,,,,,,,,,,,,,"Created the transformative climate communities program, which uses CES to identify DACs prioritized for the program"
AB 1176,Zbur,2/16/2023,Held in Committee,"In committee: Set, second hearing. Hearing canceled at the request of author.
",7/2/2024,General plans: Local Electrification Planning Act.,Planning,"This bill, the Local Electrification Planning Act, would require a city, county, or city and county to prepare and adopt a specified plan, or otherwise integrate a plan into the general plan, that, among other things, identifies opportunities to expand electric vehicle charging to meet the needs of the city’s, county’s, or city and county’s current and future visitors, residents, and businesses, and includes policies and implementation measures that address the needs of disadvantaged communities, low-income households, and small businesses for investments in zero-emission technologies that directly benefit these groups, as specified. The bill would require a city, county, or city and county to adopt a specified plan, or otherwise integrate the plan into the general plan, on or after January 1, 2026, but no later than January 1, 2029. The bill would deem a plan adopted pursuant to these provisions as a regional plan for specified purposes. The bill would require that the above-described provisions only apply to a city, county, or city and county with a population greater than 75,000 residents.",Section 65302.13 is added to the Government Code,"(e) For purposes of this section, the following terms shall apply:
(1) “Disadvantaged communities” means an area identified by the California Environmental Protection Agency pursuant to Section 39711 of the Health and Safety Code, or an area that is a low-income community, as defined in paragraph (2) of subdivision (d) of Section 39713 of the Health and Safety Code.",HSC,Defining a community,Section 65302.13 is added to the Government Code,"(1) Locally based goals, objectives, policies, and feasible implementation measures that include, but are not limited to, the following components:
...
(B) Identification of opportunities to expand electric vehicle charging in residential, retail, and commercial parking lots and structures, and on public streets, including, but not limited to, consideration of the creation of public electric charging corridors on public streets, to the extent necessary to meet the needs of the city’s, county’s, or city and county’s current and future visitors, residents, businesses, disadvantaged communities, and low-income households.",HSC by proxy,Program goals,Section 65302.13 is added to the Government Code,"(2) Policies or implementation measures that address the needs of disadvantaged communities, low-income households, and small businesses for equitable and prioritized investments in zero-emission technologies that directly benefit these groups.",HSC by proxy,Program goals,,,,,,,,,,,,,,,,,,,,,,"bill requires electrification plan, decarbonization plan, community energy plan, or other similar plan or integrate into general plan, with goals on electrification to meet the needs of communities, including DACs"
AB 1567,"Introduced by Assembly Members Garcia, Wendy Carrillo, Connolly, Friedman, Papan, Reyes, and Luz Rivas",2/17/2023,Referred,Re-referred to Com. on N.R. & W.,5/22/2024,"Safe Drinking Water, Wildfire Prevention, Drought Preparation, Flood Protection, Extreme Heat Mitigation, Clean Energy, and Workforce Development Bond Act of 2024",Climate emergency/natural hazards,"The California Drought, Water, Parks, Climate, Coastal Protection, and Outdoor Access For All Act of 2018, approved by the voters as Proposition 68 at the June 5, 2018, statewide primary election, authorizes the issuance of bonds in the amount of $4,100,000,000 pursuant to the State General Obligation Bond Law to finance a drought, water, parks, climate, coastal protection, and outdoor access for all program. Article XVI of the California Constitution requires measures authorizing general obligation bonds to specify the single object or work to be funded by the bonds and further requires a bond act to be approved by a 2/3 vote of each house of the Legislature and a majority of the voters.
This bill would enact the Safe Drinking Water, Wildfire Prevention, Drought Preparation, Flood Protection, Extreme Heat Mitigation, Clean Energy, and Workforce Development Bond Act of 2024, which, if approved by the voters, would authorize the issuance of bonds in the amount of $15,995,000,000 pursuant to the State General Obligation Bond Law to finance projects for safe drinking water, wildfire prevention, drought preparation, flood protection, extreme heat mitigation, clean energy, and workforce development programs.",Section 80503 is added to the Public Resources Code,"(r) “Severely disadvantaged urbanized water supplier” means an urban water supplier, as defined in Section 10617 of the Water Code, in which the service area or a portion of the service area of the urban water supplier has an environmental California Healthy Places Index score of 25 percent of lower and median household income of 60 percent or less than the statewide median household income, as identified pursuant to Section 39711 of the Health and Safety Code.",HSC,Defining a community,Section 80503 is added to the Public Resources Code,"(x) “Under-resourced community” means either any of the following:
(1) A community identified as a disadvantaged community pursuant to Section 39711 of the Health and Safety Code.
(2) A low-income community as defined in Section 39713 of the Health and Safety Code.
(3) A severely disadvantaged urbanized water supplier.",HSC,Defining a community,Section 80508 is added to the Public Resources Code,"At least 35 percent of the funds available pursuant to this division shall be allocated for projects that provide meaningful and direct benefits to at least one of the following: vulnerable populations, under-resourced communities, or disadvantaged communities. At least 10 percent of the moneys available pursuant to each chapter of this division shall be allocated for projects that provide meaningful and direct benefits to severely disadvantaged communities.",HSC by proxy,Funding prioritization,Section 80510 is added to the Public Resources Code,"(b) Funds used for providing technical assistance and capacity building for disadvantaged communities, severely disadvantaged communities, under-resourced communities, or vulnerable populations may exceed 10 percent if the administering state agency determines that there is a need for the additional funding.",HSC by proxy,Program eligibility,Section 80543 is added to the Public Resources Code,"(c) At least 10 percent of the funds available pursuant to this section shall be allocated for grants that provide outreach and technical assistance that directly benefit disadvantaged communities, vulnerable communities, and under-resourced communities. An eligible applicant is a nonprofit organization, technical assistance provider, or tribe",HSC by proxy,Community engagement outreach,Section 80545 is added to the Public Resources Code,"(b) The water board may use grants or forgivable loans for projects that benefit vulnerable populations, under-resourced communities, disadvantaged communities, or severely disadvantaged communities.",HSC by proxy,Funding prioritization,Section 80591 is added to the Public Resources Code,"(d) Funds shall be allocated to regional climate networks, as follows:
...
(2) The remaining funds may be provided to increase the size of the awards under paragraph (1) to the extent the approved regional climate adaptation action plan does any of the following:
(A) Protects disadvantaged communities, severely disadvantaged communities, under-resourced communities, or vulnerable populations.
...
(G) Prioritizes technical assistance to disadvantaged communities, severely disadvantaged communities, vulnerable populations, under-resourced communities, including those with access and functional needs or with at-risk infrastructure, or both, socially disadvantaged farmers or ranchers, and economically distressed areas.",HSC by proxy,Funding prioritization,,,,,,"bill to be voted on by voters to allocate funds for climate, wildfire prevention, resilience, and drinking water in DACs, among other things"
AB 1851,Holden,1/17/2024,Held in Committee,,8/15/2024,Drinking water: schoolsites: lead testing pilot program.,Drinking water,"Would require the Superintendent of Public Instruction to contract with a nonprofit technical assistance organization, for purposes of a pilot program applicable to unspecified school districts, to sample all potable water system outlets on the campuses of the school district for lead contamination and to identify and remediate any potable water system outlet emitting water containing lead levels in excess of 5 parts per billion. The bill would require immediate steps to shut down and fix all potable water system outlets if sampling results show lead levels in excess of 5 parts per billion for any potable water system outlet.",Section 32248 is added to Chapter 2 of Part 19 of Division 1 of Title 1 of the Education Code.,"""(B) Strategies for protecting the health of all pupils, especially pupils attending schools in which at least 75 percent of the pupils enrolled are eligible for free and reduced-priced meals, and schools located in a disadvantaged community identified pursuant to Section 39711 of the Health and Safety Code."" The ESTM Committee Analysis mentions using CalEnviroScreen for this",HSC,Program eligibility,Section 32247.5 is added to the Education Code,"(b) The Superintendent shall select no fewer than 6 and no more than 10 local educational agencies of varying enrollment sizes and notify those local educational agencies of their selection by July 1, 2025. In selecting local educational agencies, the Superintendent shall give priority to the following:
...
(2) Local educational agencies with schools that are located in a disadvantaged community identified pursuant to Section 39711 of the Health and Safety Code.",HSC,Defining a community,,,,,,,,,,,,,,,,,,,,,,,,,,"lead testing in drinking water for schools, with priority for schools in DACs"
AB 1912,Pacheco,1/24/2024,Held in Committee,,8/15/2024,Electricity and natural gas: legislation imposing mandated programs and requirements: third-party review.,Electricity,"office to establish, by January 1, 2026, a program to, upon request of the Legislature, assess analyze legislation that would establish a mandated requirement or program or otherwise affect electrical or gas ratepayers, as specified. The bill would request the council office to develop and implement conflict-of-interest provisions that would prohibit a person from participating in an analysis for which the person knows or has reasons to know that the person has a financial interest. The bill would require the commission, on June 15 of each year, to assess an annual fee on all large electrical and gas corporations, as defined, to fund the projected costs incurred by the office in implementing the bill, not to exceed $2,000,000 annually, divided evenly among each large electrical and gas corporation, as specified, for deposit into the Energy Programs Benefit Fund, which would be established by the bill.",Section 3261 is added to the Public Utilities Code,"(b) (1) The Legislature hereby requests that the council office establish, by January 1, 2026, a program to, upon request of the Legislature and in a manner and pursuant to a timeline agreed to by the Legislature and the council, assess office, analyze legislation that would establish a mandated program or requirement or otherwise affect electrical or gas ratepayers, including relevant data on the following:....
(E) The impacts of the legislation on jobs, the economy, and communities that are identified as disadvantaged communities under Section 39711 of the Health and Safety Code or low-income communities as defined in Section 39713 of the Health and Safety Code.",HSC,Requires CES to be used in analysis,,,,,,,,,,,,,,,,,,,,,,,,,,,,,,bill requires commission to assess an annual fee on large electrical and gas corporations to fund costs of implementing the independent public advocate's office within the public utilities commission to advocate on behalf of interests of public utility customers and subscribers within jurisdiction of commission. Requires them to assess impacts on DACs
AB 2311,Bennett,2/12/2024,"Held in Committee, Amended out of the bill",,8/15/2024,Greenhouse Gas Reduction Fund: grant program: edible food,Carbon emissions,"bill would expand the grant program to provide financial assistance for the recovery of edible food, as specified. The bill would specify that eligible infrastructure projects includes the construction or expansion of facilities to help develop, implement, or expand edible food waste recovery operations. The bill would require the department to consider the increased amount of edible food recovery capacity that the project will create when awarding a grant for edible food recovery.",,,,,,,,,,,,,,,,,,,,,,,,,,,,,,,,,"i think CES amended out, only has HSC 39713 defining DACs",Can't find the DAC provisions that were amended out since it has now been signed
AB 2368,Petrie-Norris,2/12/2024,Enacted,,9/27/2024,System reliability and outages,Electricity,"bill requires independent system operator to post about insufficient electricity supply, share finding with public utilities commission, as well as consider mitigation measures and assess short-term, midterm, and long-term reliability",Section 454.52 of the Public Utilities Code is amended to read:,"454.52. (a) (1) Beginning in 2017, and to be updated regularly thereafter, the commission shall adopt a process for each load-serving entity to file an integrated resource plan, and a schedule for periodic updates to the plan, and shall ensure that load-serving entities do all of the following:
...
(I) Minimize localized air pollutants and other greenhouse gas emissions, with early priority on disadvantaged communities identified pursuant to Section 39711 of the Health and Safety Code.",HSC,Program goals,,,,,,,,,,,,,,,,,,,,,,,,,,,,,,"No change to DAC considerations, mentioned in other laws with same code. electricity grid law"
AB 2465,Gipson,2/13/2024,"Amended out of the bill, Inactive File",Ordered to inactive file at the request of Assembly Member Gipson.,8/31/2024,Equity: socially disadvantaged groups and organizations: grants,Community development grants,"This bill would expand the definition of socially disadvantaged group to include descendants of enslaved persons in the United States.
This bill would require those persons and entities, until January 1, 2031, when awarding certain grants, to prioritize the awarding of grant funding to socially disadvantaged organizations by awarding additional points equal to 15% of the total points available for scoring, as specified. The bill would define “socially disadvantaged organization” for that purpose to mean a nonprofit organization that has (1), as a majority of its board of directors, members who are descendants of enslaved persons in the United States, and (2) articles of incorporation stating certain information. The bill would also require grant applications submitted by a socially disadvantaged organization to include an affidavit executed by each member of its board of directors that the organization meets specified requirements.",,,,,,,,,,,,,,,,,,,,,,,,,,,,,,,,,"Amended out: SEC. 3.Section 12802.10 of the Government Code is amended to read:
12802.10.(a)For purposes of this section, the following terms have the following meanings:
(1)“Critically underserved community” has the same meaning as defined in Section 5642 of the Public Resources Code.

(2)“Disadvantaged community” means a community identified pursuant to Section 39711 of the Health and Safety Code or pursuant to Section 75005 of the Public Resources Code.",looked to expand definition of disadvantaged group to focus on racial ethnic groups and descendants of enslaved persons
AB 2684,Bryan,2/14/2024,Enacted,,9/30/2024,Safety element: extreme heat,"Planning, Climate emergency/natural hazards","would require general plans to address extreme heat in their safety elements, and require it be up to date",Section 65302 of the Government Code is amended,"(4) For purposes of this subdivision, the following terms shall apply:
(A) “Disadvantaged communities” means an area identified by the California Environmental Protection Agency pursuant to Section 39711 of the Health and Safety Code or an area that is a low-income area that is disproportionately affected by environmental pollution and other hazards that can lead to negative health effects, exposure, or environmental degradation.",HSC,Defining a community,,,,,,,,,,,,,,,,,,,,,,,,,,,,,,
AB 2734,Connolly,2/15/2024,Vetoed,,9/25/2024,Agriculture: Cannella Environmental Farming Act of 1995.,Agriculture,"This bill would authorize the panel to consult with any relevant advisory bodies established by the department, including, but not limited to, the California Organic Products Advisory Committee.
The act requires the department, in consultation with the panel, to establish and oversee a Healthy Soils Program to seek to optimize climate benefits while supporting the economic viability of California agriculture by providing incentives, including loans, grants, research, and technical assistance, and educational materials and outreach to farmers whose management practices contribute to healthy soils and result in net long-term on-farm greenhouse gas benefits. Existing law authorizes the Healthy Soils Program to also include the funding of on-farm demonstration projects that further the goals of the program.  act establishes the Climate Smart Agriculture Technical Assistance Grant Program to provide funds to technical assistance providers to provide technical assistance",Section 569 of the Food and Agricultural Code is amended,"569. (a) (1) The department, in consultation with the panel, shall establish and oversee a Healthy Soils Program. The program shall seek to optimize climate benefits while supporting the economic viability of California agriculture by providing incentives, including, but not limited to, loans, grants, research, and technical assistance, and educational materials and outreach, to farmers whose management practices contribute to healthy soils and result in net long-term on-farm greenhouse gas benefits. The program may also include the funding of on-farm demonstration projects that further the goals of the program.
(2) The department, in consultation with the panel, may determine priorities for the program and give priority to projects that occur in and benefit disadvantaged communities identified pursuant to Section 39711 of the Health and Safety Code, show promise of being replicable in other parts of the state, or provide environmental and agronomic cobenefits, such as improved air and water quality, improved crop yield, and reduced soil erosion.",HSC,Program prioritization,,,,,,,,,,,,,,,,,,,,,,,,,,,,,,"Bill focused on organic, healthy soil, and climate smart farming programs, requiring technical assistance be provided. can prioritize projects occuring in and benefitting DACs"
AB 2815,Petrie-Norris,2/15/2024,"Amended out of the bill, Held in Committee",,8/15/2024,Clean Transportation Program: electric vehicle chargers.,Transportation: ZEV,"This bill would add to the categories of programs and projects eligible for funding under the Clean Transportation Program a program to repair or replace nonoperational electric vehicle chargers that are at least 5 years old and that are located in a publicly available parking space, as provided. The bill would require the commission to allocate at least 50% of the funding allocated for the repair or replacement program to low-income communities and disadvantaged communities. The bill would prohibit the commission from expending more than 20% of the amount appropriated for purposes of the Clean Transportation Program in any particular fiscal year on the repair or replacement program.",,,,,,,,,,,,,,,,,,,,,,,,,,,,,,,,,,Can't find the DAC provisions that were amended out. Has language on DACs but doesn't define it
AJR 12,"Introduced by Assembly Members Alvarez, Boerner, Davies, Maienschein, Ward, and Weber and Senators Atkins, Jones, and Padilla",1/24/2024,Filed,"Enrolled and filed with the Secretary of State at 11:30 p.m.
Chaptered by Secretary of State - Res. Chapter 201, Statutes of 2024.",9/5/2024,Tijuana River: cross-border pollution,Water pollution,"This measure would, among other things, urge the United States Congress and President Joseph R. Biden to fully fund the United States Environmental Protection Agency’s Comprehensive Infrastructure Solution for the Tijuana River due to the ongoing impacts to public health, the environment, and the local economy caused by cross-border pollution and would urge President Joseph R. Biden to declare a national emergency due to those ongoing impacts.",findings,"WHEREAS, The community surrounding the New River in Calexico, California, is predominantly Latino and ranks in the 92nd percentile for pollution burden and 100th percentile for impaired water bodies according to CalEnviroScreen, California’s environmental justice mapping tool; now, therefore, be it",CES,Used as data in support of writing the bill,,,,,,,,,,,,,,,,,,,,,,,,,,,,,,"bill related to water pollution from Tijuana and resulting health impacts, calling on Biden"
SB 1193,Senator Menjivar,2/14/2024,Enacted,,9/22/2024,Airports: leaded aviation gasoline.,Oil & gas,"This bill would prohibit an airport operator or aviation retail establishment, as defined, from selling, distributing, or otherwise making available leaded aviation gasoline to consumers on or after January 1, 2031, as provided. Because these provisions would be part of the State Aeronautics Act, the bill would impose a state-mandated local program.",,,,,,,,,,,,,,,,,,,,,,,,,,,,,,,,,,Can't find the DAC provisions that were amended out since it has now been signed
SB 1216,Blakespear,2/15/2024,Enacted,,9/27/2024,Transportation projects: Class III bikeways: prohibition.,Transportation: Infrastructure (non-EV),"This bill would define “sharrow” as the pavement marking used to inform road users that bicyclists might occupy the travel lane. The bill would prohibit, on and after January 1, 2025, an agency responsible for the development or operation of bikeways or highways where bicycle travel is permitted from installing a new sharrow on a highway that has a posted speed limit greater than 30 miles per hour, except as specified.
...
This bill would prohibit, on and after January 1, 2026, the commission from adding a project that creates a Class III bikeway or a sharrow to the program of projects, except as specified. The bill would require the commission to make conforming changes to its guidelines regarding project eligibility and project selection for the program of projects, as specified.",Section 2382 of the Streets and Highways Code is amended,"(c) The guidelines shall include a process to ensure that no less than 25 percent of overall program funds benefit disadvantaged communities during each program cycle. The guidelines shall establish a program definition for disadvantaged communities that may include, but need not be limited to, the definition in Section 39711 of the Health and Safety Code and the definition of low-income schools in paragraph (7) of subdivision (b) of former Section 2333.5, as that section read on January 1, 2013. A project eligible under this subdivision shall clearly demonstrate a benefit to a disadvantaged community or be directly located in a disadvantaged community.",HSC,Funding prioritization,Section 2382 of the Streets and Highways Code is amended,"(g) In developing the guidelines with regard to project selection, the commission shall include, but need not be limited to, the following criteria:...
(7) Benefit to disadvantaged communities. In developing guidelines relative to this paragraph, the commission shall consider, but need not be limited to, the definition of disadvantaged communities as applied pursuant to subdivision (c).",HSC by proxy,Program eligibility,,,,,,,,,,,,,,,,,,,,,,,,,,prohibits agencies from allowing sharrows on roadways with posted speed limit greater than 30 mi/h. has funding priority and program eligibility for projects in DACs
SB 1221,Min,2/15/2024,Enacted,,9/25/2024,Gas corporations: ceasing service: priority neighborhood decarbonization zones,Oil & gas,"This bill would require each gas corporation, on or before July 1, 2025, and annually thereafter, to submit to the commission a map containing certain information, including the location of all potential gas distribution line replacement projects identified in its distribution integrity management plan and other foreseeable gas distribution pipeline replacements. The bill would require the commission, on or before January 1, 2026, to designate priority neighborhood decarbonization zones considering, among other things, the concentration of gas distribution line replacement projects identified in the maps. The bill would require the commission, on or before July 1, 2026, to establish a voluntary program to facilitate the cost-effective decarbonization of priority neighborhood decarbonization zones, as defined, not to exceed 30 pilot projects across the state and affecting no more than 1% of each gas corporation’s customers within its service territory, except as provided.", Section 660 is added to Chapter 3 of Part 1 of Division 1 of the Public Utilities Code,"660. For purposes of this article, the following definitions apply:
(a) “Disadvantaged community” means a community identified pursuant to Section 39711 of the Health and Safety Code.",HSC,Defining a community,Section 661 is added to Chapter 3 of Part 1 of Division 1 of the Public Utilities Code,"661. (a) On or before July 1, 2025, and each year thereafter, each gas corporation shall submit to the commission a map that includes all of the following:...
(3) Locations of disadvantaged communities, tribes, and priority neighborhood decarbonization zones, as designated by the commission pursuant to Section 662, that are within the gas corporation’s service territory.",HSC by proxy,Requires CES to be used in analysis,Section 662 is added to Chapter 3 of Part 1 of Division 1 of the Public Utilities Code,"662. (a) On or before January 1, 2026, in a new or existing proceeding and following recommendations from each gas corporation and the opportunity for public comment, the commission shall designate priority neighborhood decarbonization zones. In designating the zones, the commission shall consider factors that include, but are not limited to, all of the following:
(1) Presence of disadvantaged or low-income communities in high-temperature climate zones or low-temperature climate zones that disproportionately lack cooling or heating.
(2) Presence of environmental and social justice communities as defined in the commission’s Environmental and Social Justice Action Plan.
(3) Availability of supportive local government or community partners.
(4) Concentration of gas distribution line replacement projects identified in the map submitted pursuant to Section 661.",HSC by proxy,"Requires CES to be used in analysis, Program prioritization",,,,,,,,,,,,,,,,,,,,,,"Bill requiring gas corporations to submit map of their potential gas line projects, including designating priority neighborhood decarbonization programs. Additionally, commission to establish voluntary program to facilitate decarbonization of priority neighborhood zones. DACs must be included on these maps and in decarbonization zones"
SB 1420,Caballero,2/16/2024,Enacted,,9/25/2024,Hydrogen production facilities: certification and environmental review.,"Energy, Land use","This bill would instead exclude eligible renewable energy resources under the California Renewables Portfolio Standard Program that combust, rather than use, biomass fuels from the definition of “energy infrastructure project” for purposes of the above-described CEQA benefits. The bill would include hydrogen production facilities and associated onsite storage and processing facilities that do not derive hydrogen from a fossil fuel feedstock and that receive funding from specified state and federal programs within the definition of “energy infrastructure project.” Because the bill would authorize the Governor to certify additional projects, thereby increasing the duties on lead agencies in conducting the environmental review of energy infrastructure projects certified by the Governor, this bill would impose a state-mandated local program. This bill would expand the types of facilities eligible to be certified as environmental leadership development projects by the Energy Commission to include hydrogen production facilities and associated onsite storage and processing facilities that do not derive hydrogen from a fossil fuel feedstock and that receive funding from specified state and federal programs.",Section 21189.81 of the Public Resources Code is amended,(b) “Disadvantaged community” means an area identified by the California Environmental Protection Agency pursuant to Section 39711 of the Health and Safety Code or an area identified as a disadvantaged unincorporated community pursuant to Section 65302.10 of the Government Code.,HSC,Defining a community,,,,,,,,,,,,,,,,,,,,,,,,,,,,,,Bill giving special provisions to hydrogen facilities regarding environmental review. No change to DACs. Seems similar to AB 2190
SB-1304,Limón,2/15/2024,"Amended out of the bill, Enacted",,9/22/2024,Underground injection control: aquifer exemption,Water supply,"This bill would instead require, based on the consultation between the division and the appropriate regional water quality control board and the state board, if the division and the staff of the state board preliminarily concur that the exemption proposal may merit consideration by the USEPA, the division and the staff of the state board to provide a public comment period on the proposal and to jointly conduct the public hearing. The bill would require, following the review of the public comments and only if the division and the staff of the state board concur that the exemption proposal merits consideration for exemption, the staff of the state board to submit a report to the state board evaluating the exemption proposal’s consistency with the criteria specified in existing law, including an analysis of all potential conduits. The bill would require the report to be made available to the public no fewer than 60 days prior to a meeting before the state board and would provide for a 45-day public comment period. The bill would require the state board to consider, in a public meeting, the report and to determine whether it concurs that the exemption proposal, with any appropriate modifications, complies with legal requirements and merits consideration for exemption. If the state board concurs, the bill would require the division to submit the exemption proposal to the USEPA.",,,,,,,,,,,,,,,,,,,,,,,,,,,,,,,,,,Can't find the DAC provisions that were amended out since it has now been signed
AB 1153,Alvarez,2/16/2023,Filed,Filed with the Chief Clerk pursuant to Joint Rule 56.,2/1/2024,San Diego Unified Port District.,"Ports, Greening","This bill would require the board, in implementing the master plan, to include funding for cooperative infrastructure and capital projects that directly address maritime industrial impacts by the port in cities that host maritime terminals, as specified. In addition to that funding, this bill would require the board to dedicate 1% of the port’s revenue, as specified, for those cooperative infrastructure and capital projects.
This bill would also require the board to dedicate 1% of the port district’s rental income, as specified, to converting industrial properties in disadvantaged communities, as defined, within the district to open space.",Section 19.5 is added to the San Diego Unified Port District Act (Chapter 67 of the Statutes of 1962),"(2) For purposes of this subdivision, the following terms have the following meanings:
(A) “Disadvantaged community” means a community identified by the California Environmental Protection Agency pursuant to Section 39711 of the Health and Safety Code.",HSC,Defining a community,Section 19.5 is added to the San Diego Unified Port District Act (Chapter 67 of the Statutes of 1962),"(f) (1) The board shall create the “Future Public Access Fund” and deposit 1 percent of eligible rents into that fund. The board shall use the moneys in the fund to convert industrial property in disadvantaged communities within the district to open space, including, but not limited to, parks, plazas, and promenades.",HSC by proxy,Program eligibility,,,,,,,,,,,,,,,,,,,,,,,,,,older version of AB 2783. Kept DACs and requires funding from ports to create a future public access fund that converts industrial property in DACs to opern space in DACs
AB 2190,Mathis,2/7/2024,Held in Committee,"In committee: Set, first hearing. Hearing canceled at the request of author.",3/19/2024,California Environmental Quality Act: expedited judicial review: infrastructure projects: hydrogen.,"Land use, Energy","This bill would delete that exclusion, thereby authorizing the Governor to certify energy infrastructure projects that use hydrogen as a fuel for streamlining benefits related to CEQA, as described above. Because the bill would impose additional duties on lead agencies in conducting the environmental review of energy infrastructure projects using hydrogen as a fuel that are certified by the Governor, including the concurrent preparation of the record of proceedings, this bill would impose a state-mandated local program.",Section 21189.81 of the Public Resources Code is amended,(b) “Disadvantaged community” means an area identified by the California Environmental Protection Agency pursuant to Section 39711 of the Health and Safety Code or an area identified as a disadvantaged unincorporated community pursuant to Section 65302.10 of the Government Code,HSC,Defining a community,,,,,,,,,,,,,,,,,,,,,,,,,,,,,,Bill giving special provisions to hydrogen facilities regarding environmental review. No change to DACs
AB 527,Calderon,2/8/2023,Held in Committee,,9/1/2023,Urban forestry: school greening projects: grants.,"Community development grants, Greening","This bill would require funds appropriated or allocated to the department for the bill’s purposes to be administered to support school greening, as defined, by providing grants to eligible local educational agencies, as defined, nonprofit organizations, cities, counties, and districts, including special districts, through a competitive grant process that the bill would require the department to develop, including guidelines and selection criteria, as specified, on or before July 1, 2024. The bill would require the department, before developing the grant process, to hold at least 2 public hearings to gather public input on the grant process development. The bill would, upon appropriation in the annual Budget Act, require funding for these purposes to be transferred to the School Greening and Resiliency Fund, which the bill would establish in the State Treasury.",Section 4799.12.1.5 is added to the Public Resources Code,"(2) “In-need education facility” means a schoolsite of a local educational agency in which either of the following apply:
(A) A schoolsite located in a disadvantaged community, as identified in Section 39711 of the Health and Safety Code, or a low-income community, as defined in paragraph (2) of subdivision (d) of Section 39713 of the Health and Safety Code.",HSC,Defining a community,,,,,,,,,,,,,,,,,,,,,,,,,,,,,What became AB 2600,"Earlier version of AB 2600, didn't provide information about funding allocation"
SB 1508,Stern,2/16/2024,Held in Committee,,8/15/2024,Electricity: integrated resource plans: energy storage systems: modeling.,Electricity,"This bill would require the commission to ensure that diverse energy storage duration classes are modeled, as specified, and that authorize energy storage technology that meets an energy storage class’s minimum duration requirements to be modeled within that class to ensure technology neutrality.",Section 454.52 of the Public Utilities Code is amended to read:,"454.52. (a) (1) Beginning in 2017, and to be updated regularly thereafter, the commission shall adopt a process for each load-serving entity to file an integrated resource plan, and a schedule for periodic updates to the plan, and shall ensure that load-serving entities do all of the following:
...
(I) Minimize localized air pollutants and other greenhouse gas emissions, with early priority on disadvantaged communities identified pursuant to Section 39711 of the Health and Safety Code.",HSC,Program goals,,,,,,,,,,,,,,,,,,,,,,,,,,,,,,"No change to DAC considerations, mentioned in other laws with same code. electricity supply law"
AB 849,Garcia,2/14/2023,Held in Committee,,9/1/2023,Community emissions reduction programs.,Air pollution/quality (nonvehicular),"This bill would additionally require the air district, in adopting a community emissions reduction program, to consult with other relevant state agencies. By imposing additional duties on air districts, this bill would impose a state-mandated local program. The bill would, for a community emissions reduction program adopted by an air district and approved by the state board that includes a measure that is not within the authority of the air district or the state board, authorize the state board to assign the measure to the state agency with authority over the measure. The bill would require a state agency to implement and enforce  the measure assigned it unless the state agency finds that the measure is infeasible at a public meeting of its governing body, or, for an agency without a governing body, if the highest ranking officer of the agency finds and declares in writing, after allowing a 30-day opportunity for public comment, that the measure is infeasible.
...
This bill would specify that grants provided, to the extent the Legislature appropriates funds specifically for this purpose, include allocations of funds to serve as a budget for the committee of persons who are designated by a district to participate in the development and adoption of a community emissions reduction program for administrative items, which includes, but is not limited to, translation services, meeting venue, meeting coordination, training, and stipends, as authorized by the district, for members of the committee.",Section 44391.2 of the Health and Safety Code is amended,"(a) For purposes of this section, the following provisions shall apply:
(1) “Disadvantaged community” means a community identified as disadvantaged pursuant to Section 39711.",HSC,Defining a community,Section 44391.2 of the Health and Safety Code is amended,"(b) On or before October 1, 2018, the state board shall prepare, in consultation with the Scientific Review Panel on Toxic Air Contaminants, the districts, the Office of Environmental Health Hazard Assessment, environmental justice organizations, affected industry, and other interested stakeholders, a statewide strategy to reduce emissions of toxic air contaminants and criteria air pollutants in communities affected by a high cumulative exposure burden. The state board shall update the statewide strategy at least once every five years. In preparing the statewide strategy, the state board shall conduct at least one public workshop in each of the northern, central, and southern parts of the state. The statewide strategy shall include criteria for the development of community emissions reduction programs. The criteria presented in the statewide strategy shall include, but are not limited to, all of the following:
(1) An assessment and identification of communities with high cumulative exposure burdens for toxic air contaminants and criteria air pollutants. The assessment shall prioritize disadvantaged communities and sensitive receptor locations based on one or more of the following: best available modeling information, existing air quality monitoring information, existing public health data based on consultation with the Office of Environmental Health Hazard Assessment, and the monitoring results obtained pursuant to Section 42705.5.",HSC by proxy,Program eligibility,Section 44391.2 of the Health and Safety Code is amended,"(3) An assessment of whether a district should update and implement the risk reduction audit and emissions reduction plan developed pursuant to Section 44391 for any facility to achieve emissions reductions commensurate with its relative contribution, if the facility’s emissions either cause or significantly contribute to a material impact on a sensitive receptor location or disadvantaged community, based on any data available for assessment pursuant to paragraph (1) or other relevant data.",HSC by proxy,"Mitigation, Program eligibility",,,,,,,,,,,,,,,,,,,,,Some overlap with AB 617,"Requires air districts to consult with other state agencies and include allocatoin of funds for people providing administrative services to the committee, include translation, stipends, training, etc"
SB 355,Eggman,2/8/2023,Enacted,,10/7/2023,Multifamily Affordable Housing Solar Roofs Program.,Housing,"This bill would expand those specified requirements to, among other things, include properties in which at least 66% of the households have incomes at or below 80% of the area median income, properties owned by a tribe, as defined, and rental housing properties owned by public housing agencies or authorities, as defined. The bill would extend the requirement that the commission award monetary incentives for those solar energy systems through December 31, 2032. If those multifamily residential properties are new construction, the bill would prohibit using moneys authorized through the program to meet specified regulatory requirements. The bill would authorize the commission to consider authorizing an advance payment loan to an eligible project if there is reasonable evidence to suggest that an advance payment loan would lead to the delivery of a project that would not occur absent the advance payment loan, as specified.",Section 2870 of the Public Utilities Code is amended,"(3) “Qualified multifamily affordable housing property” means a multifamily residential property of at least five rental housing units that is, or will be, operated to provide deed-restricted low-income residential housing, as defined in clause (i) of subparagraph (A) of paragraph (3) of subdivision (a) of Section 2852, and that meets one or more of the following requirements:
(A) The property is located in a disadvantaged community, as identified by the California Environmental Protection Agency pursuant to Section 39711 of the Health and Safety Code.",HSC,Defining a community,Section 2870 of the Public Utilities Code is amended,"(f) (1) By June 30, 2017, the commission shall authorize the award of monetary incentives for qualifying solar energy systems that are installed on qualified multifamily affordable housing properties through December 31, 2032. The target of the program is to install a combined generating capacity of at least 300 megawatts on qualified properties.",HSC by proxy,Program eligibility,Section 2870 of the Public Utilities Code is amended,(i) The commission shall determine the eligibility of qualified multifamily affordable housing property tenants that are customers of community choice aggregators.,HSC by proxy,Program eligibility,,,,,,,,,,,,,,,,,,,,,,"Law about solar panels on multifamily affordable housing, requires program eligibility to be 66% of MFH have incomes at or below 80%, owned by tribe, and owned by public housing agencies"
AB 1195,Calderon,2/16/2023,Filed,,2/1/2024,"Climate Change Preparedness, Resiliency, and Jobs for Communities Program: climate-beneficial projects: grant funding.",Community development grants,"This bill would establish the Climate Change Preparedness, Resiliency, and Jobs for Communities Program, to be administered by the council, and would require the council to fund grants to develop and implement multibenefit, community-level, climate-beneficial projects to support community and landscape resiliency and workforce development. The bill would require the council to award competitive grants to eligible entities, as defined, through an application process, as provided. The bill would require the council, on or before July 1, 2024, to develop guidelines to implement the program and criteria to select projects eligible for grant funding that include, at a minimum, specified information related to community resiliency grants, landscape resiliency grants, and climate and career pathways grants.", Section 75300 is added to Division 44 of the Public Resources Code,"(f) “Underresourced community” means a community identified pursuant to Section 39711 of the Health and Safety Code, subdivision (d) of Section 39713 of the Health and Safety Code, or subdivision (g) of Section 75005 of this code.",HSC,Defining a community, Section 75302 is added to Division 44 of the Public Resources Code,"75302. (a) The council shall award competitive grants to eligible entities through an application process and implement the program to do all of the following:
(1) Provide a preference for Prioritize projects in underresourced communities.",HSC by proxy,Program prioritization, Section 75304 is added to Division 44 of the Public Resources Code,"(b) In developing the guidelines and selection criteria required pursuant to subdivision (a), the council shall consider comments, if any, from local governments, regional agencies, tribes, and other stakeholders. The council shall conduct outreach to underresourced communities to encourage comments on the draft guidelines and selection criteria from those communities.",HSC by proxy,Community engagement outreach, Section 75304 is added to Division 44 of the Public Resources Code,"(c) The guidelines and selection criteria developed by the council pursuant to subdivision (a), shall provide, at a minimum, for all of the following:
(1) (A) Community resiliency grants to support the development of climate-beneficial projects with multiple benefits, including, but not limited to, affordable housing, community greening, and workforce development.
(B) In awarding community resiliency grants, the council shall prioritize projects that maximize one or more of the following benefits:
...
(xii) Zero- and near-zero emission near-zero-emission vehicle technologies and infrastructure for underresourced communities.",HSC by proxy,Program prioritization,,,,,,,,,,,,,,,,,,"creates climate change preparedness, resiliencey, and jobs for communities program for multibenefit climate projects for community resiliencey and workforce develpoment, prioritization for ""underresourced"" communities, which includes DACs"
AB 1198,Grayson,2/16/2023,Held in Committee,,8/15/2024,GO-Biz: Energy Unit: equity.,Energy,"This bill would require the Energy Unit to identify, among other things, nonratepayer-funded energy industry resources, including grants, tax credits, loans, and technical assistance, across local, state, and federal departments and agencies that are available to assist businesses and workers in the transition to a net-zero-powered economy. The bill would require the Energy Unit to work with specified agencies to identify workforce development programs specific to the energy industry and gather data on how education and outreach is conducted to disadvantaged communities, as defined. The bill would also require the Energy Unit, in collaboration with the Small Business Advocate, to identify the participation levels of in those energy industry resources by businesses owned by women, minorities, disabled individuals, and veteran-owned businesses, as well as individuals from disadvantaged communities. 
This bill would require the Energy Unit to hold at least 3 public workshops and engage with stakeholders and specified representatives to develop recommendations on addressing barriers to access to those energy industry resources faced by business-owner groups and individuals who live in disadvantaged communities and how to increase their participation levels to the extent that there are disparities, as specified. The bill would also require the Energy Unit to convene a technical advisory group for related purposes, as specified. The bill would require the Energy Unit to include those findings and recommendations and other related information in its annual report to the Legislature. The bill would also make related legislative findings and declarations.",Section 12100.110 of the Government Code is amended,"k) For purposes of this article, “disadvantaged community” means a community identified pursuant to Section 39711 or 39713 of the Health and Safety Code or Section 75005 of the Public Resources Code.",HSC,Defining a community,Section 12100.110 of the Government Code is amended,"(j) (1) On or before February 1 of each year, the Energy Unit shall  submit a report to the relevant policy and fiscal committees of the Legislature that includes all of the following information:
(A) The infrastructure priorities identified for purposes of the prior calendar year.
(B) The constituencies coordinated with in order to advance those infrastructure priorities in the prior calendar year.
(C) The strategies implemented and steps taken to address barriers to and advance critical energy infrastructure projects in the prior calendar year.
(D) Any recommendations to the Legislature that would accelerate the Energy Unit’s progress.
(E) The findings and recommendations required by Section 12100.111.
(F) A list of the administration representatives and stakeholders who participated in developing recommendations required by Section 12100.111 in the prior calendar year.
(G) A summary of actions taken to disseminate to relevant entities the findings and recommendations required by Section 12100.111.
(H) A list of implemented recommendations made pursuant to Section 12100.111 and, to the extent known to the Energy Unit, steps taken to implement those recommendations.
(I) Data on year-to-year changes in participation levels by business owner groups and individuals who live in disadvantaged communities in accessing energy industry resources identified pursuant to paragraphs (1) and (2) of subdivision (b) of Section 12100.111.
(J) Any recommendations to the Legislature that would accelerate the implementation of recommendations made pursuant to Section 12100.111.",HSC by proxy,Requires CES to be used in analysis,"Section 12100.111 is added to the Government Code, immediately following Section 12100.110","(a) The Legislature finds and declares all of the following:
...
(5) Effective pathways need to be created to ensure that disadvantaged businesses in areas of high poverty and low investment in California have access to the opportunities, resources, partnerships, knowledge, and enabling technologies necessary to start, build, and scale enterprises that create high road jobs and essential community wealth-building opportunities.",HSC,Program goals,"Section 12100.111 is added to the Government Code, immediately following Section 12100.110","(b) The Energy Unit shall do all of the following:
(1) Identify nonratepayer-funded energy industry resources, including, but not limited to, grants, tax credits, loans, and technical assistance, across local, state, and federal departments and agencies that are available to assist businesses and workers in the transition to a net-zero-powered economy.
(2) Work with the Small Business Advocate, the California Workforce Development Board, and the California Community Colleges to identify workforce development programs in California specific to the energy industry and gather data on how education and outreach is conducted to disadvantaged communities. Participation by a community college district shall be voluntary.",HSC by proxy,Community engagement outreach,"Section 12100.111 is added to the Government Code, immediately following Section 12100.110","(4) (A) Identify, in collaboration with the Small Business Advocate, the participation levels of businesses owned by women, minorities, disabled individuals, veterans, and individuals from disadvantaged communities in the energy resources identified in paragraphs (1) and (2).
(B) The Energy Unit may, to the extent consistent with the purposes of this section and determined by the Energy Unit to be a reliable information source, use data and other information reported by governmental entities, accredited academic institutions, or other public or private entities on diverse business and disadvantaged community participation levels, including, but not limited to, those sources identified in Section 25230 of the Public Resources Code.",HSC by proxy,Program eligibility,"Section 12100.111 is added to the Government Code, immediately following Section 12100.110","(5) Provide recommendations on addressing barriers to access the energy industry resources identified in paragraphs (1) and (2) faced by business owner groups and individuals who live in disadvantaged communities.
(A) To the extent that there are disparities between the eligible user population and the participation level, provide recommendations on how to increase participation levels among business-owner groups and individuals who live in disadvantaged communities.",HSC by proxy,"Community engagement outreach, Program eligibility","Section 12100.111 is added to the Government Code, immediately following Section 12100.110","(iii) Convene a technical advisory working group composed of representatives from chambers of commerce and other organizations with extensive experience serving the needs of businesses owned by women, minorities, disabled individuals, veterans, or individuals from disadvantaged communities. The Energy Unit shall use the expertise of the technical advisory group to overcome systemic barriers to obtaining information on why these business owners are not accessing eligible programs, create practical recommendations for reducing disparities between the eligible population and actual program utilization, and forge new relationships among program providers and stakeholders.",HSC by proxy,Advisory role,"Section 12100.111 is added to the Government Code, immediately following Section 12100.110","(7) The Energy Unit may consider findings and recommendations made in published reports related to the requirements of this article, including, but not limited to, all of the following:
(A) Information on the challenges faced by diverse business owner groups and individuals who live in disadvantaged communities to transition to cleaner energy sources.
(B) Information on how to increase diverse supplier participation in government contracting related to the energy sector and workforce training opportunities that lead to high road jobs in energy-related occupations in disadvantaged communities.
(C) The report on barriers to contracting opportunities for local small businesses in disadvantaged communities prepared pursuant to Section 25327 of the Public Resources Code.",HSC by proxy,Requires CES to be used in analysis,these are all actual amendings,bill requiring assessment and report recommendations for disadvantaged communities' business owners to access energy resources
AB 1237,Petrie-Norris,2/16/2023,Filed,,2/1/2024,Student financial aid: California Public Interest Veterinary Debt Relief Program.,Education and workforce,"This bill, upon appropriation by the Legislature, would establish the California Public Interest Veterinary Debt Relief Program under the administration of the commission to award funds to California-licensed veterinarians, in relief of their educational loan debt, as defined, who enter into a contract with the commission to provide veterinary services in eligible premises settings, as defined, on a full-time basis, as specified. The bill, upon appropriation by the Legislature, would establish the California Public Interest Veterinary Debt Relief Program Fund as the initial depository of all moneys appropriated, donated, or otherwise received for the program and would require the commission to disburse moneys in the fund for purposes of the program, as provided. The bill would require the commission, on or before March 31, 2026, and each year thereafter, to submit a report to the Legislature that includes specified information on the program, including the number of applicants and program participants and the amount of funds expended for the program.",Section 69691 is added to the Education Code,"(i) “Veterinary underserved area” means an area in California that meets at least one of the following:
(1) Is a veterinary services shortage situation identified by the United States Department of Agriculture’s National Institute of Food and Agriculture.
(2) Is a disadvantaged community identified by the California Environmental Protection Agency pursuant to Section 39711 of the Health and Safety Code.",HSC,Defining a community,Section 69691 is added to the Education Code,"(d) “Eligible premises setting” is a premises setting that meets at least one of the following:
(1) Provides community veterinary services and is located in a veterinary underserved area.
(2) Provides community veterinary services and has at least 50 percent of its client population who reside in a veterinary underserved area.
(3) Is an animal shelter.",HSC by proxy,Program eligibility,Section 69693 is added to the Education Code,"(d) In distributing program funds, the commission shall give priority consideration to an applicant who meets any of the following:
(1) Speaks one or more Medi-Cal threshold languages.
(2) Has worked for one or more years in a veterinary underserved area.",HSC by proxy,Funding prioritization,Section 69692 is added to the Education Code,69692. The California Public Interest Veterinary Debt Relief Program is hereby established under the administration of the commission to award funds to relieve the educational loan debt of eligible applicants who agree to work in eligible premises settings pursuant to this article. It is the intent of the Legislature that the commission implement and administer the program.,HSC by proxy,Program eligibility,Section 69693 is added to the Education Code,"69693. (a) An applicant shall submit a completed application developed by the commission. A completed application shall include documentation detailing the applicant’s educational loan debt.
(b) A program participant shall sign an agreement with the commission to maintain full-time employment in an eligible premises setting and complete a minimum of 60 months of work within 72 months of employment in an eligible premises setting.
(c) A program participant shall agree to provide an annual progress report, signed by both the participant and the participant’s employer or the employer’s designee. The progress report shall verify that the participant is employed full-time in an eligible premises setting.",HSC by proxy,Program eligibility,Section 69693 is added to the Education Code,"(e) A program participant shall be employed on a full-time basis in an eligible premises setting. The participant shall commit to complete a minimum of 60 months of service in an eligible premises setting within 72 months. Upon notice, the commission may grant exceptions to these requirements on a case-by-case basis to accommodate exceptional circumstances such as serious illness, pregnancy, or other reasons approved by the commission.
(f) Grant disbursements shall be deferred until the program participant is employed on a full-time basis in an eligible premises setting, and shall be suspended during periods of interruption in employment lasting more than one month.
(g) The commission may coordinate with local and statewide animal welfare and professional veterinary organizations, and educational institutions, to reach out to eligible premises settings and applicants.
(h) The commission shall develop a process for a program participant to repay any program grants disbursed if the program participant is terminated before completion of, or otherwise does not complete, 60 months of full-time work within 72 months in an eligible premises setting. Cause for termination from the program shall include, but is not limited to, a program participant’s failure to meet either of the following:",HSC by proxy,Program eligibility,Section 69695 is added to the Education Code,"The terms of grant disbursements under the program shall be as follows:
(a) After a program participant has entered into an agreement with the commission to participate in the program and is employed full-time in an eligible premises setting, the commission shall provide the participant thirty thousand dollars ($30,000) annually, for five years, to reach a total amount of one hundred fifty thousand dollars ($150,000) or the total amount of the participant’s educational loan debt, whichever is the lesser amount.
(b) The commission shall provide the initial grant disbursement to the participant within 30 days from the date in which the agreement between the commission and the participant is executed.
(c) The amount of each subsequent grant disbursement shall equal the amount of the initial disbursement. Subsequent disbursements shall be made within 30 days of months 13, 25, 37, 49 and 60 of the participant’s full-time work in an eligible premises setting.",HSC by proxy,Program eligibility,,,,,,"Bill establishing veterinary loan relief for working in an underserved area, including DACs"
AB 1232,Connolly,2/16/2023,Filed,,2/1/2024,Department of Food and Agriculture: resilient and higher welfare grant program.,Agriculture,"This bill would require the department to establish and administer a resilient and higher-welfare higher welfare grant program to support the implementation of higher standards of care and more climate-smart farming practices by providing education materials, outreach, and incentives to producers and processors seeking to improve farm animal welfare and increase capacity to meet growing demand for higher-welfare higher welfare and welfare-certified products, to comply with regulatory requirements, and to make necessary climate adaptations. The bill would require the department to establish an annual competitive grant application process that enables producers and processors seeking to improve farm animal welfare to apply to the department for financial assistance and to give priority to certain applications. The bill would require the department to conduct outreach and education to producers and processors with regard to the program and to publish a report on or before January 1, 2029, on its internet website summarizing the results of the program.",Article 7.5 (commencing with Section 540) is added to Chapter 3 of Part 1 of Division 1 of the Food and Agricultural Code,"543. (a) In awarding grants pursuant to this article, the department shall give first priority to applications for projects that occur in and benefit disadvantaged communities identified pursuant to Section 39711 of the Health and Safety Code and to applications for projects that occur in and benefit vulnerable communities, as defined in subdivision (d) of Section 71340 of the Public Resources Code.",HSC,Funding prioritization,,,,,,,,,,,,,,,,,,,,,,,,,,,,,,"provides more funding for climate-smart farming practices, with priority for places benefitting DACs"
AB 287,Garcia,1/24/2023,Filed,,2/1/2024,California Global Warming Solutions Act of 2006: Greenhouse Gas Reduction Fund: competitive grant programs: funding objectives.,"Community development grants, Carbon emissions, Housing, Greening","This bill, beginning July 1, 2025, would require state agencies administering competitive grant programs that allocate moneys from the fund to give specified communities preferential points during grant application scoring for programs intended to improve air quality, to provide for a specified application timeline, and to allow applicants from the Counties of Imperial and San Diego to include daytime population numbers in grant applications.
This bill, for competitive grant programs that involve housing, urban forestry, urban greening, or planning and that allocate moneys from the fund after July 1, 2025, would require state agencies administering those moneys from the fund to develop at least 3 categories for applications based on the population and density of the communities in which the proposed project is to be located and to develop scoring criteria for each category.
This bill would additionally require the moneys in the fund to be used to facilitate the achievement of reductions of greenhouse gas emissions consistent with the act and, where applicable and to the extent feasible, to promote climate adaptation, accelerate the development of low-carbon technology and reduce vehicle miles traveled, and promote partnerships between jurisdictions and public agencies, Native American tribes in the state, nonprofits, and other community institutions, among other objectives.
This bill also would require the Department of Finance to include in an annual report to the Legislature specified information on the applications received for each grant program allocating moneys from the fund.",Section 39712 of the Health and Safety Code is amended,"(b) Moneys shall be used to facilitate the achievement of reductions of greenhouse gas emissions in this state consistent with the California Global Warming Solutions Act of 2006 (Division 25.5 (commencing with Section 38500)) and, where applicable and to the extent feasible, shall:
...
(4) Direct investment toward the most disadvantaged communities, as identified pursuant to Section 39711, and disadvantaged households in the state.",HSC,Funding prioritization,,,,,,,,,,,,,,,,,,,,,,,,,,,,,,"provisions around grant funding related to GHG reduction projects, amendment specifies DACs from CES rather than disadvantaged generally"
AB 406,Connolly,2/2/2023,Filed,,2/1/2024,Agriculture: Healthy Soils Program: organic production.,Agriculture,"bill would additionally authorize the Healthy Soils Program to include the funding of organic farming projects that further the goals of the program and require the department to establish the technical advisory committee if it elects to fund those projects, as specified. The bill would require the department to support and incentivize organic production by providing grants of up to 5 years to certified organic farmers and ranchers, as defined, and during farmers’ or ranchers’ 3-year organic transition period, as described, and to prioritize applicants who propose to implement multiple healthy soils practices and certified organic farmer or rancher applicants. The bill would require the department to provide grants of up to 5 years for on-farm demonstration projects. The bill would require the department, on or before January 1, 2026, to submit a report to the Legislature on how the program incentivizes farmers and ranchers to implement multiple healthy soils practices, including incentivizing farmers and ranchers to transition to organic production.",Section 569 of the Food and Agricultural Code is amended,"(2) The department, in consultation with the panel, may determine priorities for the program and give priority to projects that occur in and benefit disadvantaged communities identified pursuant to Section 39711 of the Health and Safety Code, show promise of being replicable in other parts of the state, or provide environmental and agronomic cobenefits, such as improved air and water quality, improved crop yield, and reduced soil erosion.",HSC,Program prioritization,,,,,,,,,,,,,,,,,,,,,,,,,,,,,,"Bill expanding healthy soils program to support and incentivize organic production. i believe an existing code, but priority for programs serving DACs"
SB 1118,Eggman,2/13/2024,Vetoed,,9/22/2024,Solar on Multifamily Affordable Housing Program.,Housing,"This bill would provide that property that is owned by a tribe is not required to be deed restricted to be eligible for the program, but is required to meet the income requirements of the program, as specified. The bill would require a property that is owned by a tribe that is not deed restricted to have received public financing to fund affordable housing in order to be eligible for the program, as provided.",Section 2870 of the Public Utilities Code is amended,"(3) “Qualified multifamily affordable housing property” means a multifamily residential property of at least five rental housing units that is, or will be, operated to provide deed-restricted low-income residential housing, as defined in clause (i) of subparagraph (A) of paragraph (3) of subdivision (a) of Section 2852, and that meets one or more of the following requirements:
(A) The property is located in a disadvantaged community, as identified by the California Environmental Protection Agency pursuant to Section 39711 of the Health and Safety Code.",HSC,Defining a community,Section 2870 of the Public Utilities Code is amended,"(f) (1) By June 30, 2017, the commission shall authorize the award of monetary incentives for qualifying solar energy systems that are installed on qualified multifamily affordable housing properties through December 31, 2032. The target of the program is to install a combined generating capacity of at least 300 megawatts on qualified properties.",HSC by proxy,Program eligibility,Section 2870 of the Public Utilities Code is amended,(i) The commission shall determine the eligibility of qualified multifamily affordable housing property tenants that are customers of community choice aggregators.,HSC by proxy,Program eligibility,,,,,,,,,,,,,,,,,,,,,,"Provision on same program from SB 355 that clarifies tribal owned property is required to meet income requirements, not be deed restricted. no change to DACs"
ABX2-6,Lackey,9/11/2024,Introduced,Read first time,9/25/2024,California Environmental Quality Act: expedited judicial review: petroleum storage projects.,"Oil & gas, Land use","This bill would revise the definition of “energy infrastructure projects” to include projects that increase the storage of petroleum products at a refinery meeting certain requirements. Because the bill would impose additional duties on lead agencies in conducting the environmental review of petroleum storage projects that are certified by the Governor, including the concurrent preparation of the record of proceedings, this bill would impose a state-mandated local program.",Section 21189.81 of the Public Resources Code is amended,(b) “Disadvantaged community” means an area identified by the California Environmental Protection Agency pursuant to Section 39711 of the Health and Safety Code or an area identified as a disadvantaged unincorporated community pursuant to Section 65302.10 of the Government Code.,HSC,Defining a community,,,,,,,,,,,,,,,,,,,,,,,,,,,,,,"i believe no change to DACs. law to include storage of petroleum products at refineries in definition of energy infrastructure projects, subject to CEQA streamlining benefits"
AB 3114,Low,2/16/2024,Referred,Re-referred to Com. on NAT. RES.,3/19/2024,California Environmental Quality Act: expedited judicial review: sustainable aviation fuel projects.,"Oil & gas, Land use","This bill would authorize the Governor to certify sustainable aviation fuel projects, as defined, meeting certain requirements as infrastructure projects, thereby providing the above streamlining benefits to those projects. By expanding the duties of a lead agency as they relate to infrastructure projects to sustainable aviation fuel projects, this bill would impose a state-mandated local program.",Section 21189.81 of the Public Resources Code is amended,(b) “Disadvantaged community” means an area identified by the California Environmental Protection Agency pursuant to Section 39711 of the Health and Safety Code or an area identified as a disadvantaged unincorporated community pursuant to Section 65302.10 of the Government Code.,HSC,Defining a community,Section 21189.82 of the Public Resources Code is amended to read:,"(c) An applicant for certification of an infrastructure project under this chapter shall do all of the following:
(1) Avoid or minimize significant environmental impacts in any disadvantaged community.
(2) If measures are required pursuant to this division to mitigate significant environmental impacts in a disadvantaged community, mitigate those impacts consistent with this division, including Section 21002. Mitigation measures required under this subdivision shall be undertaken in, and directly benefit, the affected community.",HSC by proxy,Mitigation,,,,,,,,,,,,,,,,,,,,,,,,,,Not necessarily amendments to DACs but relates to sustainable aviation fuel projects. 
AB 779,Wilson,2/13/2023,Enacted,,10/10/2023,Groundwater: adjudication.,Water supply,"This bill would require the court, in an adjudication action for a basin required to have a groundwater sustainability plan.. have it posted on the internet... submit copies to court in adjudication proceeding... host public meeting to explain adjudication process... require meeting to be recorded and shared... invite state board or department representative to meeting",Section 850 of the Code of Civil Procedure is amended,"(e) For purposes of this section the following definitions apply:
(1) “Disadvantaged communities” means communities identified by the California Environmental Protection Agency as disadvantaged communities pursuant to Section 39711 of the Health and Safety Code.",HSC,Defining a community,Section 850 of the Code of Civil Procedure is amended,"850. (a) The court may enter a judgment in a comprehensive adjudication if the court finds that the judgment meets all of the following criteria:
...
(4) It considers the water use of and accessibility of water for small farmers and disadvantaged communities. This consideration shall be consistent with the conditions identified in this subdivision.",HSC by proxy,Requires CES to be used in analysis,,,,,,,,,,,,,,,,,,,,,,,,,,"Bill requires groundwater sustainability plans for basins in adjudication action, including public meetings and consideration of use and accessibility of water for small farmers and DACs when entering judgement"
SB 527,Min,2/13/2023,Returned to Secretary,,2/1/2024,Neighborhood Decarbonization Program.,Carbon emissions,"Would require PUC in consultation with gas corporations to develop, supervise Neighborhood Decarbonization Program to facilitate cost-effective decarbonization of targeted natural gas zones... requires roles, responsibilities, timelines to determine whether gas service may be discontinued... no more than 15 pilot projects across the state affecting no more than 1% of each gas corporation's customers. authorizes gas corporation to cease providing service where pilot project authorized has been implemented",Chapter 8.8 (commencing with Section 1650) is added to Part 1 of Division 1 of the Public Utilities Code,(a) “Disadvantaged community” means a community identified as a disadvantaged community pursuant to Section 39711 of the Health and Safety Code.,HSC,Defining a community,findings,"SECTION 1. (a) The Legislature finds and declares all of the following:(b)
(2) Building decarbonization should prioritize high road jobs for workers and prioritize benefits to disadvantaged and low-income communities.",HSC by proxy,Program goals,,,,,,,,,,,,,,,,,,,,,,,,,,"bill on neighborhood decarbonization programs, language seems to live on in SB 1221"
SB 239,Dahle,1/24/2023,Returned to Secretary,,2/1/2024,California Environmental Quality Act: housing development projects: judicial proceedings.,"Housing, Land use","This bill would limit the standing to file and maintain the above action or proceeding to the Attorney General. The bill would authorize the court, upon its own motion or of a party, to conduct a hearing to determine if the Attorney General is bringing and maintaining an action or proceeding for nonenvironmental purposes, as defined. If the court determines that the action is brought or maintained for nonenvironmental purposes, the bill would authorize the court to take necessary actions, including the dismissal of the action or proceeding, award of attorneys’ fees, or both dismissal and award.
This bill would prohibit the court from staying or enjoining the construction or operation of a project unless it makes certain findings.
This bill would prohibit additional or subsequent CEQA actions or proceedings if an action or proceeding under CEQA has already been instituted against a housing development project, as defined, and a trial court has issued a peremptory writ of mandate, as prescribed. The bill would require that any claims regarding the lead agency’s noncompliance with the peremptory writ be raised during the public comment period provided in connection with the lead agency’s action to comply with the peremptory writ and when the lead agency makes a return to the peremptory writ. The bill would limit those claims to the adequacy of the lead agency’s remedial compliance efforts in response to the peremptory writ, and would prohibit the court from considering issues, claims, or complaints under CEQA that were not raised in the original action or proceeding or that were not resolved by the trial court in favor of the petitioners in the original action or proceeding from which the peremptory writ was issued. The bill would also prohibit subsequent actions or proceedings under CEQA against a housing development project if that project has already been subject to suit under CEQA and a court has entered a final judgment in that action or proceeding. The bill would specify that it does not extend any statute of limitations.",Section 21175 is added to the Public Resources Code,"21175. (a) For purposes of this section, the following definitions apply:
(1) “Commercial project” means a project, either commercial or industrial, located in a community that has an unemployment rate that is higher than the state’s median unemployment rate at the time that the environmental impact report is certified or in a disadvantaged community as defined in Section 39711 of the Health and Safety Code.",HSC,Program eligibility,,,,,,,,,,,,,,,,,,,,,,,,,,,,,,Provisions around judicial proceedings regarding CEQA and housing projects
AB 1181,Zbur,2/16/2023,"Amended out of the bill, Filed",,2/1/2024,Solar energy systems,Energy,"This bill would require the commission, on or before January 1, 2025, and as part of a new or existing proceeding, to evaluate program or tariff improvements to multifamily installations of hybrid resources, specifically the inclusion of energy storage paired with solar energy systems, and to consider possible adjustments to existing or successor tariffs to facilitate the installation of energy storage technologies with new or existing solar energy systems, as specified.",Section 2870 of the Public Utilities Code is amended,".(a)As used in this section, the following definitions apply:
...
(3)“Qualified multifamily affordable housing property” means a multifamily residential building of at least five rental housing units that is operated to provide deed-restricted low-income residential housing, as defined in clause (i) of subparagraph (A) of paragraph (3) of subdivision (a) of Section 2852, and that meets one or more of the following requirements:
(A)The property is located in a disadvantaged community, as identified by the California Environmental Protection Agency pursuant to Section 39711 of the Health and Safety Code.""",HSC,Program eligibility,Section 2870 of the Public Utilities Code is amended,"(b)(1)Adoption and implementation of the Multifamily Affordable Housing Solar Roofs Program may count toward the satisfaction of the commission’s obligation to ensure that specific alternatives designed for growth among residential customers in disadvantaged communities are offered as part of the standard contract or tariff authorized pursuant to paragraph (1) of subdivision (b) of Section 2827.1.
(2)This section does not preclude electrical corporations from offering and administering a distributed energy resource program, including solar energy systems, in disadvantaged communities offered under current or proposed programs using funds provided under subdivision (c) of Section 748.5 or programs proposed to comply with paragraph (1) as approved by the commission.",HSC by proxy,Program eligibility,Section 2870 of the Public Utilities Code is amended,(6)The commission shall establish local hiring requirements for the program to provide economic development benefits to disadvantaged communities.,HSC by proxy,Program eligibility,,,,,,,,,,,,,,,,,,,,,,All HSC/disadvantaged pieces amended out
AB 3264,Petrie-Norris,2/16/2024,Enacted,,9/27/2024,Energy: cost framework: residential rates: demand-side management programs report: electrical transmission grid study,Energy,"This bill would require the PUC, in consultation with the State Energy Resources Conservation and Development Commission (Energy Commission), to develop a framework for assessing, tracking, and analyzing total annual energy costs paid by residential households in California, as specified. requires study to dentify proposals to reduct cost for ratepayers",Section 913.5 of the Public Utilities Code is amended,"(b) In the report submitted pursuant to subdivision (a), the commission shall also report to the Legislature on the progress toward achieving the targets established pursuant to subdivision (a) of Section 454.55 and subdivision (a) of Section 454.56. The commission shall include specific strategies for, and an update on, progress toward maximizing the contribution of energy and electricity efficiency bill savings in disadvantaged communities identified pursuant to Section 39711 of the Health and Safety Code.",HSC,Requires CES to be used in analysis,findings,(2) Increases in total energy costs disproportionately burden low-income and disadvantaged communities.,HSC by proxy,Used as data in support of writing the bill,,,,,,,,,,,,,,,,,,,,,,,,,,requires public utilities commission to study how to make electricity rates cheaper
AB 3121,Petrie-Norris,2/16/2024,Held in Committee,"In committee: Set, first hearing. Hearing canceled at the request of author.",8/30/2024,Public utilities: incentive programs,Energy,"regarding the multi family affordable housing solar roofs program, requires PUC to refund remaining credit to residential retail customers of electricla corporations",Section 2870 of the Public Utilities Code is amended to read:,"(3) “Qualified multifamily affordable housing property” means a multifamily residential property of at least five rental housing units that is, or will be, operated to provide deed-restricted low-income residential housing, as defined in clause (i) of subparagraph (A) of paragraph (3) of subdivision (a) of Section 2852, and that meets one or more of the following requirements:
(A) The property is located in a disadvantaged community, as identified by the California Environmental Protection Agency pursuant to Section 39711 of the Health and Safety Code.",HSC,Defining a community,Section 2870 of the Public Utilities Code is amended,"(f) (1) By June 30, 2017, the commission shall authorize the award of monetary incentives for qualifying solar energy systems that are installed on qualified multifamily affordable housing properties through December 31, 2032. The target of the program is to install a combined generating capacity of at least 300 megawatts on qualified properties.",HSC by proxy,Program eligibility,,,,,,,,,,,,,,,,,,,,,,,,,,Refunds through the multifamily affordable housing solar roofs program
AB 558,Arambula,2/8/2023,Filed,,2/1/2024,Fresno County Transportation Authority.,Transportation: transit,"bill would increase authority membership to 13 members, adding a member from public who represents a labor organization, youth member, communty member from DAC unincorporated area, educational member. makes projects subject to CEQA to mitigate further pollution of DACs or unincorporated DACs, authorizes tax ordinance, place additional reuqirements on agency before a plan, like a participatory public process, ensure proposals comply with state climate, air quality, and equity goals",Section 142105 of the Public Utilities Code is amended,"(f) (1) Comply with state climate, air quality, and equity goals when funding projects.
(2) Projects funded by the authority shall help mitigate any further pollution in disadvantaged communities, as defined in Section 39711 of Health and Safety Code, or in disadvantaged unincorporated communities, as defined in Section 65302.10 of the Government Code.",HSC,Mitigation,Section 142051 of the Public Utilities Code is amended,"(h) (1) One local community member who is from a disadvantaged, unincorporated area of the county and is involved in community and civic advocacy, appointed by the board of supervisors and selected from a nominee list submitted pursuant to paragraph (2).",HSC by proxy,Advisory role,,,,,,,,,,,,,,,,,,,,,,,,,,"bill to require fresno transit authority add members to its board, including one from an unincorporated DAC, and for adopted projects to comply with sate goals, including not further pollution on DACs"
AB 3265,Bryan,2/16/2024,Enacted,,9/14/2024,California Environmental Quality Act: environmental leadership media campus projects: judicial streamlining,Land use,"bill would establish streamlined procedures for the administrative and judicial review of the environmental review and approvals granted for an environmental leadership media campus project, defined by the bill as a construction or renovation project on a film and television media campus in the County of Los Angeles, under certain conditions","Section 21168.6.6 is added to the Public Resources Code, immediately following Section 21168.6",(1) “Disadvantaged community” means an area identified by the California Environmental Protection Agency pursuant to Section 39711 of the Health and Safety Code or an area that is a disadvantaged unincorporated community pursuant to Section 65302.10 of the Government Code.,HSC,Defining a community,Section 21168.6.6 is added to the Public Resources Code,"(5) If measures are required to mitigate significant environmental impacts in a disadvantaged community, those impacts will be mitigated consistent with this division, including Section 21002, and the mitigation measures required under this subdivision will be undertaken in, and directly benefit, the affected community.",HSC by proxy,Mitigation,,,,,,,,,,,,,,,,,,,,,,,,,,CEQA streamlining for media and film sites in LA County
SB 583,Padilla,2/15/2023,Enacted,,9/27/2024,Salton Sea Conservancy,Governance: of programs,"This bill would establish the Salton Sea Conservancy within the Natural Resources Agency for specified purposes related to the Salton Sea region, including to operate, maintain, and manage projects, as they are completed, that are planned or built under the authority of the Salton Sea Management Program to fulfill the state’s obligations as detailed in State Water Resources Control Board Order WR 2017-0134 and to acquire, hold, and manage land and property rights, including easements and water rights, within the Salton Sea Region after restoration or mitigation projects are built. The bill would require the conservancy to carry out programs, projects, and activities to further those purposes. The bill would require, by January 1, 2026, the conservancy to be governed by a board of directors composed of designated membership, including certain members appointed by certain local agencies. The bill would set forth the powers, duties, and limitations of the board of directors and the conservancy, as provided. The bill would create the Salton Sea Conservancy Fund and would state that the Legislature intends to support the fund through authorized proceeds from the sale of bonds and allocations from the Salton Sea Lithium Fund. The bill would make its provisions operative only if the Safe Drinking Water, Wildfire Prevention, Drought Preparedness, and Clean Air Bond Act of 2024 is approved by the voters at the November 5, 2024, statewide general election.", Section 33814 is added to the Public Resources Code,"(f) Each voting member specified in subparagraphs (A) to (O), inclusive, of paragraph (1) of subdivision (a) shall have demonstrated interest and expertise in at least one of the conservancy’s purposes described in subdivision (a) of Section 33812. This demonstrated interest and expertise shall include, but is not limited to, any of the following:
(1) Experience with any of the following:...
(3) Experience with activities that benefit disadvantaged communities identified pursuant to Section 39711 of the Health and Safety Code.",HSC,Advisory role, Section 33828 is added to the Public Resources Code,"(g) The conservancy may provide advance payment of up to one-half of the total grant award for a project that satisfies both of the following criteria:
(1) The project proponent is a nonprofit organization or a disadvantaged community, or the project benefits a disadvantaged community.",HSC by proxy,Program eligibility,,,,,,,,,,,,,,,,,,,,,,,,,,"Establishes Salton Sea conservancy, including an advisory board with a member spot for someone with experience working with DACs and expedited funding for DACs or non profit"
SB 303,Allen,2/2/2023,Vetoed,,1/25/2024,Solid waste: Plastic Pollution Prevention and Packaging Producer Responsibility Act,Waste: plastic,"The act prohibits a producer from selling, offering for sale, importing, or distributing covered materials in the state unless the producer is approved to participate in the producer responsibility plan of a producer responsibility organization (PRO), as prescribed, for the source reduction, collection, processing, and recycling of covered material, except as provided.
The act requires the department to establish a producer responsibility advisory board... The act authorizes the department to adopt regulations to identify responsible end markets and to establish criteria regarding benefits to the environment and minimizes risks to public health and worker health and safety. ",Section 42041 of the Public Resources Code is amended,(i) “Disadvantaged community” means an area identified by the California Environmental Protection Agency pursuant to Section 39711 of the Health and Safety Code or an area identified as a disadvantaged unincorporated community pursuant to Section 65302.10 of the Government Code.,HSC,Defining a community,Section 42060 of the Public Resources Code is amended,"(e) In adopting regulations pursuant to this section, the department shall ensure the regulations, and activities conducted in accordance with the regulations, avoid or minimize disproportionate impacts to disadvantaged or low-income communities or rural areas.",HSC by proxy,Mitigation,Section 42070 of the Public Resources Code is amended,"42070. (a) In implementing this chapter, the department shall establish a producer responsibility advisory board for the purpose of identifying barriers and solutions to creating a circular economy consistent with this chapter and advising the department, producers, and producer responsibility organizations in the implementation of this chapter. The advisory board shall be composed of 13 voting and 3 nonvoting members as provided in the following categories, who shall be appointed by the director:...
(6) One representative from a disadvantaged or low-income community or rural area.",HSC by proxy,Advisory role,,,,,,,,,,,,,,,,,,,,,,"prohibits producers from selling/distributing plastic unless they are collecting it (i think), establishes advisory board for circular economy and has representative from DAC, mitigate pollution"
SB 576,Nguyen,2/15/2023,Returned to Secretary,,2/1/2024,General plans: land use element: military sites,"Housing, Planning","This bill, commencing January 1, 2025, would require the legislative body of a city or county, upon any substantive revision of its land use element, to modify that element to prohibit high-density housing, as defined, from being built within a 5-mile radius of a military installation or other site deemed sensitive to national security by the United States Department of Defense, except as specified. By placing new duties on county and city officials with respect to their land use planning, the bill would impose a state-mandated local program.",Section 65302 of the Government Code is amended,"(A) “Disadvantaged communities” means an area identified by the California Environmental Protection Agency pursuant to Section 39711 of the Health and Safety Code or an area that is a low-income area that is disproportionately affected by environmental pollution and other hazards that can lead to negative health effects, exposure, or environmental degradation.",HSC,Defining a community,Section 65302 of the Government Code is amended,"(h) (1) An environmental justice element, or related goals, policies, and objectives integrated in other elements, that identifies disadvantaged communities within the area covered by the general plan of the city, county, or city and county, if the city, county, or city and county has a disadvantaged community. The environmental justice element, or related environmental justice goals, policies, and objectives integrated in other elements, shall do all of the following:
(A) Identify objectives and policies to reduce the unique or compounded health risks in disadvantaged communities by means that include, but are not limited to, the reduction of pollution exposure, including the improvement of air quality, and the promotion of public facilities, food access, safe and sanitary homes, and physical activity.
(B) Identify objectives and policies to promote civil engagement in the public decisionmaking process.
(C) Identify objectives and policies that prioritize improvements and programs that address the needs of disadvantaged communities.",HSC by proxy,Program goals,,,,,,,,,,,,,,,,,,,,,,,,,,"No change to DAC, bill prohibiting MFH within 5 mi of military sites"
AB 178,Committee on Budget,1/9/2023,Enacted,,9/30/2024,Public resources trailer bill.,Governance: of state government,affecting several laws and programs,"Section 106 of Chapter 73 of the Statutes of 2021, as amended by Section 69 of Chapter 72 of the Statutes of 2024, is amended","(i) (1) Moneys appropriated from the Greenhouse Gas Reduction Fund pursuant to this section shall be used for the purpose of facilitating the achievement of reductions of emissions of greenhouse gases in this state in accordance with the requirements of Section 39712 of the Health and Safety Code or to improve climate change adaptation and resiliency, or environmental quality and public health, of California’s communities, with an emphasis on disadvantaged communities, as defined in Section 39711 of the Health and Safety Code, or low-income households or communities, as defined in Section 39713 of the Health and Safety Code, consistent with Division 25.5 (commencing with Section 38500) of the Health and Safety Code.",HSC,Funding prioritization,"Section 106 of Chapter 73 of the Statutes of 2021, as amended by Section 69 of Chapter 72 of the Statutes of 2024, is amended",(d) It is the intent of the Legislature that the funds appropriated pursuant to subdivision (a) be used to decrease environmental burdens on disadvantaged communities and not create an increased obligation to the state to fund the cleanup of orphan sites.,HSC by proxy,"Mitigation, Program goals","Section 106 of Chapter 73 of the Statutes of 2021, as amended by Section 69 of Chapter 72 of the Statutes of 2024, is amended","(2) For moneys appropriated from the Greenhouse Gas Reduction Fund pursuant to this section, the Department of Toxic Substances Control may also comply with the requirements of paragraphs (2) and (3) of subdivision (a) of Section 16428.9 of the Government Code by describing how each proposed expenditure will improve climate change adaptation and resiliency, or environmental quality and public health, of disadvantaged communities or low-income households or communities.",HSC by proxy,Program eligibility,,,,,,,,,,,,,,,,,,,,,,"Budget bill, several programs discussed, amended some of funds from GHG reduction fund, though no changes to DACs i believe"
AB 1889,Friedman,1/22/2024,Enacted,,9/27/2024,Conservation element: wildlife and habitat connectivity.,Land use,"bill would additionally require the conservation element to consider the effect of development within the jurisdiction on the movement of wildlife and habitat connectivity. The bill would require the conservation element, upon the next update of one or more elements on or after January 1, 2028, to, among other things, identify and analyze connectivity areas, permeability, and natural landscape areas within the jurisdiction, identify and analyze existing or planned wildlife passage features, and consider the impacts of development and the barriers caused by development to wildlife, as defined, and habitat connectivity. The bill would authorize a city, county, or city and county to incorporate by reference into its general plan an existing plan, including a certified local coastal plan, that meets these requirements. The bill would authorize a city, county, or city and county preparing to update its conservation element to consider incorporating appropriate standards, policies, and feasible implementation programs, consult with specified entities, and consider relevant best available science and the most appropriately scaled scientific information on linkages, corridors, and other locations that are essential to maintain landscape connectivity. The bill would authorize a city, county, or city and county to consult with other appropriate entities and meet the above-described requirements in a separate component or section of the general plan entitled a wildlife connectivity element. The bill would include related legislative findings and declarations. By adding to the duties of county and city officials in the administration of their land use planning duties, this bill would impose a state-mandated local program.",Section 65302 of the Government Code is amended,"(A) “Disadvantaged communities” means an area identified by the California Environmental Protection Agency pursuant to Section 39711 of the Health and Safety Code or an area that is a low-income area that is disproportionately affected by environmental pollution and other hazards that can lead to negative health effects, exposure, or environmental degradation.",HSC,Defining a community,,,,,,,,,,,,,,,,,,,,,,,,,,,,,,"not affecting DACs, just brought up in land use planning code"
SB 149,Caballero,1/18/2023,Enacted,,7/10/2023,California Environmental Quality Act: administrative and judicial procedures: record of proceedings: judicial streamlining,Land use,"bill would authorize the public agency to deny the request of the plaintiff or petitioner to prepare the record of proceedings, as provided, in which case the bill would require the public agency or the real party in interest to bear the costs of preparation and certification of the record of proceedings and would prohibit the recovery of those costs from the plaintiff or petitioner. The bill would require the court to schedule a case management conference within 30 days of the filing of an action to review the scope, timing, and cost of the record of proceedings. The bill would require that an electronic copy of the certified record of proceedings be lodged with the court. ill would extend the Governor’s authority to certify a project to before January 1, 2032. The bill would expressly provide that the cost of preparing the record of proceedings for the project is not recoverable from the plaintiff or petitioner before, during, or after any litigation. The bill would provide that if a lead agency fails to approve a project certified by the Governor before January 1, 2033, the certification is no longer valid. The bill would repeal the Leadership Act on January 1, 2034. Because the bill would extend the duties of the lead agency under the Leadership Act, this bill would impose a state-mandated local program.
This bill would establish procedures for the preparation of the record of proceedings for projects that are certified by the Governor as an infrastructure project, as defined. The bill would require an action or proceeding challenging the certification of an EIR for those projects or the granting of any project approvals, including any potential appeals to the court of appeal or the Supreme Court, to be resolved, to the extent feasible, within 270 days of the filing of the record of proceedings with the court.",Section 21189.81 is added to the Public Resources Code,(b) “Disadvantaged community” means an area identified by the California Environmental Protection Agency pursuant to Section 39711 of the Health and Safety Code or an area identified as a disadvantaged unincorporated community pursuant to Section 65302.10 of the Government Code.,HSC,Defining a community,Section 21189.82 is added to the Public Resources Code,"(c) An applicant for certification of an infrastructure project under this chapter shall do all of the following:
(1) Avoid or minimize significant environmental impacts in any disadvantaged community.
(2) If measures are required pursuant to this division to mitigate significant environmental impacts in a disadvantaged community, mitigate those impacts consistent with this division, including Section 21002. Mitigation measures required under this subdivision shall be undertaken in, and directly benefit, the affected community.",HSC by proxy,Mitigation,,,,,,,,,,,,,,,,,,,,,,,,,,"another CEQA streamlining bill, gives governor authority to certify a project, and even provisions regarding the supreme court"
AB 1504,McCarty,2/17/2023,Filed,,2/1/2024,Planning and zoning: electric vehicle charging infrastructure: public right-of-way.,"Planning, Transportation: ZEV","provisions described above do not apply to applications to install an electric vehicle charging station or hydrogen-fueling station in a public right-of-way. The bill would require local agencies to complete a plan for the installation of electric vehicle charging stations in the public right-of-way that includes, but is not limited to, a permitting process. In developing the plan and permitting process, the bill would require local agencies to take specified actions....  require the Energy Commission, working with the state board and the PUC, to instead prepare a statewide assessment of the electric vehicle charging infrastructure needed to support the levels of light- and heavy-duty electric vehicle adoption required for the state to meet the goals of a specified executive order, a mobile source strategy, and achieving carbon neutrality as soon as possible and no later than 2045. ",Section 65850.72 is added to the Government Code,(1) “Disadvantaged communities” means communities identified as disadvantaged communities pursuant to Section 39711 of the Health and Safety Code.,HSC,Defining a community,Section 65850.72 is added to the Government Code,"(c) In developing the plan and permitting process pursuant to subdivision (b), the local agency shall do all of the following:
(1) Consult with all of the following:..
(7) Complete an equity analysis to determine locations for electric vehicle charging stations in the public right-of-way in the jurisdiction of the local agency that will most effectively and efficiently reduce barriers to equitable access to electric vehicle charging stations in the public right-of-way, including, but not limited to, multiunit developments and disadvantaged communities.",HSC by proxy,Requires CES to be used in analysis,Section 25229 of the Public Resources Code is amended,"(a) The commission, working with the State Air Resources Board and the Public Utilities Commission, shall prepare a statewide assessment of the electric vehicle charging infrastructure needed to support the levels of light- and heavy-duty electric vehicle adoption required for the state to meet the goals specified in Executive Order No. N-79-20 (September 23, 2020), the mobile source strategy updated pursuant to Section 43024.2 of the Health and Safety Code, and the goal of achieving carbon neutrality as soon as possible and no later than 2045, consistent with Section 38562.2 of the Health and Safety Code....
(d) The assessment shall evaluate the impact of the deployment scenarios described in subdivision (c) on equitable access to publicly available direct current fast chargers, including, but not limited to, in rural, low-income, and disadvantaged communities.",HSC by proxy,Requires CES to be used in analysis,Section 25229 of the Public Resources Code is amended,"(e) As a part of the assessment, the commission, in consultation with stakeholders, shall identify workforce development and training resources needed to meet the goals described in subdivision (a), to meet the array of power levels identified in subdivision (c), and to achieve a cost-effective and equitable electric vehicle charging network in the state. These resources shall include, but are not limited to, qualified apprenticeships, on-the-job training programs, and other training opportunities, including demonstrated field experience with an array of electric vehicle charging technologies and power levels, including those that may not be covered by the curriculum of the Electric Vehicle Infrastructure Training Program, as described in Section 740.20 of the Public Utilities Code, that build career pipelines in the zero-emission transportation sector and provide long-term employment in disadvantaged communities.",HSC by proxy,Program goals,,,,,,,,,,,,,,,,,,bill about ZEV charging network/infrastructure to assess impact of equitable deployment and impacts on DACs
AB 2583,Berman,2/14/2024,"Amended out of the bill, Held in Committee",,8/15/2024,School zones: speed limits.,Planning,"This bill would, until January 1, 2028, instead establish a prima facie speed limit of 25 miles per hour in a school zone, as defined, subject to specified conditions, including, among others, when a school speed limit sign states “when children are present” and children are present, as defined, and when a school speed limit sign states specific hours, as specified. The bill would, notwithstanding the above provision and until January 1, 2028, authorize a local authority, by ordinance or resolution, to determine and declare a prima facie speed limit of 20 miles per hour in a school zone. The bill would, beginning on January 1, 2028, establish a prima facie speed limit of 20 miles per hour in a school zone, subject to conditions similar to those described above. By establishing new prima facie speed limits in school zones that would require changes to local speed limit signs, this bill would impose a state-mandated local program.... The bill would instead authorize a local authority, by ordinance or resolution, to determine and declare a prima facie speed limit of 15 miles per hour in a residence district on a highway with a posted speed limit of 30 miles per hour or slower in a school zone, or 25 miles per hour when approaching from a school zone at a distance of 500 to 1,000 feet, without the above-mentioned conditions, as specified.",Section 65302 of the Government Code is amended,"(A) “Disadvantaged communities” means an area identified by the California Environmental Protection Agency pursuant to Section 39711 of the Health and Safety Code or an area that is a low-income area that is disproportionately affected by environmental pollution and other hazards that can lead to negative health effects, exposure, or environmental degradation.",HSC,Defining a community,,,,,,,,,,,,,,,,,,,,,,,,,,,,,,"not affecting DACs, just brought up in land use planning code. amended out"
AB 173,Committee on Budget,1/9/2023,Enacted,,7/2/2024,Transportation budget trailer bill.,Governance: of state government,"multiple provisions to laws and programs affecting transportation, including clean fleets, CHP, high speed rail, etc",Section 104.3 of the Streets and Highways Code is amended,"(h) (1) Within one year of June 30, 2022, the department shall develop guidelines, including project selection criteria, program evaluation metrics, and targeted technical assistance strategies to implement the program. The guidelines shall be exempt from the Administrative Procedure Act (Chapter 3.5 (commencing with Section 11340) of Part 1 of Division 3 of Title 2 of the Government Code).
(2) In developing guidelines pursuant to this section, the department shall solicit input from local communities.
(3) The guidelines shall include, but shall not be limited to, all of the following:
(A) (i) A requirement that 100 percent of the program funds are awarded to projects that benefit underserved communities. For purposes of the program, the department shall establish a data-driven definition for underserved communities that may include, but need not be limited to, disadvantaged communities, as identified pursuant to Section 39711 of the Health and Safety Code, and low-income communities, as defined in paragraph (2) of subdivision (d) of Section 39713 of the Health and Safety Code.",HSC,Program eligibility,,,,,,,,,,,,,,,,,,,,,,,,,,,,,,"Budget bill, several programs discussed, amended some of federal reconnecting communities pilot program, DACs in there"
SB 157,Wiener,1/18/2023,Inactive File,,8/29/2024,Budget Act of 2024,Governance: of state government,"The Budget Act of 2024 made appropriations for the support of state government for the 2024–25 fiscal year.
This bill would amend the Budget Act of 2024 by amending, adding, and repealing items of appropriation and making other changes.
This bill would declare that it is to take effect immediately as a Budget Bill.",budget,"Of the funds appropriated in Schedule (1), $12,500,000 shall be used for the Listos California Grant program. The Listos California Grant program shall be managed by the Office of Diversity, Equity, and Inclusion within the Executive Office of the Office of Emergency Services. The grants shall be used to provide accessible and culturally competent outreach and resources with assessment and criteria for allocation of funds prioritized for, but not limited to, geographic areas of greatest all hazard risk and vulnerability as highlighted in and demonstrated by the California State Hazard Mitigation Plan; underresourced communities as defined in Section 39711 of the Health and Safety Code, subdivision (d) of Section 39713 of the Health and Safety Code, or subdivision (g) of Section 75005 of the Public Resources Code. The grants shall be administered consistent with the emergency management system described in Section 8607 of the Government Code, including, but not limited to, being informed by community-based and nongovernmental organizations and local emergency service networks, including county emergency officials. The Office of Diversity, Equity, and Inclusion shall provide eligible organizations within the identified geographic areas an opportunity to apply to the Listos California Grant program. The Office of Emergency Services shall report to the appropriate budget committees of the Legislature, the Senate Committee on Governmental Organization, the Assembly Committee on Emergency Management, and the Legislative Analyst’s Office on the expenditure of these funds on or before February 1, 2026, including the following:",HSC,Funding prioritization,Section 15.14 of the Budget Act of 2024 is amended,"(g) The following provisions apply to specified Greenhouse Gas Reduction Fund appropriations, including Items 0540-001-3228, 0650-101-3228, 3360-001-3228 (Schedule 2), 3640-101-3228, 3760-102-3228, 3860-001-3228, 3860-101-3228, 3860-301-3228, and 3940-102-3228.
(1) The funds shall be used for the purpose of facilitating the achievement of reductions of greenhouse gas emissions in this state in accordance with the requirements of Section 39712 of the Health and Safety Code or to improve climate change adaptation and resiliency, or environmental quality and public health, of California’s communities, with an emphasis on disadvantaged communities, as defined in Section 39711 of the Health and Safety Code, or low-income households or communities, as defined in Section 39713 of the Health and Safety Code, consistent with Division 25.5 (commencing with Section 38500) of the Health and Safety Code.",HSC,Funding prioritization,Section 15.14 of the Budget Act of 2024 is amended,"(2) A state agency may also comply with the requirements of paragraphs (2) and (3) of subdivision (a) of Section 16428.9 of the Government Code by describing how each proposed expenditure will improve climate change adaptation and resiliency, or environmental quality and public health, of disadvantaged communities or low-income households or communities.",HSC by proxy,Requires CES to be used in analysis,,,,,,,,,,,,,,,,,,,,,,"budget bill, mentioning GHG emissions reduction funds. early match to ab 157"
SB 173,Committee on Budget and Fiscal Review,1/18/2023,Referred,,7/1/2024,Transportation budget trailer bill.,Governance: of state government,"multiple provisions to laws and programs affecting transportation, including clean fleets, CHP, high speed rail, etc",Section 104.3 of the Streets and Highways Code is amended,"(h) (1) Within one year of June 30, 2022, the department shall develop guidelines, including project selection criteria, program evaluation metrics, and targeted technical assistance strategies to implement the program. The guidelines shall be exempt from the Administrative Procedure Act (Chapter 3.5 (commencing with Section 11340) of Part 1 of Division 3 of Title 2 of the Government Code).
(2) In developing guidelines pursuant to this section, the department shall solicit input from local communities.
(3) The guidelines shall include, but shall not be limited to, all of the following:
(A) (i) A requirement that 100 percent of the program funds are awarded to projects that benefit underserved communities. For purposes of the program, the department shall establish a data-driven definition for underserved communities that may include, but need not be limited to, disadvantaged communities, as identified pursuant to Section 39711 of the Health and Safety Code, and low-income communities, as defined in paragraph (2) of subdivision (d) of Section 39713 of the Health and Safety Code.",HSC,Program eligibility,,,,,,,,,,,,,,,,,,,,,,,,,,,,,,"Budget bill, several programs discussed, amended some of federal reconnecting communities pilot program, DACs in there. match to ab 173"
SB 178,Committee on Budget and Fiscal Review,1/18/2023,Inactive File,,8/29/2024,Public resources trailer bill.,Governance: of state government,affecting several laws and programs,"Section 106 of Chapter 73 of the Statutes of 2021, as amended by Section 69 of Chapter 72 of the Statutes of 2024, is amended","(i) (1) Moneys appropriated from the Greenhouse Gas Reduction Fund pursuant to this section shall be used for the purpose of facilitating the achievement of reductions of emissions of greenhouse gases in this state in accordance with the requirements of Section 39712 of the Health and Safety Code or to improve climate change adaptation and resiliency, or environmental quality and public health, of California’s communities, with an emphasis on disadvantaged communities, as defined in Section 39711 of the Health and Safety Code, or low-income households or communities, as defined in Section 39713 of the Health and Safety Code, consistent with Division 25.5 (commencing with Section 38500) of the Health and Safety Code.",HSC,Funding prioritization,"Section 106 of Chapter 73 of the Statutes of 2021, as amended by Section 69 of Chapter 72 of the Statutes of 2024, is amended",(d) It is the intent of the Legislature that the funds appropriated pursuant to subdivision (a) be used to decrease environmental burdens on disadvantaged communities and not create an increased obligation to the state to fund the cleanup of orphan sites.,HSC by proxy,"Mitigation, Program goals","Section 106 of Chapter 73 of the Statutes of 2021, as amended by Section 69 of Chapter 72 of the Statutes of 2024, is amended","(2) For moneys appropriated from the Greenhouse Gas Reduction Fund pursuant to this section, the Department of Toxic Substances Control may also comply with the requirements of paragraphs (2) and (3) of subdivision (a) of Section 16428.9 of the Government Code by describing how each proposed expenditure will improve climate change adaptation and resiliency, or environmental quality and public health, of disadvantaged communities or low-income households or communities.",HSC by proxy,Program eligibility,,,,,,,,,,,,,,,,,,,,,,"Budget bill, several programs discussed, amended some of funds from GHG reduction fund, though no changes to DACs i believe. match to ab 178"
AB 1526,Committee on Natural Resources,2/17/2023,Enacted,,10/10/2023,Public resources,Governance: of state government,covers many laws and programs,Section 42041 of the Public Resources Code is amended,(i) “Disadvantaged community” means an area identified by the California Environmental Protection Agency pursuant to Section 39711 of the Health and Safety Code or an area identified as a disadvantaged unincorporated community pursuant to Section 65302.10 of the Government Code.,HSC,Defining a community,,,,,,,,,,,,,,,,,,,,,,,,,,,,,,repeats this DAC code elsewhere
SB 1143,Allen,2/14/2024,Enacted,,9/29/2024,Paint products: stewardship program.,Waste: hazardous,"bill would revise and recast the architectural paint recovery program as the paint product recovery program... bill would require a manufacturer, individually or through a stewardship organization, to review its plan at least every 5 years after approval by CalRecycle and determine whether amendments to the plan are necessary.",Section 42041 of the Public Resources Code is amended,(i) “Disadvantaged community” means an area identified by the California Environmental Protection Agency pursuant to Section 39711 of the Health and Safety Code or an area identified as a disadvantaged unincorporated community pursuant to Section 65302.10 of the Government Code.,HSC,Defining a community,,,,,,,,,,,,,,,,,,,,,,,,,,,,,,i think not an actual change to DACs
AB 1373,Garcia,2/17/2023,Enacted,,10/7/2023,Energy,Energy,"Many provisoins for energy, including assessing barriers to electricity interconnection, authorizes energy commission to allocate workforce development grants, require PUC to conduct competitive solicitations for electricity supply",Section 454.52 of the Public Utilities Code is amended to read:,"454.52. (a) (1) Beginning in 2017, and to be updated regularly thereafter, the commission shall adopt a process for each load-serving entity to file an integrated resource plan, and a schedule for periodic updates to the plan, and shall ensure that load-serving entities do all of the following:...
(I) Minimize localized air pollutants and other greenhouse gas emissions, with early priority on disadvantaged communities identified pursuant to Section 39711 of the Health and Safety Code.",HSC,Program goals,,,,,,,,,,,,,,,,,,,,,,,,,,,,,,i think not an actual change to DACs
SB 1237,Stern,2/15/2024,Suspended,April 16 set for first hearing canceled at the request of author.,4/16/2024,Methane,Carbon emissions,"Many provisions relating to methane and natural gas, including replacing the term natural gas with methane in all state codes",Section 25310 of the Public Resources Code is amended,"(e) Beginning with the 2019 edition of the integrated energy policy report and every two years thereafter, the commission shall provide recommendations and an update on progress toward achieving a doubling of energy efficiency savings in electricity and methane final end uses of retail customers by January 1, 2030, pursuant to paragraph (1) of subdivision (c). The commission shall also include with the recommendations and update both of the following:
(1) An assessment of the effect of energy efficiency savings on electricity demand statewide, in local service territories, and on an hourly and seasonal basis.
(2) Specific strategies for, and an update on, progress toward maximizing the contribution of energy efficiency savings in disadvantaged communities identified pursuant to Section 39711 of the Health and Safety Code.",HSC,Program goals,Section 25943 of the Public Resources Code is amended,"(a) (1) By March 1, 2010, the commission shall establish a regulatory proceeding to develop and implement a comprehensive program to achieve greater energy savings in California’s existing residential and nonresidential building stock. This program shall comprise a complementary portfolio of techniques, applications, and practices that will achieve greater energy efficiency in existing residential and nonresidential structures that fall significantly below the current standards in Title 24 of the California Code of Regulations, as determined by the commission.... (c) In developing the requirements for the program specified in subdivision (a), the commission shall consider all of the following:...  (7) A broad range of implementation approaches, including both utility and nonutility administration of energy efficiency programs, especially the use of not-for-profit and community-based organizations that assist with deployment in disadvantaged communities identified pursuant to Section 39711 of the Health and Safety Code. (8) Workforce development and job training for residents in disadvantaged communities, including veterans, at-risk youth, and members of the state and local community conservation corps.",HSC,Program eligibility,Section 25943 of the Public Resources Code is amended,"(d) The program developed pursuant to this section shall do all of the following: (7) Promote greater project penetration in disadvantaged communities identified pursuant to Section 39711 of the Health and Safety Code, including the deployment of energy efficiency surveys and audits, energy efficiency retrofits and upgrades, weatherization, and followup project inspections by state-certified community conservation corps and other community-based workforce development organizations that serve residents of disadvantaged communities, including veterans and disadvantaged youth.",HSC,Program goals,Section 740.8 of the Public Utilities Code is amended,"As used in Section 740.3 or 740.12, “interests” of ratepayers, short- or long-term, mean direct benefits that are specific to ratepayers, consistent with both of the following:
(a) Safer, more reliable, or less costly gas or electrical service, consistent with Section 451, including electrical service that is safer, more reliable, or less costly due to either improved use of the electric system or improved integration of renewable energy generation.
(b) Any one of the following:...
(5) Creating high-quality jobs or other economic benefits, including in disadvantaged communities identified pursuant to Section 39711 of the Health and Safety Code.",HSC,Program goals,,,,,,,,,,,,,,,,,,
SB 102,Skinner,1/18/2023,Referred,Re-referred to Com. on BUDGET.,6/29/2023,Budget Act of 2023,Governance: of state government,Many provisions to budget,budget,".        Funds appropriated pursuant to Provision 8, Item 0650-001-0001, Budget Act of 2021 (Chs. 21 and 240, Stats. 2021), for the Integrated Climate Adaptation Planning Grants Program may be expended for the following groups: California Native American tribes and disadvantaged communities identified pursuant to Section 39711 of the Health and Safety Code, and under-resourced communities as identified pursuant to Section 39711 of the Health and Safety Code, subdivision (d) of Section 39713 of the Health and Safety Code, or subdivision (g) of Section 75005 of the Public Resources Code.",HSC,Program eligibility,budget,"Of the funds appropriated in Schedule (1), $25,000,000 shall be used for the Listos California Grant program. The Listos California Grant program shall be managed by the Office of Equity, within the Executive Office of the Office of Emergency Services. The grants shall be used to provide accessible and culturally competent outreach and resources with assessment and criteria for allocation of funds prioritized for, but not limited to, geographic areas of greatest all hazard risk and vulnerability as highlighted in and demonstrated by the California State Hazard Mitigation Plan; underresourced communities as defined in Section 39711 of the Health and Safety Code, subdivision (d) of Section 39713 of the Health and Safety Code, or subdivision (g) of Section 75005 of the Public Resources Code. The grants shall be administered consistent with the emergency management system described in Section 8607 of the Government Code, including, but not limited to, being informed by community-based and nongovernmental organizations and local emergency service networks, including county emergency officials. The Office of Equity shall provide eligible organizations within the identified geographic areas an opportunity to apply to the Listos California Grant program. The Department shall report on the expenditure of these funds on or before February 1, 2025, including the following:
(1)        How funds were allocated.        
(2)        What methods of outreach the Office of Equity used to inform eligible entities of the funding.        
(3)        The entity or community that received the funding.        
(4)        A description of projects funded.        
(b)        This provision does not diminish or otherwise impact any of the Office of Emergency Services’ responsibilities under the California Emergency Services Act (Chapter 7 (commencing with Section 8550) of Division 1 of Title 2 of the Government Code) including, but not limited to, Sections 8550, 8569, 8570, 8570.3 of, and subdivision (e) of Section 8585 of, the Government Code.",HSC,Program eligibility,budget,"The funds appropriated in this item shall be available for school greening activities and shall be prioritized for local educational agencies that are located in a disadvantaged community as defined in Section 39711 of the Health and Safety Code, low-income community as defined in paragraph (2) of subdivision (d) of Section 39713 of the Health and Safety Code, or individual public school sites in which at least 70 percent of the pupils are eligible for free or reduced-price meals as defined in Section 42238.01 of the Education Code",HSC,Funding prioritization,,,,,,,,,,,,,,,,,,,,,,Seems instance 3 is a change
AB 101,Ting,1/9/2023,Referred,Re-referred to Com. on B. & F.R.,8/14/2023,Budget Act of 2023,Governance: of state government,Many provisions to budget,budget,".        Funds appropriated pursuant to Provision 8, Item 0650-001-0001, Budget Act of 2021 (Chs. 21 and 240, Stats. 2021), for the Integrated Climate Adaptation Planning Grants Program may be expended for the following groups: California Native American tribes and disadvantaged communities identified pursuant to Section 39711 of the Health and Safety Code, and under-resourced communities as identified pursuant to Section 39711 of the Health and Safety Code, subdivision (d) of Section 39713 of the Health and Safety Code, or subdivision (g) of Section 75005 of the Public Resources Code.",HSC,Program eligibility,budget,"Of the funds appropriated in Schedule (1), $25,000,000 shall be used for the Listos California Grant program. The Listos California Grant program shall be managed by the Office of Equity, within the Executive Office of the Office of Emergency Services. The grants shall be used to provide accessible and culturally competent outreach and resources with assessment and criteria for allocation of funds prioritized for, but not limited to, geographic areas of greatest all hazard risk and vulnerability as highlighted in and demonstrated by the California State Hazard Mitigation Plan; underresourced communities as defined in Section 39711 of the Health and Safety Code, subdivision (d) of Section 39713 of the Health and Safety Code, or subdivision (g) of Section 75005 of the Public Resources Code. The grants shall be administered consistent with the emergency management system described in Section 8607 of the Government Code, including, but not limited to, being informed by community-based and nongovernmental organizations and local emergency service networks, including county emergency officials. The Office of Equity shall provide eligible organizations within the identified geographic areas an opportunity to apply to the Listos California Grant program. The Department shall report on the expenditure of these funds on or before February 1, 2025, including the following:
(1)        How funds were allocated.        
(2)        What methods of outreach the Office of Equity used to inform eligible entities of the funding.        
(3)        The entity or community that received the funding.        
(4)        A description of projects funded.        
(b)        This provision does not diminish or otherwise impact any of the Office of Emergency Services’ responsibilities under the California Emergency Services Act (Chapter 7 (commencing with Section 8550) of Division 1 of Title 2 of the Government Code) including, but not limited to, Sections 8550, 8569, 8570, 8570.3 of, and subdivision (e) of Section 8585 of, the Government Code.",HSC,Program eligibility,budget,"The funds appropriated in this item shall be available for school greening activities and shall be prioritized for local educational agencies that are located in a disadvantaged community as defined in Section 39711 of the Health and Safety Code, low-income community as defined in paragraph (2) of subdivision (d) of Section 39713 of the Health and Safety Code, or individual public school sites in which at least 70 percent of the pupils are eligible for free or reduced-price meals as defined in Section 42238.01 of the Education Code",HSC,Funding prioritization,,,,,,,,,,,,,,,,,,,,,,
SB 101,Skinner,1/18/2023,Enacted,,6/27/2023,Budget Act of 2023,Governance: of state government,Many provisions to budget,budget,".        Funds appropriated pursuant to Provision 8, Item 0650-001-0001, Budget Act of 2021 (Chs. 21 and 240, Stats. 2021), for the Integrated Climate Adaptation Planning Grants Program may be expended for the following groups: California Native American tribes and disadvantaged communities identified pursuant to Section 39711 of the Health and Safety Code, and under-resourced communities as identified pursuant to Section 39711 of the Health and Safety Code, subdivision (d) of Section 39713 of the Health and Safety Code, or subdivision (g) of Section 75005 of the Public Resources Code.",HSC,Program eligibility,budget,"Of the funds appropriated in Schedule (1), $25,000,000 shall be used for the Listos California Grant program. The Listos California Grant program shall be managed by the Office of Equity, within the Executive Office of the Office of Emergency Services. The grants shall be used to provide accessible and culturally competent outreach and resources with assessment and criteria for allocation of funds prioritized for, but not limited to, geographic areas of greatest all hazard risk and vulnerability as highlighted in and demonstrated by the California State Hazard Mitigation Plan; underresourced communities as defined in Section 39711 of the Health and Safety Code, subdivision (d) of Section 39713 of the Health and Safety Code, or subdivision (g) of Section 75005 of the Public Resources Code. The grants shall be administered consistent with the emergency management system described in Section 8607 of the Government Code, including, but not limited to, being informed by community-based and nongovernmental organizations and local emergency service networks, including county emergency officials. The Office of Equity shall provide eligible organizations within the identified geographic areas an opportunity to apply to the Listos California Grant program. The Department shall report on the expenditure of these funds on or before February 1, 2025, including the following:
(1)        How funds were allocated.        
(2)        What methods of outreach the Office of Equity used to inform eligible entities of the funding.        
(3)        The entity or community that received the funding.        
(4)        A description of projects funded.        
(b)        This provision does not diminish or otherwise impact any of the Office of Emergency Services’ responsibilities under the California Emergency Services Act (Chapter 7 (commencing with Section 8550) of Division 1 of Title 2 of the Government Code) including, but not limited to, Sections 8550, 8569, 8570, 8570.3 of, and subdivision (e) of Section 8585 of, the Government Code.",HSC,Program eligibility,budget,"The funds appropriated in this item shall be available for school greening activities and shall be prioritized for local educational agencies that are located in a disadvantaged community as defined in Section 39711 of the Health and Safety Code, low-income community as defined in paragraph (2) of subdivision (d) of Section 39713 of the Health and Safety Code, or individual public school sites in which at least 70 percent of the pupils are eligible for free or reduced-price meals as defined in Section 42238.01 of the Education Code",HSC,Funding prioritization,,,,,,,,,,,,,,,,,,,,,,
SB 72,Skinner,1/10/2023,Returned to Secretary,,2/1/2024,Budget Act of 2023,Governance: of state government,Many provisions to budget,budget,"Of the funds appropriated in Schedule (1), $25,000,000 shall be used for the Listos California Grant program. The Listos California Grant program shall be managed by the Office of Equity, within the Executive Office of the Office of Emergency Services. The grants shall be used to provide accessible and culturally competent outreach and resources with assessment and criteria for allocation of funds prioritized for, but not limited to, geographic areas of greatest all hazard risk and vulnerability as highlighted in and demonstrated by the California State Hazard Mitigation Plan; underresourced communities as defined in Section 39711 of the Health and Safety Code, subdivision (d) of Section 39713 of the Health and Safety Code, or subdivision (g) of Section 75005 of the Public Resources Code. The grants shall be administered consistent with the emergency management system described in Section 8607 of the Government Code, including, but not limited to, being informed by community-based and nongovernmental organizations and local emergency service networks, including county emergency officials. The Office of Equity shall provide eligible organizations within the identified geographic areas an opportunity to apply to the Listos California Grant program. The Department shall report on the expenditure of these funds on or before February 1, 2025, including the following:
(1)        How funds were allocated.        
(2)        What methods of outreach the Office of Equity used to inform eligible entities of the funding.        
(3)        The entity or community that received the funding.        
(4)        A description of projects funded.        
(b)        This provision does not diminish or otherwise impact any of the Office of Emergency Services’ responsibilities under the California Emergency Services Act (Chapter 7 (commencing with Section 8550) of Division 1 of Title 2 of the Government Code) including, but not limited to, Sections 8550, 8569, 8570, 8570.3 of, and subdivision (e) of Section 8585 of, the Government Code.",HSC,Program eligibility,budget,"The funds appropriated in this item shall be available for school greening activities and shall be prioritized for local educational agencies that are located in a disadvantaged community as defined in Section 39711 of the Health and Safety Code, low-income community as defined in paragraph (2) of subdivision (d) of Section 39713 of the Health and Safety Code, or individual public school sites in which at least 70 percent of the pupils are eligible for free or reduced-price meals as defined in Section 42238.01 of the Education Code",HSC,Funding prioritization,,,,,,,,,,,,,,,,,,,,,,,,,,
AB 221,Ting,1/10/2023,Filed,,2/1/2024,Budget Act of 2023,Governance: of state government,Many provisions to budget,budget,"Of the funds appropriated in Schedule (1), $25,000,000 shall be used for the Listos California Grant program. The Listos California Grant program shall be managed by the Office of Equity, within the Executive Office of the Office of Emergency Services. The grants shall be used to provide accessible and culturally competent outreach and resources with assessment and criteria for allocation of funds prioritized for, but not limited to, geographic areas of greatest all hazard risk and vulnerability as highlighted in and demonstrated by the California State Hazard Mitigation Plan; underresourced communities as defined in Section 39711 of the Health and Safety Code, subdivision (d) of Section 39713 of the Health and Safety Code, or subdivision (g) of Section 75005 of the Public Resources Code. The grants shall be administered consistent with the emergency management system described in Section 8607 of the Government Code, including, but not limited to, being informed by community-based and nongovernmental organizations and local emergency service networks, including county emergency officials. The Office of Equity shall provide eligible organizations within the identified geographic areas an opportunity to apply to the Listos California Grant program. The Department shall report on the expenditure of these funds on or before February 1, 2025, including the following:
(1)        How funds were allocated.        
(2)        What methods of outreach the Office of Equity used to inform eligible entities of the funding.        
(3)        The entity or community that received the funding.        
(4)        A description of projects funded.        
(b)        This provision does not diminish or otherwise impact any of the Office of Emergency Services’ responsibilities under the California Emergency Services Act (Chapter 7 (commencing with Section 8550) of Division 1 of Title 2 of the Government Code) including, but not limited to, Sections 8550, 8569, 8570, 8570.3 of, and subdivision (e) of Section 8585 of, the Government Code.",HSC,Program eligibility,budget,"The funds appropriated in this item shall be available for school greening activities and shall be prioritized for local educational agencies that are located in a disadvantaged community as defined in Section 39711 of the Health and Safety Code, low-income community as defined in paragraph (2) of subdivision (d) of Section 39713 of the Health and Safety Code, or individual public school sites in which at least 70 percent of the pupils are eligible for free or reduced-price meals as defined in Section 42238.01 of the Education Code",HSC,Funding prioritization,,,,,,,,,,,,,,,,,,,,,,,,,,
SB 917,Skinner,1/10/2024,Filed,to print,1/10/2024,Budget Act of 2024,Governance: of state government,Many provisions to budget,budget,"Of the funds appropriated in Schedule (1), $25,000,000 shall be used for the Listos California Grant program. The Listos California Grant program shall be managed by the Office of Equity, within the Executive Office of the Office of Emergency Services. The grants shall be used to provide accessible and culturally competent outreach and resources with assessment and criteria for allocation of funds prioritized for, but not limited to, geographic areas of greatest all hazard risk and vulnerability as highlighted in and demonstrated by the California State Hazard Mitigation Plan; underresourced communities as defined in Section 39711 of the Health and Safety Code, subdivision (d) of Section 39713 of the Health and Safety Code, or subdivision (g) of Section 75005 of the Public Resources Code. The grants shall be administered consistent with the emergency management system described in Section 8607 of the Government Code, including, but not limited to, being informed by community-based and nongovernmental organizations and local emergency service networks, including county emergency officials. The Office of Equity shall provide eligible organizations within the identified geographic areas an opportunity to apply to the Listos California Grant program. The Department shall report on the expenditure of these funds on or before February 1, 2025, including the following:
(1)        How funds were allocated.        
(2)        What methods of outreach the Office of Equity used to inform eligible entities of the funding.        
(3)        The entity or community that received the funding.        
(4)        A description of projects funded.        
(b)        This provision does not diminish or otherwise impact any of the Office of Emergency Services’ responsibilities under the California Emergency Services Act (Chapter 7 (commencing with Section 8550) of Division 1 of Title 2 of the Government Code) including, but not limited to, Sections 8550, 8569, 8570, 8570.3 of, and subdivision (e) of Section 8585 of, the Government Code.",HSC,Program eligibility,,,,,,,,,,,,,,,,,,,,,,,,,,,,,,
AB 1812,Gabriel,1/10/2024,Referred,Referred to Com. on BUDGET,1/16/2024,Budget Act of 2024,Governance: of state government,Many provisions to budget,budget,"Of the funds appropriated in Schedule (1), $25,000,000 shall be used for the Listos California Grant program. The Listos California Grant program shall be managed by the Office of Equity, within the Executive Office of the Office of Emergency Services. The grants shall be used to provide accessible and culturally competent outreach and resources with assessment and criteria for allocation of funds prioritized for, but not limited to, geographic areas of greatest all hazard risk and vulnerability as highlighted in and demonstrated by the California State Hazard Mitigation Plan; underresourced communities as defined in Section 39711 of the Health and Safety Code, subdivision (d) of Section 39713 of the Health and Safety Code, or subdivision (g) of Section 75005 of the Public Resources Code. The grants shall be administered consistent with the emergency management system described in Section 8607 of the Government Code, including, but not limited to, being informed by community-based and nongovernmental organizations and local emergency service networks, including county emergency officials. The Office of Equity shall provide eligible organizations within the identified geographic areas an opportunity to apply to the Listos California Grant program. The Department shall report on the expenditure of these funds on or before February 1, 2025, including the following:
(1)        How funds were allocated.        
(2)        What methods of outreach the Office of Equity used to inform eligible entities of the funding.        
(3)        The entity or community that received the funding.        
(4)        A description of projects funded.        
(b)        This provision does not diminish or otherwise impact any of the Office of Emergency Services’ responsibilities under the California Emergency Services Act (Chapter 7 (commencing with Section 8550) of Division 1 of Title 2 of the Government Code) including, but not limited to, Sections 8550, 8569, 8570, 8570.3 of, and subdivision (e) of Section 8585 of, the Government Code.",HSC,Program eligibility,,,,,,,,,,,,,,,,,,,,,,,,,,,,,,
AB 1754,Committee on Judiciary,3/2/2023,Enacted,,7/27/2023,Maintenance of the codes,Governance: of state government,Many provisions to codes,Section 42041 of the Public Resources Code is amended,(i) “Disadvantaged community” means an area identified by the California Environmental Protection Agency pursuant to Section 39711 of the Health and Safety Code or an area identified as a disadvantaged unincorporated community pursuant to Section 65302.10 of the Government Code.,HSC,Defining a community,Section 42051.1 of the Public Resources Code is amended,"(j) (1) The plan shall include a budget designed to fully fund the costs necessary to implement this chapter. The budget shall include, but not be limited to, fully funding the plan and all other costs associated with implementing the plan, including, but not limited to, all of the following:...
(G) Other investments necessary to implement the plan and achieve the source reduction, recyclability and compostability, recycling rate, and other requirements of this chapter, including, but not limited to, ensuring that plan implementation avoids and minimizes negative environmental or public health impacts on disadvantaged or low-income communities or rural areas.",HSC by proxy,Program goals,Section 42051.1 of the Public Resources Code is amended,(n) The PRO shall ensure that the plan implementation avoids or minimizes negative environmental or public health impacts on disadvantaged or low-income communities or rural areas and vulnerable communities outside the state.,HSC by proxy,Program goals,Section 42053 of the Public Resources Code is amended,"(d) A PRO shall structure the fee schedule required pursuant to subdivision (a), delineated by covered material category and based on the following factors:
(1) The costs to ensure each covered material category meets the requirements of this chapter. Covered material that is easier and less expensive to recycle or compost or that is designed to be recycled into a similar covered material or a material that is easier to be composted shall be subject to lower fees. The costs may include all of the following:...
(D) Other costs necessary to implement the plan and achieve the source reduction, recyclability and compostability, recycling rate, and other requirements of this chapter, including, but not limited to, ensuring that plan implementation avoids and minimizes negative environmental or public health impacts on disadvantaged or low-income communities or rural areas.",HSC by proxy,Program goals,Section 42060 of the Public Resources Code is amended,"(d) In adopting regulations pursuant to this section, the department shall ensure the regulations, and activities conducted in accordance with the regulations, avoid or minimize disproportionate impacts to disadvantaged or low-income communities or rural areas.",HSC by proxy,Program goals,Section 42081 of the Public Resources Code is amended,"(c) The department, in determining the penalty amount and whether to assess a penalty under this section, shall consider, at a minimum, all of the following: (8) The magnitude of the impact on the environment, human health, and disadvantaged or low-income communities or rural areas reasonably anticipated from the violation.",HSC by proxy,Requires CES to be used in analysis,Section 125222 of the Public Utilities Code is amended,"(a) The Legislature finds and declares that a compelling interest exists in ensuring all federal, state, local, and private moneys available to the district are captured and used in a timely manner.
...
(c) For the acquisition or lease of materials, supplies, or equipment, except in cases where an item of a specified brand or trade name is the only item that will properly meet the needs of the district or in an emergency declared by the vote of two-thirds of all the members of the board, all contracts shall be awarded as follows: (g) Provisions that are in a federally funded contract concerning disadvantaged business enterprises and that are in accordance with the request for proposals shall not be subject to negotiation with the successful bidder.",HSC by proxy,Program eligibility,Section 53559 of the Health and Safety Code is amended,"The Infill Infrastructure Grant Program of 2019 is hereby established to be administered by the department. (B) The department shall, at a minimum, rank the affected catalytic qualifying infill areas applications for small jurisdictions and large jurisdictions based on the following:...
(viii) The level of community outreach and engagement in project planning, including efforts to involve disadvantaged communities and low-income residents, particularly local community residents and businesses from the area within and surrounding the catalytic qualifying infill area",HSC by proxy,Community engagement outreach,,Not sure anything is a change to DACs
SB 107,Wiener,1/18/2023,Referred,Re-referred to Com. on BUDGET pursuant to Assembly Rule 97.,7/3/2024,Budget Act of 2024,Governance: of state government,Many provisions to budget,budget,"Of the funds appropriated in Schedule (1), $12,500,000 shall be used for the Listos California Grant program. The Listos California Grant program shall be managed by the Office of Diversity, Equity, and Inclusion within the Executive Office of the Office of Emergency Services. The grants shall be used to provide accessible and culturally competent outreach and resources with assessment and criteria for allocation of funds prioritized for, but not limited to, geographic areas of greatest all hazard risk and vulnerability as highlighted in and demonstrated by the California State Hazard Mitigation Plan; underresourced communities as defined in Section 39711 of the Health and Safety Code, subdivision (d) of Section 39713 of the Health and Safety Code, or subdivision (g) of Section 75005 of the Public Resources Code. The grants shall be administered consistent with the emergency management system described in Section 8607 of the Government Code, including, but not limited to, being informed by community-based and nongovernmental organizations and local emergency service networks, including county emergency officials. The Office of Diversity, Equity, and Inclusion shall provide eligible organizations within the identified geographic areas an opportunity to apply to the Listos California Grant program. The Office of Emergency Services shall report to the appropriate budget committees of the Legislature, the Senate Committee on Governmental Organization, the Assembly Committee on Emergency Management, and the Legislative Analyst’s Office on the expenditure of these funds on or before February 1, 2026, including the following:
(1)	
How funds were allocated.
(2)	
What methods of outreach the Office of Equity used to inform eligible entities of the funding.
(3)	
The entity or community that received the funding.
(4)	
A description of projects funded.",HSC,Program eligibility,,,,,,,,,,,,,,,,,,,,,,,,,,,,,,
AB 107,Gabriel,1/9/2023,Enacted,,6/26/2024,Budget Act of 2024,Governance: of state government,Many provisions to budget,budget,"Of the funds appropriated in Schedule (1), $12,500,000 shall be used for the Listos California Grant program. The Listos California Grant program shall be managed by the Office of Diversity, Equity, and Inclusion within the Executive Office of the Office of Emergency Services. The grants shall be used to provide accessible and culturally competent outreach and resources with assessment and criteria for allocation of funds prioritized for, but not limited to, geographic areas of greatest all hazard risk and vulnerability as highlighted in and demonstrated by the California State Hazard Mitigation Plan; underresourced communities as defined in Section 39711 of the Health and Safety Code, subdivision (d) of Section 39713 of the Health and Safety Code, or subdivision (g) of Section 75005 of the Public Resources Code. The grants shall be administered consistent with the emergency management system described in Section 8607 of the Government Code, including, but not limited to, being informed by community-based and nongovernmental organizations and local emergency service networks, including county emergency officials. The Office of Diversity, Equity, and Inclusion shall provide eligible organizations within the identified geographic areas an opportunity to apply to the Listos California Grant program. The Office of Emergency Services shall report to the appropriate budget committees of the Legislature, the Senate Committee on Governmental Organization, the Assembly Committee on Emergency Management, and the Legislative Analyst’s Office on the expenditure of these funds on or before February 1, 2026, including the following:
(1)	
How funds were allocated.
(2)	
What methods of outreach the Office of Equity used to inform eligible entities of the funding.
(3)	
The entity or community that received the funding.
(4)	
A description of projects funded.",HSC,Program eligibility,,,,,,,,,,,,,,,,,,,,,,,,,,,,,,
AB 637,Grayson,2/15/2019,Filed,From committee: Filed with the Chief Clerk pursuant to Joint Rule 56.,2/3/2020,State Water Resources Control Board: minority and low-income communities: disadvantaged communities: drinking water.,Drinking water,"bill would require the board, before taking an action that significantly impacts drinking water, to use existing information to identify impacted disadvantaged communities and to seek to reduce impacts to those communities to the greatest extent practicable. The bill would also require the board to ensure that disadvantaged communities are provided an opportunity to participate in the public process for a decision that significantly impacts drinking water by holding a public hearing in or near an impacted community.",Section 186.5 is added to the Water Code,"(a) Before taking an action that significantly impacts drinking water, the board shall use existing information such as CalEnviroScreen to identify impacted disadvantaged communities and shall seek to reduce impacts to those communities to the greatest extent practicable and as permitted by law.",CES,Requires CES to be used in analysis,Section 186.5 is added to the Water Code,"(b) When making a decision that significantly impacts drinking water and when not otherwise required by law or regulation, the board shall ensure that disadvantaged communities, such as those identified by CalEnviroScreen, are provided an opportunity to participate in the public process for a decision that significantly impacts drinking water by holding a public hearing in or near an impacted community.",CES,Community engagement outreach,,,,,,,,,,,,,,,,,,,,,,,,,,bill realted to drinking water and the state boards taking action that can affect health of impacted communities to use existing informaiton like CES. also requires public process if decision is to be made
AB 2089,Luz Rivas,2/5/2020,Held in Committee,"
From committee without further action.",11/30/2020,Resilient Economies and Community Health Pilot Program.,"Community development grants, Carbon emissions","bill would establish the Resilient Economies and Community Health Pilot Program from January 1, 2021, through December 31, 2025, and would have the program be administered by the council as a grant pilot program for eligible community-based organizations, as defined, to provide a comprehensive suite of coordinated incentives and services to disadvantaged communities, as defined, at the resident household level to provide economic savings, reduce greenhouse gas emissions and air pollution, and improve resiliency to the impacts of climate change. The bill would require the council to submit specified reports to the Legislature on the program no later than January 1, 2025.",Part 5 (commencing with Section 75250) is added to Division 44 of the Public Resources Code,(a) “CalEnviroScreen” means the California Communities Environmental Health Screening Tool developed by the Office of Environmental Health Hazard Assessment. (d) “Disadvantaged community” is a community identified pursuant to Section 39711 of the Health and Safety Code.,CES and HSC,Defining a community,Section 75252 is added to Division 44 of the Public Resources Code,"(b) When awarding grants, the council shall give priority to plans and projects that cover areas that have a high proportion of census tracts identified as disadvantaged communities and that focus on communities that are most disadvantaged. The grant program shall be established as a pilot program with a preference for awards in regions identified on the 91 to 100 percentiles of the CalEnviroScreen.",CES,Program eligibility,Section 75252 is added to Division 44 of the Public Resources Code,"Resilient Economies and Community Health Pilot Program is hereby established to be administered, from January 1, 2021, through December 31, 2025, inclusive, by the council as a grant pilot program for eligible community-based organizations to provide a comprehensive suite of coordinated incentives and services to disadvantaged communities at the resident household level to provide economic savings, reduce greenhouse gas emissions and air pollution, and improve resiliency to the impacts of climate change.",HSC by proxy,Program goals,Section 75252 is added to Division 44 of the Public Resources Code,"(c) The council shall develop guidelines for the outREACH Program to do the following:
(1) Maximize community-based outreach and resident household eligibility review to disadvantaged communities using a network of community-based organizations that have demonstrated neighborhood, city, or county-level ties to the local community in which they serve.",HSC by proxy,Community engagement outreach,Section 75252 is added to Division 44 of the Public Resources Code,(4) Prioritize disadvantaged communities that have the highest pollution burden and highest poverty rates.,HSC by proxy,Program prioritization,Section 75254 is added to Division 44 of the Public Resources Code,"75254. (a) No later than January 1, 2025, the council shall evaluate and report to the Legislature on the EMPOWER outREACH Program both of the following:
(1) The impact of reducing greenhouse gas emissions and other cobenefits in disadvantaged communities, including the cost-effectiveness and efficiency of different outREACH Program outreach methodologies and strategies.
(2) The ability for the outREACH Program to support hard-to-reach resident households.
(b) Through outREACH Program evaluation, the council, no later than January 1, 2025, shall determine and report to the Legislature the best model for maximizing low-income and disadvantaged community participation while maximizing the requirements of Section 75252, to the extent feasible.",HSC by proxy,Requires CES to be used in analysis,,,,,,,,,,"Was to create a community pilot program targeting disadvantaged communities for comprehensive services for economic savings, reduce GHG, with preference for regions in highest 90th percentile of CES"
AB 1237,Aguiar-Curry,2/21/2019,Enacted,,9/27/2019,Greenhouse Gas Reduction Fund: guidelines.,Carbon emissions,"This bill, no later than January 1, 2021, would require an agency that receives an appropriation from the Greenhouse Gas Reduction Fund to post on the internet website of the agency’s program from which moneys from the fund are being allocated the guidelines, as specified, for how moneys from the fund are allocated for competitive financing programs, as specified.",Section 16428.89 is added to the Government Code,"(e) The amount of moneys, if any, required to be allocated to projects located in disadvantaged communities, as identified by the California Communities Environmental Health Screening Tool, also known as CalEnviroScreen, and which statute, regulation, or other official agency policy, criteria, or guidelines required moneys from the fund to be allocated in that way.",CES,Funding prioritization,,,,,,,,,,,,,,,,,,,,,,,,,,,,,,Requires funding from GHG reduction fund that uses CES to allocate projects to disadvantaged communities to post it online
SB 1358,Bradford,2/21/2020,Held in Committee,From committee without further action,11/30/2020,California Renewables Portfolio Standard Program: local publicly owned electric utilities: adjustment of procurement requirements.,Electricity,"bill would provide that this authorization to adjust renewable energy procurement targets applies to a local publicly owned electric utility only if it has 10,000 or more customers in addition to all other applicable conditions.",Section 399.33 of the Public Utilities Code is amende,"399.33. (a) This section shall only apply to a gas-fired powerplant that is located inside the state, is owned by and serves the electrical demands of a single local publicly owned electric utility with 10,000 or more customers, and meets all of the following conditions:...
(4) The powerplant is not located in a disadvantaged community. For purposes of this paragraph, “disadvantaged community” means a census tract that, pursuant to Section 39711 of the Health and Safety Code, has received a score on the California Communities Environmental Health Screening 3.0, also known as CalEnviroScreen 3.0, in the 81st to 100th percentile, inclusive.",CES and HSC,"Defining a community, Program eligibility",,,,,,,,,,,,,,,,,,,,,,,,,,,,,,no changes to DAC
AB 841,Ting,2/20/2019,Enacted,,9/30/2020,Energy: transportation electrification: energy efficiency programs: School Energy Efficiency Stimulus Program,Transportation: ZEV,"This bill would require not less than 35% of the investments for electrification pursuant to these provisions to be in underserved communities, as defined. bill would require that the PUC, in supervising the alternative-fueled vehicle program, or vehicle electrification program, of an electrical corporation, to apply the interim policy and would declare the intent of the Legislature that the interim policy be the policy applied by the PUC, but would authorize the PUC to revise the policy after the completion of the electrical corporation’s general rate case cycle in effect on January 1, 2021, if a determination is made that a change in the policy is necessary to ensure just and reasonable rates for ratepayers. bill would require the PUC, on or before March 1, 2021, to issue decisions concerning 2 specific pending transportation electrification infrastructure applications. The bill would require each electrical corporation, by February 28, 2021, to file an advice letter and would require the PUC to approve, by June 30, 2021, a new tariff or rule that authorizes each electrical corporation to design and deploy all electrical distribution infrastructure on the utility side of the customer meter for all customers installing a separately metered infrastructure to support charging stations, and provide for cost recovery, as specified. bill would require the PUC to require those electrical corporations with 250,000 customer accounts in the state, and those gas corporations with 400,000 or more customer accounts in the state, to establish the joint School Energy Efficiency Stimulus Program within each of its energy efficiency portfolios that consist of: (1) the School Reopening Ventilation and Energy Efficiency Verification and Repair Program to provide grants to local educational agencies to reopen schools with functional ventilation systems that are tested, adjusted, and, if necessary or cost effective, repaired, upgraded or replaced to increase efficiency and performance, and (2) the School Noncompliant Plumbing Fixture and Appliance Program to provide grants to local educational agencies to replace noncompliant plumbing fixtures and appliances that fail to meet water efficiency standards and waste potable water and the energy used to convey that water, with water-conserving plumbing fixtures and appliances.", Section 1601 is added to Part 1 of Division 1 of the Public Utilities Code,"(e) “Underserved community” means a community that meets one of the following criteria:
(1) Is a “disadvantaged community” as defined by subdivision (g) of Section 75005 of the Public Resources Code.
(2) Is included within the definition of “low-income communities” as defined by paragraph (2) of subdivision (d) of Section 39713 of Health and Safety Code.
(3) Is within an area identified as among the most disadvantaged 25 percent in the state according to the California Environmental Protection Agency and based on the most recent California Communities Environmental Health Screening Tool, also known as CalEnviroScreen.",CES and HSC,Program eligibility,Section 1600) is added to Part 1 of Division 1 of the Public Utilities Code,"(a) The School Energy Efficiency Stimulus Program, established pursuant to Section 1610, is intended to save energy, create jobs in a time of economic crisis, and provide direct support to schools and school children in underserved communities.",CES and HSC by proxy,Program goals,Section 1600) is added to Part 1 of Division 1 of the Public Utilities Code,(e) It is the intent of the Legislature to advance high-quality jobs in underserved communities by increasing demand for skilled workers to implement this work.,CES and HSC by proxy,Program goals,Section 1612 is added to Part 1 of Division 1 of the Public Utilities Code,"Not less than 25 percent of projects funded by the SRVEVR Program or SNPFA Program shall be in underserved communities. The SRVEVR Program and SNPFA Program shall prioritize underserved communities by ensuring that all schools that are in an underserved community are offered the opportunity to apply for and receive grants before those schools that are not in an underserved community. Additionally, the SRVEVR Program shall prioritize schools with a boundary that is within 500 feet of the edge of the closest traffic lane of a freeway or other busy traffic corridor or within 1,000 feet of a facility holding a permit pursuant to Title V of the Clean Air Act (42 U.S.C. Section 7661 et seq.). For the purposes of this section, “freeway or other busy traffic corridors” has the same meaning as defined in paragraph (9) of subdivision (d) of Section 17213 of the Education Code.",CES and HSC by proxy,Program eligibility,Section 1617 is added to Part 1 of Division 1 of the Public Utilities Code,"The School Energy Efficiency Stimulus Program advances the public interest in maximizing cost-effective energy savings and related public benefits, including ensuring that ratepayer investments unlock deeper energy savings and benefit underserved communities. Because the commission’s current cost-effectiveness methodology does not fully take into account indirect and nonmonetary public benefits, that methodology shall not be applied to these projects. Expenditures on the School Energy Efficiency Stimulus Program shall be found to be cost effective and shall not be considered by the commission when calculating the overall cost-effectiveness of energy efficiency portfolios of electrical corporations or gas corporations.",CES and HSC by proxy,Program goals,,,,,,,,,,,,,,"bill focused on provisions to energy electrification policies, including programs at schools for school energy efficiency"
AB 995,Cristina Garcia,2/21/2019,Vetoed,,9/29/2020,Hazardous waste,Waste: hazardous,"bill would do lots related to hazardous waste, including establishing an office within CalEPA, create hazardous waste management plan, public hearings for the plan, fee task force, etc",Section 25135.9 is added to the Health and Safety Code,"By March 1, 2022, and every three years thereafter, the department shall prepare a report that includes an analysis of available data related to hazardous waste, including all of the following components:
(1) An analysis of the hazardous waste streams produced in the state, including the sources of the data and any limitations of that data. The report shall present waste stream information for the waste types currently being generated, historically generated, and expected to be generated in the future. In addition to statewide data, the report shall also present the waste stream information in the following categories:...
(B) An analysis of the location of each destination facility, including an assessment of the area in which the facility is located. This analysis shall include zoning and other geographic information, and the CalEnviroScreen score for facilities located in the state, or an estimate of an equivalent CalEnviroScreen score for facilities located in other states.",CES,Requires CES to be used in analysis,,,,,,,,,,,,,,,,,,,,,,,,,,,,,,requires use of CES in assessment of hazardous waste in the state
SB 50,Wiener,12/3/2018,Failed,Read third time. Refused passage. (Ayes 18. Noes 15. Page 3176.),1/30/2020,Planning and zoning: housing development: streamlined approval: incentives,"Planning, Housing","bill would authorize a development proponent of a neighborhood multifamily project located on an eligible parcel to submit an application for a streamlined, ministerial approval process that is not subject to a conditional use permit. bill would establish a streamlined ministerial approval process for neighborhood multifamily projects, thereby exempting these projects from the CEQA approval process. bill, on or after January 1, 2023, would require a specified city, county, or city and county to grant upon request an equitable communities incentive when a development proponent seeks and agrees to construct a residential development, as defined, that satisfies specified criteria, including, among other things, that the residential development is either a job-rich housing project or a transit-rich housing project, as those terms are defined; the site does not contain, or has not contained, housing occupied by tenants or accommodations withdrawn from rent or lease in accordance with specified law within specified time periods; and the residential development complies with specified additional requirements under existing law. bill would delay implementation of these provisions in potentially sensitive communities, as defined, until July 1, 2023. The bill would further delay implementation of these provisions in sensitive communities, determined as provided, until January 1, 2026, unless the city or county in which the area is located votes to make these provisions applicable after a specified petition and public hearing process. On and after January 1, 2026, the bill would apply these provisions to a sensitive community unless the city or county adopts a community plan for the area that meets certain requirements.
The bill would also exempt from these provisions a local government that has a local flexibility plan that has been reviewed and certified by the Department of Housing and Community Development, as specified.",Chapter 4.35 (commencing with Section 65918.50) is added to Division 1 of Title 7 of the Government Code,"(i) “Potentially sensitive community” means any of the following:
(1) An area that is designated as “high segregation and poverty” or “low resource” on the 2019 Opportunity Maps developed by the California Tax Credit Allocation Committee.
(2) A census tract that is in the top 25 percent scoring census tracts from the internet-based CalEnviroScreen 3.0 tool.",CES,Defining a community,Section 65918.58 is added to Division 1 of Title 7 of the Government Code,"65918.58. (a) On or before July 1, 2023, Sections 65918.51 to 65918.54, inclusive, shall not apply to a potentially sensitive community. After July 1, 2023, Sections 65918.51 to 65918.54, inclusive, shall apply in any potentially sensitive community that is not identified as a sensitive community pursuant to subdivision (b).",CES by proxy,Program eligibility,Section 65918.58 is added to Division 1 of Title 7 of the Government Code,"(b) On or before July 1, 2023, sensitive communities in each county shall be identified and mapped in accordance with the following:
(1) The council of governments, or the county board of supervisors in a county without a council of governments, shall establish a working group comprised of residents of potentially sensitive communities within the county, ensuring equitable representation of vulnerable populations, including, but not limited to, renters, low-income people, and members of classes protected under the California Fair Employment and Housing Act (Part 2.8 (commencing with Section 12900) of Division 3 of Title 2).
(2) The working group shall develop a map of sensitive communities within the county, which shall include some or all of the areas identified as potentially sensitive communities pursuant to subdivision (i) of Section 65918.50. The working group shall prioritize the input of residents from each potentially sensitive community in making a determination about that community.",CES by proxy,"Advisory role, Community engagement outreach",,,,,,,,,,,,,,,,,,,,,,streamlining housing bill with some consideration for CES communities
SB 497,Bradford,2/21/2019,Inactive File,From Assembly without further action.,11/30/2020,State Energy Resources Conservation and Development Commission: chair: report to the Legislature,Energy,bill would require the chair of the commission and the adviser of the commission to appear annually before the appropriate policy committees of the Legislature to report on activities taken by the commission in the previous year and the processes instituted to solicit input from Californians.,Section 25217.5 of the Public Resources Code is amended,"25217.5. (a) The chair of the commission shall direct the adviser, the executive director, and other staff in the performance of their duties in conformance with the policies and guidelines established by the commission....
(c) The chair of the commission and the adviser shall appear annually before the appropriate policy committees of the Legislature and shall report on the activities taken by the commission in the previous year and the processes instituted to solicit input from Californians in diverse regions of the state, including, but not limited to, low-income and disadvantaged communities identified pursuant to Section 39711 of the Health and Safety Code.",HSC,Community engagement outreach,,,,,,,,,,,,,,,,,,,,,,,,,,,,,,"chair of energy resources conservation and development commission to appear before policy committees and solicit input from including but not limited to, DACs"
AB 2945,Holden,2/21/2020,Held in Committee,From committee without further action.,11/30/2020,Public utilities commission,Energy,"This bill would make nonsubstantive changes to those provisions relating to mergers, acquisitions, and changes in control.

This bill would consolidate 3 of those reports into a single report and, in doing so, would increase the frequency with which certain energy efficiency information would be reported.",Section 913.5 of the Public Utilities Code is amended,"(b) In the report submitted pursuant to subdivision (a), the commission shall also report to the Legislature on the progress toward achieving the targets established pursuant to subdivision (a) of Section 454.55 and subdivision (a) of Section 454.56. The commission shall include specific strategies for, and an update on, progress toward maximizing the contribution of energy and electricity efficiency savings in disadvantaged communities identified pursuant to Section 39711 of the Health and Safety Code.",HSC,Requires CES to be used in analysis,,,,,,,,,,,,,,,,,,,,,,,,,,,,,"Amended out: SEC. 3. Section 913.10 of the Public Utilities Code is repealed.
913.10.By July 1, 2019, and every four years thereafter, the commission shall report to the Legislature on the progress toward achieving the targets established pursuant to subdivision (a) of Section 454.55. The commission shall include specific strategies for, and an update on, progress toward maximizing the contribution of electricity efficiency savings in disadvantaged communities identified pursuant to Section 39711 of the Health and Safety Code.
SEC. 4. Section 913.11 of the Public Utilities Code is repealed.
913.11.By July 1, 2019, and every four years thereafter, the commission shall report to the Legislature on the progress toward achieving the targets established pursuant to subdivision (a) of Section 454.56. The commission shall include specific strategies for, and an update on, progress toward maximizing the contribution of energy efficiency savings in disadvantaged communities identified pursuant to Section 39711 of the Health and Safety Code.
SEC. 5. S",consolidates 3 reports to one and includes requirement for strategies for DACs
AB 1083,Burke,2/21/2019,Enacted,,10/12/2019,Long-term plans and procurement plans: energy and energy infrastructure procurement requirements: California Council on Science and Technology.,Energy,"This bill would, until January 1, 2023, request the council upon request by the chairperson of a fiscal committee or certain policy committees of either the Assembly or Senate, the Speaker of the Assembly, or the President pro Tempore of the Senate, and if the council determines it has sufficient funds, to undertake and complete an analysis of the effects of legislation proposing to mandate procurement of electricity products, gas products, energy storage resources, or electrical or gas infrastructure by an electrical corporation, gas corporation, community choice aggregator, electric service provider, local publicly owned electric or gas utility, or any state-level energy procurement entity. The bill would request that the analysis be in writing and include relevant data on specified subjects, and would request that the council provide the written analysis to those policy and fiscal committees of the Legislature within 60 days of the request. Upon providing the written analysis to those committees, the bill would request the council contemporaneously post the analysis on its internet website and make a copy of the analysis available to a member of the public upon request. 
This bill would require that these strategies be adopted to address emissions of greenhouse gases instead of carbon emissions.",Section 636 is added to the Public Utilities Code,"The Legislature requests that the analysis be in writing and include relevant data to present to the Legislature on all of the following:... (1) The potential costs and benefits to all categories of ratepayers resulting from the proposed legislation, costs and benefits beyond the electricity market, nonmonetary benefits such as improvements in environmental quality, public health, and climate stability, and costs and benefits to communities disproportionately affected by environmental pollution and hazards that are either identified as disadvantaged communities pursuant to Section 39711 of the Health and Safety Code or are low-income communities as defined in Section 39713 of the Health and Safety Code.",HSC,Requires CES to be used in analysis,Section 636 is added to the Public Utilities Code,"The Legislature requests that the analysis be in writing and include relevant data to present to the Legislature on all of the following:... (4) The impact of the proposed legislation on jobs, the economy, and communities disproportionately affected by environmental pollution and hazards that are either identified as disadvantaged communities pursuant to Section 39711 of the Health and Safety Code or are low-income communities as defined in Section 39713 of the Health and Safety Code.",HSC,Requires CES to be used in analysis,,,,,,,,,,,,,,,,,,,,,,,,,,"requires impact of porposed legislation on jobs, economy and communities affected by environmental pollution, as well as potential costs and benefits to ratepayers, including public health, climate stability, envioronmental quality to be considered in analysis for the legislature"
SB 400,Umberg,2/20/2019,Enacted,,9/6/2019,Reduction of greenhouse gases emissions: mobility options.,"Carbon emissions, Transportation: ZEV","Existing law establishes the Clean Cars 4 All Program, which is administered by the State Air Resources Board to focus on achieving reductions in the emissions of greenhouse gases, improvements in air quality, and benefits to low-income state residents through the replacement of high-polluter motor vehicles with cleaner and more efficient motor vehicles or a mobility option. Existing law defines specified terms, including “mobility option”, which means a voucher for public transit or car sharing for purposes of the program.
This bill would additionally provide that “mobility option” also includes bike sharing and electric bicycles.",Section 44124 of the Health and Safety Code is amended to read:,(c) “Disadvantaged community” means a community identified pursuant to Section 39711.,HSC,Defining a community,,,,,,,,,,,,,,,,,,,,,,,,,,,,,,"bill including e-bikes and bike sharing as ""mobility options"" in the clean cars program"
SB 662,Archuleta,2/22/2019,Inactive File,From Assembly without further action.,11/30/2020,Energy: transportation sector: hydrogen.,Energy,"For these purposes, “green electrolytic hydrogen” is defined as hydrogen gas produced through electrolysis and not from fossil fuel.
Existing law requires the PUC, State Air Resources Board (state board), and Energy Commission to consider green electrolytic hydrogen as an eligible form of energy storage, and to consider other potential uses of green electrolytic hydrogen.
This bill would include use of renewable hydrogen when used directly as a transportation fuel in fuel cell electric vehicles, if the hydrogen meets specified renewable content requirements. The bill would require the PUC, in consultation with the state board and the Energy Commission, to authorize gas corporations to file applications for investments in programs to accelerate widespread transportation electrification to advance specified environmental objectives. The bill would require the PUC to approve, or modify and approve, programs and investments in transportation electrification, including hydrogen and hydrogen-related distribution, pipelines, and make-ready infrastructure for hydrogen, utilizing a reasonable cost recovery mechanism if they are consistent with the specified environmental objectives, do not unfairly compete with nonutility enterprises, include performance accountability measures, and are in the interest of ratepayers, as defined.
This bill would require those regulations to require that, on a statewide basis, not less than 33.3% of the hydrogen produced or dispensed in California for motor vehicles be renewable hydrogen, as defined. The bill would require that the renewable hydrogen percentage be increased to 44% by December 31, 2024, 52% by December 31, 2027, 60% by December 31, 2030, and would require that by December 31, 2045, 100% of the hydrogen produced or dispensed in California for motor vehicles be either renewable hydrogen or clean hydrogen produced using zero-carbon resources.",Section 740.8 of the Public Utilities Code is amended ,"740.8. As used in Section 740.3 or 740.12, “interests” of ratepayers, short- or long-term, mean direct benefits that are specific to ratepayers, consistent with both of the following:
(a) Safer, more reliable, or less costly gas or electrical service, consistent with Section 451, including electrical service that is safer, more reliable, or less costly due to either improved use of the electric system or improved integration of renewable energy generation.
(b) Any one of the following:
(1) Improvement in energy efficiency of travel.
(2) Reduction of health and environmental impacts from air pollution.
(3) Reduction of greenhouse gas emissions related to electricity and natural gas production and use.
(4) Increased use of alternative fuels, including hydrogen for the transportation sector.
(5) Creating high-quality jobs or other economic benefits, including in disadvantaged communities identified pursuant to Section 39711 of the Health and Safety Code.",HSC,Program goals,,,,,,,,,,,,,,,,,,,,,,,,,,,,,"the rest amended out: SEC. 2.Section 400 of the Public Utilities Code is amended to read:
400.The commission and the Energy Commission shall do all of the following in furtherance of meeting the state’s clean energy and pollution reduction objectives:
(a)Take into account the use of distributed generation to the extent that it provides economic and environmental benefits in disadvantaged communities identified pursuant to Section 39711 of the Health and Safety Code....
(d)(1)Review technology incentive, research, development, deployment, and market facilitation programs overseen by the commission and the Energy Commission and make recommendations to advance state clean energy and pollution reduction objectives and provide benefits to disadvantaged communities identified pursuant to Section 39711 of the Health and Safety Code.
(2)The Energy Commission shall review technology incentive, research, development, deployment, and market facilitation programs operating in California and overseen by academia and the private and nonprofit sectors, and make recommendations to advance state clean energy and pollution reduction objectives and provide benefits to disadvantaged communities identified pursuant to Section 39711 of the Health and Safety Code.
...
(g)(1)Establish a disadvantaged community advisory group consisting of representatives from disadvantaged communities identified pursuant to Section 39711 of the Health and Safety Code. The disadvantaged community advisory group shall review and provide advice on programs proposed to achieve clean energy and pollution reduction and determine whether those proposed programs will be effective and useful in disadvantaged communities.","bill with provisions to include hydrogen in ZEV conversation for vehicles and distribution. amended out provisions around an advisory group and special considerations for DACs, now just a focus on jobs for DACs"
AB 2860,O'Donnell,2/21/2020,Held in Committee,From committee without further action.,11/30/2020,"California Clean Truck, Bus, and Off-Road Vehicle and Equipment Technology Program.",Transportation: ZEV,"The California Clean Truck, Bus, and Off-Road Vehicle and Equipment Technology Program, upon appropriation from the Greenhouse Gas Reduction Fund, funds zero- and near-zero-emission truck, bus, and off-road vehicle and equipment technologies and related projects. The program provides that projects eligible for funding include, among others, technology development, demonstration, precommercial pilots, and early commercial deployments of zero- and near-zero-emission medium- and heavy-duty truck technology, and requires, until December 31, 2020, no less than 20% of funding made available for that purpose to support early commercial deployment of existing zero- and near-zero-emission heavy-duty truck technology. The program defines “zero- and near-zero-emission” for its purposes.
This bill would extend the requirement that 20% of that funding be made available for that same purpose until December 31, 2025. The bill would create a separate definition for “near-zero emission” and revise the definition for “zero-emission,” as provided.",Section 39719.2 of the Health and Safety Code is amended,"(a) The California Clean Truck, Bus, and Off-Road Vehicle and Equipment Technology Program is hereby created, to be administered by the state board in conjunction with the State Energy Resources Conservation and Development Commission. The program, from moneys appropriated from the fund for the purposes of the program, shall fund development, demonstration, precommercial pilot, and early commercial deployment of zero- and near-zero-emission truck, bus, and off-road vehicle and equipment technologies. Priority shall be given to projects benefiting disadvantaged communities pursuant to the requirements of Sections 39711 and 39713.",HSC,Program prioritization,Section 39719.2 of the Health and Safety Code is amended,"(e) In evaluating potential projects to be funded pursuant to this section, the state board shall give priority to projects that demonstrate one or more of the following characteristics:
(1) Benefit disadvantaged communities pursuant to Sections 39711 and 39713 or communities with a community emissions reduction program implemented pursuant to Section 44391.2.",HSC,Program prioritization,Section 39719.2 of the Health and Safety Code is amended,(5) Implement purchase incentives for eligible technologies to increase the use of the cleanest vehicles in disadvantaged communities.,HSC by proxy,Program goals,,,,,,,,,,,,,,,,,,,,,,"extends program providing funding for zero emission heavy duty truck technology, with emphasis on benefits towards DACs"
AB 821,O'Donnell,2/20/2019,Filed,From committee: Filed with the Chief Clerk pursuant to Joint Rule 56.,2/3/2020,Transportation: Trade Corridor Enhancement Account: project nomination: California Port Efficiency Program.,Ports,"This bill would require the commission to allocate not less than 10% of the funds that are required to be allocated to projects nominated by the department to projects nominated pursuant to the California Port Efficiency Program, which this bill would create. The program would require the department to nominate projects proposed by port authorities and regional transportation agencies that most effectively improve velocity, throughput, and reliability of port operations.",Section 2192 of the Streets and Highways Code is amended ,"(f) (1) The commission shall adopt guidelines, including a transparent process to evaluate projects and to allocate the funding described in subdivision (a) for trade infrastructure improvements in a manner that .. (C) places emphasis on projects that improve trade corridor mobility and safety while reducing emissions of diesel particulates, greenhouse gases, and other pollutants and reducing other negative community impacts, especially in disadvantaged communities.... and (G) includes disadvantaged communities measures, as established by the California Environmental Protection Agency pursuant to Section 39711 of the Health and Safety Code, and other tools the commission determines, for evaluating benefits or costs for disadvantaged communities and low-income communities. Project nominations shall include either a quantitative or qualitative assessment of the benefits the project is expected to achieve relative to the evaluation criteria.",HSC,Requires CES to be used in analysis,Section 2192 of the Streets and Highways Code is amended ,"(h) For purposes of this section, the following terms have the following meanings:
(1) “Disadvantaged communities” are those communities identified by the California Environmental Protection Agency pursuant to Section 39711 of the Health and Safety Code.",HSC,Defining a community,Section 2192 of the Streets and Highways Code is amended ,"(e) (1) In adopting the program of projects to be funded with funds described in subdivision (a), the commission shall evaluate the total potential economic and noneconomic benefits of the program of projects to California’s economy, environment, and public health. The evaluation shall specifically assess localized impacts in disadvantaged communities. The commission shall consult with the agencies identified in Executive Order B-32-15 and metropolitan planning organizations in order to utilize use the appropriate models, techniques, and methods to develop the parameters for evaluating the program of projects. The commission shall allocate the funding from subdivision (a) for trade infrastructure improvements as follows:",HSC by proxy,Requires CES to be used in analysis,,,,,,,,,,,,,,,,,,,,,,fund allocation to ports from the trade corridor enhancement account. DAC language is unchanged i believe
AB 3280,Chu,2/21/2020,"Amended out of the bill, Held in Committee",From committee without further action.,11/30/2020,The Solutions for Congested Corridors Program: regional transportation planning agency,Planning,"This bill would expand “regional transportation planning agency” to include specified transportation planning agencies, certain county transportation commissions, the Santa Clara Valley Transportation Authority, a joint exercise of powers authority, or any other local or regional transportation entity that is designated by statute as a regional transportation agency.",,,,,,,,,,,,,,,,,,,,,,,,,,,,,,,,,"Amended out: Section 2192 of the Streets and Highways Code is amended 	(f) (1) The commission shall adopt guidelines, including a transparent process to evaluate projects and to allocate the funding described in subdivision (a) for trade infrastructure improvements in a manner that .. (C) places emphasis on projects that improve trade corridor mobility and safety while reducing emissions of diesel particulates, greenhouse gases, and other pollutants and reducing other negative community impacts, especially in disadvantaged communities.... and (G) includes disadvantaged communities measures, as established by the California Environmental Protection Agency pursuant to Section 39711 of the Health and Safety Code, and other tools the commission determines, for evaluating benefits or costs for disadvantaged communities and low-income communities. Project nominations shall include either a quantitative or qualitative assessment of the benefits the project is expected to achieve relative to the evaluation criteria.... (1)“Disadvantaged communities” are those communities identified by the California Environmental Protection Agency pursuant to Section 39711 of the Health and Safety Code.",broadens the definition of transportation planning agency.amended out DAC codes from the highway code
AB 1411,Reyes,2/22/2019,Filed,From committee: Filed with the Chief Clerk pursuant to Joint Rule 56.,2/3/2020,Integrated action plan for sustainable freight.,Transportation: ZEV,"This bill would establish as a state goal the deployment of 100,000 zero-emission medium- and heavy-duty vehicles and off-road vehicles and equipment, and the corresponding infrastructure to support them, by 2030. The bill would require the Public Utilities Commission, the state board, the Department of Transportation, the State Energy Resources Conservation and Development Commission, and the Governor’s Office of Business and Economic Development to develop and update by January 1, 2021, and at least every 5 years thereafter, an integrated action plan for sustainable freight that identifies strategies relating to that state goal, with priority given to actions that significantly reduce air pollution in low-income communities, as defined, and disadvantaged communities, as identified by the California Environmental Protection Agency.",Section 43018.10 is added to the Health and Safety Code,"(b) (1) By January 1, 2021, and at least every 5 five years thereafter, the Public Utilities Commission, the state board, the Department of Transportation, the State Energy Resources Conservation and Development Commission, and the Governor’s Office of Business and Economic Development shall develop and update an integrated action plan for sustainable freight.
(2) The integrated action plan shall do all of the following:...
(C) Prioritize actions that significantly reduce air pollution in low-income communities, as defined in Section 39713 39713, and disadvantaged communities, as identified pursuant to Section 39711.",HSC,"Mitigation, Program prioritization",,,,,,,,,,,,,,,,,,,,,,,,,,,,,,"deployment of ZEV medium and heavy duty vehicles and integrated action plan for sustainable freight every 5 years, including strategies and priority actions to significantly reduce air pollution in DACs"
AB 556,Carrillo,2/13/2019,Vetoed,Consideration of Governor's veto stricken from file.,1/21/2020,Outdoor experiences: community access program: grant program,Community development grants,"This bill would require the Natural Resources Agency to develop and implement a community access program focused on engagement programs, technical assistance, or facilities that maximize safe and equitable physical admittance, especially for low-income and disadvantaged communities, to natural or cultural resources, community education programs, or recreational amenities. The bill would authorize the agency, in consultation with certain state entities, to develop a grant program within a state department for innovative transportation projects that provide disadvantaged and low-income youth with access to outdoor experiences, as specified.", Section 5661 is added to Division 5 of the Public Resources Code,"5661. For purposes of this chapter, the following terms shall apply:
(b) “Disadvantaged communities” means communities identified pursuant to Section 39711 of the Health and Safety Code.",HSC,Defining a community, Section 5662 is added to Division 5 of the Public Resources Code,"5662. (a) The agency shall develop and implement a community access program focused on engagement programs, technical assistance, or facilities that maximize safe and equitable physical admittance, especially for low-income and disadvantaged communities, to natural or cultural resources, community education programs, or recreational amenities. Community access provided under the program may include any, or any combination, including all, of the following components:",HSC by proxy,Program goals, Section 5663 is added to Division 5 of the Public Resources Code,"5663. (a) The agency may, in consultation with the entities that comprise the agency under Section 12805 of the Government Code, develop a grant program within a state department for innovative transportation projects that provide disadvantaged and low-income youth with access to outdoor experiences.",HSC by proxy,Program eligibility, Section 5663 is added to Division 5 of the Public Resources Code,"(b) Priority for funding under the grant program shall be provided to a nonprofit organization, local agency, or state agency to cover the cost of transportation services from schools, organizations, local agencies, institutions, and other locations in furtherance of providing new and expanded outdoor experiences for disadvantaged and low-income youth.",HSC by proxy,Funding prioritization,,,,,,,,,,,,,,,,,,Creating an outdoor equity program prioritizing DACs
SB 597,Hueso,2/22/2019,"Amended out of the bill, Returned",Returned to Secretary of Senate pursuant to Joint Rule 56.,2/3/2020,Pumped hydropower system: pilot project,Energy,"This bill would require the commission to direct one or more electrical corporations to procure of a single large-scale, long-duration energy storage pilot project meeting certain requirements, as specified. The bill would require an electrical corporation subject to this procurement requirement to submit to the commission for approval a proposed cost-of-service or similar rate to cover the costs of the procurement based on the proportionate benefit derived by each ratepayer class from the pilot project.",,,,,,,,,,,,,,,,,,,,,,,,,,,,,,,,,"Amended out: SEC. 3.Section 913.10 of the Public Utilities Code is amended to read:
913.10.By July 1, 2019, and every three years thereafter, the commission shall report to the Legislature on the progress toward achieving the targets established pursuant to subdivision (a) of Section 454.55. The commission shall include specific strategies for, and an update on, progress toward maximizing the contribution of electricity efficiency savings in disadvantaged communities identified pursuant to Section 39711 of the Health and Safety Code.
SEC. 4.Section 913.11 of the Public Utilities Code is amended to read:
913.11.By July 1, 2019, and every three years thereafter, the commission shall report to the Legislature on the progress toward achieving the targets established pursuant to subdivision (a) of Section 454.56. The commission shall include specific strategies for, and an update on, progress toward maximizing the contribution of energy efficiency savings in disadvantaged communities identified pursuant to Section 39711 of the Health and Safety Code.",All DAC language amended out
AB 126,Cooper,12/8/2018,Inactive File,From Senate committee without further action.,11/30/2020,Air Quality Improvement Program: Clean Vehicle Rebate Project.,Transportation: ZEV,"This bill would require the state board, for the purposes of the Clean Vehicle Rebate Project and until January 1, 2022, to increase rebate payments by $500 for low-income applicants, applicants and to only offer rebates for plug-in hybrids that have an electric range of at least 40 miles.
This bill also would require the state board, for the purposes of the Clean Vehicle Rebate Project and until January 1, 2022, through a public process, to consider changing the eligibility requirements to increase the number of rebates provided to people who qualify as being low income, live in low-income communities, live in disadvantaged communities, and live in an air basin that is designated as being in nonattainment for any criteria air pollutant. The bill would require the state board, when considering changing those eligibility requirements, to consider specified requirements, impacts, and purposes.","Section 44274.6 of the Health and Safety Code, as added by Section 1 of Chapter 366 of the Statutes of 2018, is amended","(3) (A) Consider, through a public process, changing the eligibility requirements to increase the number of rebates provided to all of the following:
(i) People who qualify as being low income.
(ii) People who live in low-income communities.
(iii) People who live in disadvantaged communities, as identified pursuant to Section 39711.",HSC,Program eligibility,,,,,,,,,,,,,,,,,,,,,,,,,,,,,,"requires rebate payments for clean vehicles to increase for low-income, disadvantaged communities in polluted communities"
AB 14,Luz Rivas,12/3/2018,Filed,From committee: Filed with the Chief Clerk pursuant to Joint Rule 56.,2/3/2020,Multifamily Housing Program: homeless youths: homeless families.,Housing,"This bill would appropriate an unspecified sum from the General Fund into the Housing Rehabilitation Loan Fund to be expended under the Multifamily Housing Program to fund housing for homeless youths and homeless families in accordance with certain requirements, including that the department prioritize loans to housing projects in disadvantaged communities, as defined, and that unspecified amounts be set aside for both certain homeless youths and certain homeless families. This bill would exclude expenditures under its provisions from the total assistance calculation described above. This bill also would authorize the department to monitor the expenditures and activities of loan recipients and request the repayment of funds from a recipient of a loan for failure to comply with program requirements, as specified.",Section 50675.15 is added to the Health and Safety Code,"(c) For purposes of this section:
(1) “Disadvantaged communities” means communities identified as disadvantaged communities pursuant to Section 39711.",HSC,Defining a community,Section 50675.15 is added to the Health and Safety Code,(3) The department shall prioritize loans to housing projects in disadvantaged communities when expending funds pursuant to this section.,HSC by proxy,Program prioritization,,,,,,,,,,,,,,,,,,,,,,,,,,"expand loans for multifamily housing to homeless youths and homeless families, with prioritization for disadvantaged communities"
AB 961,Reyes,2/21/2019,Filed,From committee: Filed with the Chief Clerk pursuant to Joint Rule 56.,2/3/2020,Energy programs and projects: nonenergy benefits.,Energy,"This bill would require the commission to (1) establish common definitions of nonenergy benefits and attempt to determine consistent values for use in distributed energy resource programs, (2) meaningfully consider producing nonenergy benefits in clean energy and energy efficiency distributed energy resource programs and projects, (3) incorporate nonenergy benefits in distributed energy resource programs and projects in environmental and social justice communities, as defined, and (4) track the nonenergy benefits produced in distributed energy resource programs and report those benefits during program evaluations.",Section 383 is added to the Public Utilities Code,"383. (a) For purposes of this section, the following terms have the following meanings:
(1) “Distributed energy resources” means distributed renewable generation resources, energy efficiency, energy storage, electric vehicles, and demand response technologies.
(2) “Environmental and social justice communities” means communities identified as disadvantaged communities pursuant to Section 39711 of the Health and Safety Code.",HSC,Defining a community,Section 383 is added to the Public Utilities Code,Incorporate nonenergy benefits in distributed energy resource programs and projects in environmental and social justice communities.,HSC by proxy,Program goals,,,,,,,,,,,,,,,,,,,,,,,,,"originally was written to prioritize nonenergy benefits and give preference to those nonenergy benefits, but was amended out",bill including utilities to consider nonenergy benefits especiallyfor DACs
SB 122,Committee on Budget and Fiscal Review,1/10/2019,Inactive File,From Assembly without further action.,11/30/2020,Transportation,Governance: of state government,many provisions for transportation programs and code,Section 75230 of the Public Resources Code is amended,"(g) (1) For recipient transit agencies whose service areas include disadvantaged communities, as identified pursuant to Section 39711 of the Health and Safety Code, at least 50 percent of the total moneys received pursuant to this chapter shall be expended on projects or services that meet the requirements of subdivisions (d), (e), and (f) and benefit the disadvantaged communities, as identified consistent with the guidance developed by the State Air Resources Board pursuant to Section 39715. 39715 of the Health and Safety Code.
(2) The requirement of paragraph (1) is waived if the recipient transit agencies expend the funding provided pursuant to this section on any of the following:
(A) New or expanded transit service that connects with transit service serving disadvantaged communities, as identified in Section 39711 of, or in low-income communities, as defined in paragraph (2) of subdivision (d) of Section 39713 of, the Health and Safety Code.",HSC,Program eligibility,Section 75230 of the Public Resources Code is amended,"(s) The Department of Transportation and recipient transit agencies shall comply with the guidelines developed by the State Air Resources Board pursuant to Section 39715 of the Health and Safety Code to ensure that the requirements of Section 39713 of the Health and Safety Code are met to maximize the benefits to disadvantaged communities, as described in Section 39711 of the Health and Safety Code.",HSC,"Program goals, Mitigation",Section 75230 of the Public Resources Code is amended,"75230. (a) The Low Carbon Transit Operations Program is hereby created to provide operating and capital assistance for transit agencies to reduce greenhouse gas emissions and improve mobility, with a priority on serving disadvantaged communities.",HSC by proxy,Program eligibility,,,,,,,,,,,,,,,,,,,,,,"low carbon transit operations program created for transit agencies to reduce GHG and improve mobility, with priority for organizations serving DACs"
AB 90,Committee on Budget,12/3/2018,Enacted,,6/29/2020,Transportation,Governance: of state government,many provisions around transportion,Section 75230 of the Public Resources Code is amended,"(g) (1) For recipient transit agencies whose service areas include disadvantaged communities, as identified pursuant to Section 39711 of the Health and Safety Code, at least 50 percent of the total moneys received pursuant to this chapter shall be expended on projects or services that meet the requirements of subdivisions (d), (e), and (f) and benefit the disadvantaged communities, as identified consistent with the guidance developed by the State Air Resources Board pursuant to Section 39715 of the Health and Safety Code.
(2) The requirement of paragraph (1) is waived if the recipient transit agencies expend the funding provided pursuant to this section on any of the following:
(A) New or expanded transit service that connects with transit service serving disadvantaged communities, as identified in Section 39711 of, or in low-income communities, as defined in paragraph (2) of subdivision (d) of Section 39713 of, the Health and Safety Code.",HSC,Program prioritization,Section 75230 of the Public Resources Code is amended,"(s) The Department of Transportation and recipient transit agencies shall comply with the guidelines developed by the State Air Resources Board pursuant to Section 39715 of the Health and Safety Code to ensure that the requirements of Section 39713 of the Health and Safety Code are met to maximize the benefits to disadvantaged communities, as identified pursuant to Section 39711 of the Health and Safety Code.",HSC,Program goals,Section 75230 of the Public Resources Code is amended,"75230. (a) The Low Carbon Transit Operations Program is hereby created to provide operating and capital assistance for transit agencies to reduce greenhouse gas emissions and improve mobility, with a priority on serving disadvantaged communities.",HSC by proxy,Program eligibility,,,,,,,,,,,,,,,,,,,,,,"for DACs, same one as above"
AB 2285,Committee on Transportation,2/14/2020,Enacted,,9/18/2020,Transportation,Governance: of state government,"The California Clean Truck, Bus, and Off-Road Vehicle and Equipment Technology Program, upon appropriation from the Greenhouse Gas Reduction Fund, funds zero- and near-zero-emission truck, bus, and off-road vehicle and equipment technologies and related projects. The program provides that projects eligible for funding include, among others, technology development, demonstration, precommercial pilots, and early commercial deployments of zero- and near-zero-emission medium- and heavy-duty truck technology, and requires, until December 31, 2020, no less than 20% of funding made available for that purpose to support early commercial deployment of existing zero- and near-zero-emission heavy-duty truck technology.
This bill would extend the requirement that 20% of that funding be made available for that same purpose until December 31, 2021.
This bill would extend the authorization for the Department of Motor Vehicles to complete the pilot program to January 1, 2023.
This bill would instead require a person driving a vehicle on a highway approaching, among other things, a stationary authorized emergency vehicle that is displaying emergency lights to approach with due caution and, before passing in a lane immediately adjacent to one of those specified vehicles, absent other direction by a peace officer, either proceed to make a lane change into an available lane not immediately adjacent to one of those specified vehicles, or slow to a reasonable and prudent speed that is safe for existing weather, road, and vehicular or pedestrian traffic conditions, as specified. Because this bill would expand the application of this provision from freeways to highways, it would expand the scope of an existing crime and would impose a state-mandated local program.",Section 39719.2 of the Health and Safety Code is amended,"(a) The California Clean Truck, Bus, and Off-Road Vehicle and Equipment Technology Program is hereby created, to be administered by the state board in conjunction with the State Energy Resources Conservation and Development Commission. The program, from moneys appropriated from the fund for the purposes of the program, shall fund development, demonstration, precommercial pilot, and early commercial deployment of zero- and near-zero-emission truck, bus, and off-road vehicle and equipment technologies. Priority shall be given to projects benefiting disadvantaged communities pursuant to the requirements of Sections 39711 and 39713.",HSC,Program prioritization,Section 39719.2 of the Health and Safety Code is amended,"(e) In evaluating potential projects to be funded pursuant to this section, the state board shall give priority to projects that demonstrate one or more of the following characteristics:
(1) Benefit disadvantaged communities pursuant to Sections 39711 and 39713 or communities with a community emissions reduction program implemented pursuant to Section 44391.2.",HSC,Program prioritization,Section 39719.2 of the Health and Safety Code is amended,(5) Implement purchase incentives for eligible technologies to increase the use of the cleanest vehicles in disadvantaged communities.,HSC by proxy,Program goals,,,,,,,,,,,,,,,,,,,,,,the DACs codes are unchanged. provisions are a couple transportation related laws unrelated to DACs
AB 3021,Ting,2/21/2020,Held in Committee,From committee without further action.,11/30/2020,School facilities: energy resilient schools: grant program. ,"Energy, Community development grants","This bill would appropriate $300,000,000 per fiscal year in the 2020–21, 2021–22, and 2022–23 fiscal years from the General Fund to the State Energy Resources Conservation and Development Commission (Energy Commission) to administer a program to provide resiliency grant funding and technical assistance to local educational agencies for the installation of energy storage systems. The bill would require the Energy Commission to allocate resiliency grant funding in a specified order of priority. The bill would make a project eligible for funding if it is financed and owned by the local educational agency or financed and owned by a third party that has a power purchase or energy services agreement with the local educational agency. The bill would require the Energy Commission to provide local educational agencies with preapplication funding for technical assistance, as provided.",Chapter 8 (commencing with Section 17670) is added to Part 10.5 of Division 1 of Title 1 of the Education Code,"(d) “Priority development community” means any of the following:
(1) A disadvantaged community identified pursuant to Section 39711 of the Health and Safety Code.
(2) A low-income community, as defined in Section 39713 of the Health and Safety Code.
(3) Locations within one-half mile of a low-income community.
(4) An enterprise zone.",HSC,Defining a community,,,,,,,,,,,,,,,,,,,,,,,,,,,,,,grant program for energy storage for schools
AB 1262,O'Donnell,2/21/2019,Filed,From committee: Filed with the Chief Clerk pursuant to Joint Rule 56.,2/3/2020,California Sustainable Freight Action Plan,Transportation: ZEV,"This bill would require, by January 1, 2021, and every 5 years thereafter, the state board, the Department of Transportation, the State Energy Resources Conservation and Development Commission, and the Governor’s Office of Business and Economic Development, in collaboration with relevant stakeholders, to update the California Sustainable Freight Action Plan, as provided.",Section 43011.7 is added to the Health and Safety Code,"(c) The updates to the plan California Sustainable Freight Action Plan shall consider the following:...
(3) Identification of priority actions that significantly reduce air pollution in low-income communities, as defined in Section 39713 39713, and disadvantaged communities, as identified pursuant to Section 39711.",HSC,Mitigation,,,,,,,,,,,,,,,,,,,,,,,,,,,,,,making requirement to update CA Sustainable freight action plan which shall identify priority actions to reduce air pollution in DACs
AB 2031,Luz Rivas,1/30/2020,Held in Committee,From committee without further action.,11/30/2020,School Pavement to Parks Grant Program,"Greening, Community development grants","The bill would establish the School Pavement to Parks Grant Program under the administration of the Natural Resources Agency for purposes of providing grants to applicant school districts, county offices of education, or charter schools maintaining schools in disadvantaged communities, as defined, or low-income communities, as defined, to convert portions of existing pavement at those schools to green space. The bill would require the agency to establish processes and procedures for administering the grant program, as specified. The bill would require a school district or county office of education that receives a request from a school in the school district or county office of education to participate in the grant program to inform the school that it has received the request in a timely manner. By requiring school districts or county offices of education to provide a response to a school requesting to participate in the grant program, the bill would create a state-mandated local program. The bill would make grants provided by the agency under the grant program contingent upon the appropriation of funds in the annual Budget Act or another statute for that purpose.",Section 71431 is added to Division 34 of the Public Resources Code,(c) “Disadvantaged communities” means communities identified as disadvantaged communities pursuant to Section 39711 of the Health and Safety Code.,HSC,Defining a community,Section 71432 is added to Division 34 of the Public Resources Code,"71432. (a) The School Pavement to Parks Grant Program is hereby established, under the administration of the agency.
(b) (1) The purpose of the program is to enable schools located in disadvantaged communities or low-income communities with no or minimal green space at schoolsites to convert existing pavement to green space.",HSC by proxy,"Program eligibility, Program goals",,,,,,,,,,,,,,,,,,,,,,,,,,bill establishing school pavement to parks grant program for schools in DACs
AB 343,Patterson,2/4/2019,Filed,From committee: Filed with the Chief Clerk pursuant to Joint Rule 56.,2/3/2020,Forestry: fuels transportation program: grant program,"Transportation: transportation of fuels, Community development grants","This bill would require the Natural Resources Agency to develop and implement a fuels transportation program that provides competitive grants or other financial incentives for projects in eligible communities to offset the costs of transporting fuels to an eligible biomass facility, an innovative forest products facility, or a mass timber facility, as specified. The bill would authorize the agency to allocate moneys from the Greenhouse Gas Reduction Fund consistent with the purposes of the fund",Section 4615) is added to Chapter 8 of Part 2 of Division 4 of the Public Resources Code,(2) “Disadvantaged community” means a community identified as a disadvantaged community pursuant to Section 39711 of the Health and Safety Code.,HSC,Defining a community,Section 4615) is added to Chapter 8 of Part 2 of Division 4 of the Public Resources Code,"(2) The agency may waive or reduce the cost-sharing requirements for projects that directly benefit or occur in a disadvantaged or low-income community. The cost-sharing requirement may be fulfilled in the form of cash, in-kind services or materials, or any combination of those, as determined by the agency.",HSC by proxy,Program eligibility,,,,,,,,,,,,,,,,,,,,,,,,,,would create a grant program for fuels transportation
AB 1578,Luz Rivas,2/17/2019,Vetoed,Consideration of Governor's veto stricken from file.,1/21/2020,School Pavement to Parks Grant Program,"Community development grants, Greening","The bill would establish the School Pavement to Parks Grant Program under the administration of the Natural Resources Agency for purposes of providing grants to applicant school districts, county offices of education, or charter schools maintaining schools in disadvantaged communities, as defined, or low-income communities, as defined, to convert portions of existing pavement at those schools to green space. The bill would require the agency to establish processes and procedures for administering the grant program, as specified. The bill would require a school district or county office of education that receives a request from a school in the school district or county office of education to participate in the grant program to inform the school that it has received the request in a timely manner. By requiring school districts or county offices of education to provide a response to a school requesting to participate in the grant program, the bill would create a state-mandated local program. The bill would make grants provided by the agency under the grant program contingent upon the appropriation of funds in the annual Budget Act or another statute for that purpose.",Section 71431 is added to Division 34 of the Public Resources Code,(c) “Disadvantaged communities” means communities identified as disadvantaged communities pursuant to Section 39711 of the Health and Safety Code.,HSC,Defining a community,Section 71432 is added to Division 34 of the Public Resources Code,"71432. (a) The School Pavement to Parks Grant Program is hereby established, under the administration of the agency.
(b) (1) The purpose of the program is to enable schools located in disadvantaged communities or low-income communities with no or minimal green space at schoolsites to convert existing pavement to green space.",HSC by proxy,"Program eligibility, Program goals",Section 71432 is added to Division 34 of the Public Resources Code,"(b) (1) Priority for funding shall be based on the following:
...
(2) Applicants applying for schools with no or limited access to green space that are located in disadvantaged communities shall receive priority for funding over applicants applying for schools with access to green space that are located in low-income communities.",HSC by proxy,Funding prioritization,,,,,,,,,,,,,,,,,,,,,,"earlier version of AB 2038, school parks grants program. this version explicitly states the schools with no or low access to green space in DACs shall receive priority funding"
AB 983,Boerner Horvath ,2/21/2019,Filed,From committee: Filed with the Chief Clerk pursuant to Joint Rule 56.,2/3/2020,Transportation electrification.,Transportation: ZEV,This bill would require an electrical corporation to work with local agencies or regional planning agencies in its service territory with responsibility for planning electric vehicle deployment to determine where to install new electrical charging stations along local transit corridors. ....,Section 740.16 is added to the Public Utilities Code,(f) An electrical corporation shall prioritize in its application the installment of charging stations in disadvantaged communities identified pursuant to Section 39711 of the Health and Safety Code.,HSC,Program prioritization,,,,,,,,,,,,,,,,,,,,,,,,,,,,,,prioritizes placement of charging infrastructure in DACs
SB 667,Hueso,2/22/2019,"Amended out of the bill, Held in Committee",From Assembly without further action.,11/30/2020,Greenhouse gases: recycling and organic waste reduction: needs assessment,Waste,"This bill would require the Department of Resources Recycling and Recovery to develop, on or before January 1,  2023, and would authorize the department to amend, a 5-year needs assessment to support innovation and technological and infrastructure development, in order to meet the above-mentioned organic waste reduction and recycling targets, as provided.",,,,,,,,,,,,,,,,,,,,,,,,,,,,,,,,,"amended out: (C)Prioritize projects that maximize benefits while minimizing negative consequences to disadvantaged communities, as identified pursuant to Section 39711 of the Health and Safety Code, and to low-income communities, as defined in Section 39713 of the Health and Safety Code.","originally had public resources code with DACs, amended out. it was code that existed before elsewhere"
AB 986,Robert Rivas,2/21/2019,Filed,From committee: Filed with the Chief Clerk pursuant to Joint Rule 56.,2/3/2020,"Agricultural land: socially disadvantaged farmers and ranchers: REEAL Act of 2019.",Agriculture,"This bill would enact the Regional Economies and Equity in Agricultural Lands Act of 2019, or the REEAL Act of 2019, which would require the department, in consultation with the Department of Food and Agriculture, to establish the Regional Economy Economies and Equity in Agricultural Lands Program, or the REEAL Program. Program and the Regional Economies and Equity in Agricultural Lands Fund. The bill would provide that moneys in the fund are available upon appropriation by the Legislature for the purposes of the program. The bill would require the department, program, to award grants to certain eligible entities entities to protect agricultural lands and to make agricultural lands accessible to socially disadvantaged farmers and  ranchers, as prescribed.",Section 10102) is added to the Public Resources Code,(b) “Disadvantaged community” means a community identified as a disadvantaged community pursuant to Section 39711 of the Health and Safety Code.,HSC,Defining a community,Section 10103 is added to the Public Resources Code,"(c) In awarding grants to eligible conservation entities under the REEAL Program, the department shall give priority, through set-aside funding or other measurable means, to all of the following:
(1) California Native American tribes.
(2) Nonprofit organizations of which at least a majority of the board is composed of socially disadvantaged farmers and ranchers or residents of a disadvantaged community.",HSC by proxy,Funding prioritization,,,,,,,,,,,,,,,,,,,,,,,,,"amended out: (1)(A)Establish and administer a loan program, to be known as the Regional Economies and Equity in Agricultural Lands Loan Program, or the REEAL Loan Program, under which the department shall provide capital to institutions such as certified community development financial institutions or financial development corporations to award loans described in subparagraph (B) to socially disadvantaged farmers and ranchers for the ownership or long-term lease of agricultural lands consistent with the purposes of this division.

(B)Loans awarded under the REEAL Loan Program shall include forgivable, deferred, low-interest or no-interest loans with reduced downpayments. These loans shall be known as Regional Economies and Equity in Agricultural Lands loans, or REEAL loans.

(2)(A)Establish and implement a technical assistance grant program to award grants to qualified farm service providers, such as certified community development financial institutions, to prepare socially disadvantaged farmers and ranchers for obtaining a REEAL loan.

(B)Technical assistance under the grant program established pursuant to subparagraph (A) shall include, but is not limited to, helping socially disadvantaged farmers and ranchers underwrite REEAL loans and preparing their farm or ranch businesses to apply for REEAL loans.","establish regional economies and equity in ag program, targeting financial support to socially disadvantaged farmers"
AB 2812,Eduardo Garcia,2/20/2020,Held in Committee,From committee without further action.,11/30/2020,California Global Warming Solutions Act of 2006: Greenhouse Gas Reduction Fund: investment plan.,Carbon emissions,"This bill, for competitive grant programs that involve housing, urban forestry, urban greening, or planning and that allocate moneys from the fund after July 1, 2021, would require state agencies administering those moneys from the fund to develop at least 3 categories for applications based on the population and density of where the proposed project is to be located and to develop scoring criteria for each category, as specified.
This bill would additionally require the moneys in the fund to be used to facilitate the achievement of reductions of greenhouse gas emissions consistent with the act and to increase water supply resilience; reduce or prevent increases in transportation, energy, or fuel costs, particularly in disadvantaged communities; accelerate the development and implementation of low-carbon technology; reduce vehicle miles traveled; promote zoning and development activities that increase public access to essential services or amenities; promote partnerships between multiple jurisdictions; promote climate change adaptation capacity; and improve community access to green space.
This bill also would require the Department of Finance to include in an annual report to the Legislature specified information on the applications received for each grant program allocating moneys from the fund.",Section 39712 of the Health and Safety Code is amended,"(b) Moneys shall be used to facilitate the achievement of reductions of greenhouse gas emissions in this state consistent with Division the California Global Warming Solutions Act of 2006 (Division 25.5 (commencing with Section 38500) 38500)) and, where applicable and to the extent feasible:...
(8) Reduce or prevent increases in transportation, energy, or fuel costs, particularly in disadvantaged communities, as identified pursuant to Section 39711.",HSC,Program goals,Section 39712 of the Health and Safety Code is amended,"(b) Moneys shall be used to facilitate the achievement of reductions of greenhouse gas emissions in this state consistent with Division the California Global Warming Solutions Act of 2006 (Division 25.5 (commencing with Section 38500) 38500)) and, where applicable and to the extent feasible:...
(4) Direct investment toward the most disadvantaged communities and households in the state.",HSC by proxy,Program goals,,,,,,,,,,,,,,,,,,,,,,,,,,
AB 2441,Luz Rivas,2/19/2020,Held in Committee,From committee without further action.,11/30/2020,Climate change: Safeguarding California Plan: Extreme Heat and Community Resilience Program.,"Climate emergency/natural hazards, Transportation: transit","This bill would include, as objectives to be maximized, building resilient communities by developing projects that incorporate, to the maximum extent feasible, cool surface materials and investing in communities to develop community-specific climate resilience plans and to establish community resilience centers to mitigate impacts of local climate risks. The bill would additionally require the Office of Emergency Services to coordinate with the State Department of Public Health in the review and update of the Adaption Planning Guide.
This bill would establish the Extreme Heat and Community Resilience Program to coordinate the state’s efforts to address extreme heat and to facilitate the implementation of regional and state climate change planning into effective projects through the awarding of competitive grants to eligible entities for implementation of those projects. The bill would require the Strategic Growth Council to administer the program. The bill would establish the Extreme Heat and Community Resilience Fund in the State Treasury and would require the council, upon appropriation by the Legislature, to expend moneys in the fund for the implementation of the program.",Part 4.6 (commencing with Section 71361) is added to Division 34 of the Public Resources Code,"(d) In awarding grants, the council shall give priority to projects that do any of the following:
(1) Serve disadvantaged communities, as identified in Section 39711 of the Health and Safety Code.",HSC,Funding prioritization,Section 71154 of the Public Resources Code is amended,"To address the vulnerabilities identified in the plan, state agencies shall work to maximize, where applicable and feasible, all of the following objectives:...
(h) Promoting actions to ensure healthy soils and sustainable agriculture; inform reliable transportation planning; improve emergency management response across sectors; ensure sufficient, reliable, and safe energy; improve capacity to reduce and respond to public health threats; address the impacts of climate change on disadvantaged communities; and protect cultural resources from the impacts of climate change.",HSC by proxy,Program goals,,,,,,,,,,,,,,,,,,,,,,,,,,
AB 2188,Calderon,2/11/2020,Held in Committee,From committee without further action.,11/30/2020,Charge Ahead California Initiative: Air Quality Improvement Program: Clean Vehicle Rebate Project.,Transportation: ZEV,"This bill would require the forecast for the Clean Vehicle Rebate Project to include several items, including, among other things, the total state rebate investment necessary to facilitate reaching the goal of no longer needing the Clean Vehicle Rebate Project to be in effect and recommendations on changes to the project structure and rebate levels. The bill would require the state board to update the forecast at least every 3 years until January 1, 2030.
This bill also would require the state board, for the purposes of the Clean Vehicle Rebate Project, to adopt criteria and other requirements to ensure that rebate levels can be phased down in increments based on cumulative sales levels.",Section 44258.4 of the Health and Safety Code is amended,"(4) (A) Require agricultural vanpool programs, including, but not limited to, the agricultural worker vanpools pilot project implemented by the state board pursuant to this chapter, to serve disadvantaged communities, as defined in identified pursuant to Section 39711, and low-income communities, as defined in Section 39713, and allocate a minimum of 25 percent of the moneys appropriated by the Legislature for agricultural vanpool programs to those programs servicing low-income communities.",HSC,Funding prioritization,Section 44258.4 of the Health and Safety Code is amended to read:,"(3) (A) Establish programs that further increase access to and direct benefits for disadvantaged, low-income, and moderate-income communities and consumers from electric transportation, including, but not limited to, any of the following:
(i) Financing mechanisms, including, but not limited to, a loan or loan-loss reserve credit enhancement program to increase consumer access to zero-emission and near-zero-emission vehicle financing and leasing options that can help lower expenditures on transportation and prequalification or point-of-sale rebates or other methods to increase participation rates among low- and moderate-income consumers.
(ii) Car sharing programs that serve disadvantaged communities and utilize zero-emission and near-zero-emission vehicles.
(iii) Deployment of charging infrastructure in multiunit dwellings in disadvantaged communities to remove barriers to zero-emission and near-zero-emission vehicle adoption by those who do not live in detached homes. This clause does not preclude the Public Utilities Commission from acting within the scope of its jurisdiction.",HSC by proxy,Program eligibility,Section 44258.4 of the Health and Safety Code is amended to read:,"(B) Programs implemented pursuant to this paragraph shall provide adequate outreach to disadvantaged, low-income, and moderate-income communities and consumers, including partnering with community-based organizations.",HSC by proxy,Program eligibility,,,,,,,,,,,,,,,,,,,,,,
SB 1258,Stern,2/21/2020,Held in Committee,From committee without further action.,11/30/2020,California Climate Technology and Infrastructure Financing Act.,Transportation: Infrastructure (non-EV),"This bill would enact the California Climate Technology and Infrastructure Financing Act to require the bank, in consultation with specified agencies to administer the Climate Catalyst Revolving Fund, which the bill would establish to provide financial assistance to eligible climate catalyst projects, as defined.
The bill would require the bank to administer the climate catalyst loan program, would establish the Climate Catalyst Revolving Fund for these purposes, and would continuously appropriate the fund for these purposes, with specified restriction.",Chapter 7 (commencing with Section 63100) is added to Division 1 of Title 6.7 of the Government Code,"b) In developing the guiding document, the bank shall convene and consult with a climate and energy incentive coordination advisory body consisting of the following:...
(9) At least one member appointed pursuant to paragraph (7) or (8) shall represent the interest of disadvantaged communities, as identified pursuant to Section 39711 of the Health and Safety Code, and shall have appropriate expertise.",HSC,Advisory role,,,,,,,,,,,,,,,,,,,,,,,,,,,,,,"funding for climate catalyst projects, and at least one DAC member join advisory board"
SB 1070,Leyva,2/18/2020,Held in Committee,From committee without further action.,11/30/2020,Land use: general plans,"Planning, Land use","This bill would revise and recast the provisions regarding an environmental justice element by requiring the environmental justice element to include certain provisions, including identification of disadvantaged communities; an assessment of the unique and compounded health risks and investment needs in disadvantaged communities; a statement of goals, quantified objectives, and policies designed to address the unique and compounded health risks and investment needs identified; and a program that sets forth a schedule of required meaningful actions with an implementation deadline and performance metrics with regard to the goals, quantified objectives, and policies identified. The bill would require local governments to ensure meaningful involvement of residents of disadvantaged communities in the preparation, adoption, and implementation of the environmental justice element, and to facilitate accomplishing this requirement by preparing and adopting a public engagement plan prior to the development of the environmental justice element, and release of any draft or a portion thereof, as provided.
This bill would also require a city, county, or city and county, subject to these requirements, that does not have an adopted environmental justice element as of September 30, 2020, to adopt the environmental justice element, pursuant to these provisions, on or before the due date for the next revision of its housing element or by January 1, 2023, whichever is sooner, and if the local government has adopted an environmental justice element pursuant to these provisions by September 30, 2020, it would be required to review and amend the element on or before the deadline for adoption of the next revision of its housing element and periodically thereafter, as provided.",Section 65302 of the Government Code is amended,"(7) For purposes of this subdivision, the following terms shall apply:
(A) “Disadvantaged communities” means an area that is a low-income area that is disproportionately affected by environmental pollution or other hazards that can lead to negative health effects, exposure, or environmental degradation. The term “disadvantaged communities” includes, but is not limited to, areas identified by the California Environmental Protection Agency pursuant to Section 39711 of the Health and Safety Code and other areas identified by the local government taking into consideration public input provided during the development of the environmental justice element.
(B) “Environmental justice” has the same definition as the term “environmental justice” in subdivision (e) of Section 65040.12 of the Government Code.
(C) “Environmental justice element” means the environmental justice element of a general plan or each of the components of an environmental justice element required pursuant to this subdivision, including, but not limited to, the identification of disadvantaged communities, assessment of unique and compounded health risks and investment needs of disadvantaged communities within the planning area, related goals, quantified objectives, and policies, schedule of meaningful actions, and public engagement plan, integrated into the general plan of a local government pursuant to this subdivision.",HSC,Defining a community,Section 65302 of the Government Code is amended,"(h) (1) An environmental justice element, or related goals, policies, and objectives integrated in other elements, that identifies disadvantaged communities within the area covered by the general plan of the city, county, or city and county, if the city, county, or city and county has a disadvantaged community. The environmental justice element, or related environmental justice goals, policies, and objectives integrated in other elements, shall do all of the following:
(A) Identify objectives and policies to reduce the unique or compounded health risks in disadvantaged communities by means that include, but are not limited to, the reduction of pollution exposure, including the improvement of air quality, and the promotion of public facilities, food access, safe and sanitary homes, and physical activity.
(B) Identify objectives and policies to promote civic engagement in the public decisionmaking process.
(C) Identify objectives and policies that prioritize improvements and programs that address the needs of disadvantaged communities.",HSC by proxy,Program goals,Section 65302 of the Government Code is amended,"(h) (1) If a disadvantaged community is located within the area covered by the general plan of a city, county, or city and county, the city, county, or city and county shall adopt an environmental justice element that includes all of the following:
(A) The identification of disadvantaged communities, as defined in subparagraph (A) of paragraph (7), within the area covered by the general plan or general plans of the local government. The identification of disadvantaged communities shall include, for each disadvantaged community, a map depicting the community and a clear description of the community’s boundaries. To the extent that the environmental justice element identifies as disadvantaged communities any areas other than those identified by the California Environmental Protection Agency pursuant to Section 39711 of the Health and Safety Code, the environmental justice element shall explain the basis for the identification of said areas as disadvantaged communities and clearly describe any criteria or methodology used for the identification.",HSC,Requires CES to be used in analysis,Section 65302 of the Government Code is amended,"(B) An assessment of the unique and compounded health risks and investment needs in disadvantaged communities. The assessment shall be based upon available research, data, public input provided during the development of the environmental justice element, and other information available to the local government. The assessment shall include at a minimum all of the following:
(i) An inventory of the types, concentrations, and sources of pollution in disadvantaged communities compared to other neighborhoods in the planning area and state, including, but not limited to, pollutants in the air, water, soil, and built environment.
(ii) A map or maps depicting the existing land uses and the zoning applicable to disadvantaged communities in the planning area and the land uses permitted within those zones that may contribute to pollution exposures in disadvantaged communities as compared with other neighborhoods in the planning area, region, and state.
(iii) A description of the deficiencies that disadvantaged communities in the planning area experience with respect to access to public facilities, fresh and healthy food, healthy housing, and infrastructure and services.
(iv) A description of the public and private investment needs of disadvantaged communities in the planning area to address the deficiencies with respect to access to public facilities, fresh and healthy food, healthy housing, and infrastructure and services identified in clause (iii).
(v) A description of the impacts of, and risks associated with, climate change on disadvantaged communities, including, but not limited to, risks to public health in disadvantaged communities.
(vi) A description of impediments to the meaningful involvement of residents of disadvantaged communities within the planning area in public decisionmaking processes. In complying with this clause, the local government shall consider the provisions of the local government’s zoning ordinances, zoning ordinances and general plan, or general plans as they relate to land use siting and entitlement approvals, such as, for example, provisions governing whether and how public notice of proposals to site land uses that may exacerbate pollution burdens in disadvantaged communities is provided to community residents and whether and how residents are provided meaningful opportunities to provide input on those proposals.",HSC by proxy,Requires CES to be used in analysis,Section 65302 of the Government Code is amended,"(C) A statement of goals, quantified objectives, and policies designed to address the unique and compounded health risks and investment needs identified pursuant to clauses (i), (ii), (iii), and (vi) of subparagraph (B) and to further environmental justice. The goals, quantified objectives, and policies shall prioritize addressing the unique and compounded health risks and investment needs identified in the environmental justice element in disadvantaged communities with the greatest health risks and investment needs.",HSC by proxy,Program goals,Section 65302 of the Government Code is amended,"At a minimum, the program shall do all of the following:
(i) Avoid the exacerbation of, reduce, and eliminate disproportionate and concentrated pollution in disadvantaged communities, including, but not limited to, through the adoption of alternative zoning and land use designations that prohibit the siting of incompatible land uses near sensitive land uses, phasing out or relocation of existing incompatible land uses near sensitive land uses, regulations and procedures relating to the siting and operation of incompatible land uses to protect sensitive land uses from adverse impacts of incompatible land uses, neighborhood greening strategies, and infrastructure and service investments.
(ii) Advance access to public facilities, fresh and healthy food, healthy housing, and infrastructure and services in disadvantaged communities within the planning area, prioritizing those disadvantaged communities with the greatest need whenever possible. For purposes of this clause, access includes both physical access resulting from the availability within or near a disadvantaged community and financial access as a result of affordability to residents of a disadvantaged community.
(iii) Advance resiliency to the impacts of, and risks associated with, climate change on public health in disadvantaged communities, prioritizing those disadvantaged communities with the greatest vulnerabilities to the impacts and risks of climate change.
(iv) Address and eliminate impediments to, and promote the meaningful involvement of residents of, disadvantaged communities within the planning area throughout public decisionmaking processes. Meaningful actions to address and eliminate those impediments shall include, but are not limited to, the expansion of requirements for the provision of advance direct public notice to residents of disadvantaged communities of decisions that could impact public health or investment in disadvantaged communities, the provision of translated documents and interpreters at public meetings to facilitate input, and holding public meetings and hearings at times and locations convenient to residents of disadvantaged communities.
(v) Prevent the economic displacement of low-income residents and sensitive land uses within disadvantaged communities as a result of the implementation of the environmental justice element.",HSC by proxy,"Community engagement outreach, Program goals, Land use siting",Section 65302 of the Government Code is amended,"(2) Local governments shall ensure the meaningful involvement of residents of disadvantaged communities in the preparation, adoption, and implementation of the environmental justice element. To facilitate the accomplishment of this requirement, local governments shall prepare and adopt a public engagement plan prior to the development of the environmental justice element and the release of any draft of the environmental justice element or any of its components.
(A) The public engagement plan shall include, at a minimum, all of the following:
(i) An identification of the dates, times, and locations of public meetings that are convenient to residents of disadvantaged communities that will be held to inform the public of the requirements of this subdivision and to receive input on all of the matters set forth in subparagraphs (A) to (D), inclusive, of paragraph (1). The public engagement plan shall provide for a sufficient number of public meetings to allow the meaningful involvement of residents of the disadvantaged communities within the planning area taking into consideration the size and other unique characteristics of the jurisdiction and shall in no case provide for fewer than three public meetings to be held in disadvantaged communities in the planning area both before and after the release of a draft of the environmental justice element.
(ii) A description of how and when public notices will be provided for public meetings, public hearings, and other opportunities for the public to provide input into the preparation, adoption, and implementation of the environmental justice element. The description shall include methods of providing notice that are specifically designed to achieve the meaningful involvement of residents of disadvantaged communities and shall provide for the translation of notices into all threshold languages spoken in the planning area, in addition to any other languages commonly spoken in disadvantaged communities in the planning area, as identified by the local government and through public input provided on the public engagement plan.
(iii) A statement of how written and oral translation will be provided for during the preparation of the environmental justice element, which shall include at a minimum the translation of materials provided at public meetings and hearings, the provision of interpreters at public workshops and hearings, and the translation of information posted to an internet web page dedicated to the environmental justice element.
(iv) A description of how the local government will meaningfully engage community-based organizations, schools, and other stakeholders that work directly with residents of disadvantaged communities in the planning area in order to solicit their input and promote the meaningful involvement of residents of disadvantaged communities in the planning area in the development of the environmental justice element. (V) Any other information or materials posted on its environmental justice element internet web page in order to further the meaningful involvement of residents of disadvantaged communities in the development, adoption, and implementation of the environmental justice element.",HSC by proxy,Community engagement outreach,Section 65302 of the Government Code is amended,"(iv) The local government shall meaningfully consider and incorporate, whenever feasible and in furtherance of the purposes of this subdivision, the meaningful involvement of residents of disadvantaged communities in the development of the environmental justice element and the comments and recommendations provided by the public before adopting the public engagement plan.",HSC by proxy,Community engagement outreach,,bill focused on general plans and updates to the EJ element. with more community member egnagement. Second instance is amended out
SB 152,Beall,1/22/2019,Returned to Secretary,Returned to Secretary of Senate pursuant to Joint Rule 56.,2/3/2020,Active Transportation Program.,Transportation: Infrastructure (non-EV),"bill would require that 75% 60% of available funds be awarded to projects selected by MPOs in urban areas with populations greater than 200,000, with the available funds distributed to each MPO based on its relative share of the population, 15% to fund projects in small urban and rural regions, and 10% 25% to projects of a transformative nature competitively awarded by the commission on a statewide basis. provisions for differently sized areas",Section 2382 of the Streets and Highways Code is amended ,"(c) The guidelines shall include a process to ensure that no less than 25 percent of overall program funds benefit disadvantaged communities during each program cycle. The guidelines shall establish a program definition for disadvantaged communities that may include, but shall not be limited to, the description in Section 39711 of the Health and Safety Code and the definition of low-income schools in paragraph (7) of subdivision (b) of former Section 2333.5, as that section read on January 1, 2013. A project eligible under this subdivision shall clearly demonstrate a benefit to a disadvantaged community or be directly located in a disadvantaged community.",HSC,Program eligibility,Section 2382 of the Streets and Highways Code is amended,"(g) In developing the guidelines with regard to project selection, the commission shall include include, but need not be limited to, the following criteria, unless the particular criteria does not apply to the type of project:...
(7) (A) Benefit to disadvantaged communities. In
(B) In developing guidelines relative to this paragraph, the commission shall consider, but shall not be limited to, the definition of disadvantaged communities as applied pursuant to subdivision (c).
(C) In developing regional guidelines pursuant to paragraph (1) of subdivision (l) relative to this paragraph, a metropolitan planning organization shall consider the definitions of disadvantaged communities included in the state guidelines adopted by the commission. A metropolitan planning organization may adopt an additional definition of disadvantaged communities within its regional guidelines if the commission, in consultation with the metropolitan planning organization, reviews and approves that definition.
(D) A metropolitan planning organization that performs the competitive project selection process in accordance with guidelines adopted by the commission for metropolitan planning organizations shall track and report to the commission the projects that it selects that benefit disadvantaged communities in each program cycle.",HSC by proxy,"Defining a community, Program eligibility",,,,,,,,,,,,,,,,,,,,,,,,,,active transportation program with funds for MPOs. text about how disadvantaged communities can be defined by the MPO but should consider the state DACs
AB 1402,Petrie-Norris,2/22/2019,Filed,From committee: Filed with the Chief Clerk pursuant to Joint Rule 56.,2/3/2020,Active Transportation Program.,Transportation: Infrastructure (non-EV),"bill would require that 75% 60% of available funds be awarded to projects selected by MPOs in urban areas with populations greater than 200,000, with the available funds distributed to each MPO based on its relative share of the population, 15% to fund projects in small urban and rural regions, and 10% 25% to projects of a transformative nature competitively awarded by the commission on a statewide basis. provisions for differently sized areas",Section 2382 of the Streets and Highways Code is amended ,"(c) The guidelines shall include a process to ensure that no less than 25 percent of overall program funds benefit disadvantaged communities during each program cycle. The guidelines shall establish a program definition for disadvantaged communities that may include, but shall not be limited to, the description in Section 39711 of the Health and Safety Code and the definition of low-income schools in paragraph (7) of subdivision (b) of former Section 2333.5, as that section read on January 1, 2013. A project eligible under this subdivision shall clearly demonstrate a benefit to a disadvantaged community or be directly located in a disadvantaged community.",HSC,Program eligibility,Section 2382 of the Streets and Highways Code is amended,"(g) In developing the guidelines with regard to project selection, the commission shall include, but need not be limited to, the following criteria: (7) Benefit to disadvantaged communities. In developing guidelines relative to this paragraph, the commission shall consider, but shall not be limited to, the definition of disadvantaged communities as applied pursuant to subdivision (c).",HSC by proxy,"Defining a community, Program eligibility",Section 2380 of the Streets and Highways Code is amended,"There is hereby established the Active Transportation Program in the department for the purpose of encouraging increased use of active modes of transportation, such as biking and walking. It is the intent of the Legislature that the program achieve all of the following goals:
(e) Ensure that disadvantaged communities fully share in the benefits of the program.",HSC by proxy,Program goals,,,,,,,,,,,,,,,,,,,,,,"match to SB 152, states DACs as a goal and doesn't have as many provisions around changing the DAC definition"
SB 1429,Monning,2/21/2020,"Amended out of the bill, Held in Committee",From committee without further action.,11/30/2020,"Production or cultivation of cannabis, cannabis products, or industrial hemp: environmental violations.",Agriculture,"This bill would instead make these provisions applicable to activities conducted in connection with the production or cultivation of cannabis, cannabis products, or industrial hemp. The bill would require this 40% increment to be deposited in the Fish Game Preservation Fund and used for specified activities if the violation occurred on land that the person owns, leases, or otherwise uses or occupies with the consent of the landowner.",SECTION 1.Section 1320 of the Fish and Game Code is amended to read:,"(2)Each public member shall have demonstrated interest and expertise in land acquisition for conservation purposes, including, but not limited to, any of the following:
(A)Experience with activities that benefit disadvantaged communities identified pursuant to Section 39711 of the Health and Safety Code.",HSC,Advisory role,,,,,,,,,,,,,,,,,,,,,,,,,,,,,,"eveything CES amended out. cannabis subject to agriculture, fish and game provisions"
AB 1001,Ting,2/21/2019,Inactive File,From Senate committee without further action.,11/30/2020,School bonds: School Disaster Resiliency Act.,Energy,"This bill would establish the School Disaster Resiliency Act, which would require the Energy Commission to administer a program to provide loans to school districts, county offices of education, and charter schools for school resiliency projects, as provided. The bill would require the Energy Commission to allocate resiliency loan funding for projects in a specified order of priority. The bill would require the Energy Commission to develop application procedures for purposes of the program, as specified, and to provide local educational agencies with preapplication funding for technical assistance. The bill would require the authority, in consultation with the commission, to adopt regulations establishing uniform terms and conditions that are required to apply equally to all projects for resiliency loan funding under these provisions. The bill would authorize the authority to adopt, amend, or repeal rules and regulations pursuant to these provisions as emergency regulations in accordance with the rulemaking provisions of the Administrative Procedure Act.
The bill would establish the School Disaster Resiliency Fund, as a continuously appropriated fund, under the administration of the Energy Commission, thereby making an appropriation. The bill would authorize the authority to issue up to $1,000,000,000 in revenue bonds and require the bond revenues be deposited in the fund to be used for purposes of the loan program described above. The bill would also require that loan repayments, fees, and penalties be deposited in the fund.",Section 17201 is added to Part 10 of Division 1 of Title 1 of the Education Code,"(h) “Priority development community” means any of the following:
(1) A disadvantaged community identified pursuant to Section 39711 of the Health and Safety Code.",HSC,Defining a community,Section 17206 is added to Part 10 of Division 1 of Title 1 of the Education Code,"17206. (a) The Energy Commission shall make resiliency loan funding to local educational agencies under this chapter in the following order of priority:
...
(2) Projects for school facilities, including school campuses, administrative offices, and operations facilities, in priority development communities that are also in high fire threat districts or in locations that have experienced at least one public safety power shutoff event, if funding for the site is not available from the equity resiliency budget of the self-generation incentive program established pursuant to Section 379.6 of the Public Utilities Code.
(3) Projects for school facilities in priority development communities that are not in high fire threat districts but are in locations that have experienced at least one public safety power shutoff event.
(4) Projects for school facilities in high fire threat districts, or in locations that have experienced at least one public safety power shutoff event, but that are not in a priority development community.",HSC by proxy,Funding prioritization,,,,,,,,,,,,,,,,,,,,,,,,,,"energy resiliency fund for schools, priority for schools in DACs"
AB 3239,Ting,2/21/2020,Held in Committee,From committee without further action.,11/30/2020,State Energy Resources Conservation and Development Commission.,Energy,"This bill would rename the commission as the Energy Commission, and would make related changes. The bill would prohibit existing supplies, forms, insignias, signs, logos, uniforms, or emblems from being destroyed or changed as a result of changing the name of the commission, and would require their continued use until exhausted or unserviceable.",Section 26205.5 of the Public Resources Code is amended,"26205.5. (a) Of the moneys provided to the Job Creation Fund for purposes of paragraph (1) of subdivision (a) of Section 26205, the available remaining funds, which are the funds allocated to a local educational agency that has not submitted an energy expenditure plan, as determined by the Energy Commission as of March 1, 2018, shall be appropriated as follows:
(1) The first seventy-five million dollars ($75,000,000) shall be provided to school districts, county offices of education, and joint power authorities currently operating home-to-school transportation programs on behalf of local educational agencies for grants or loans for schoolbus retrofit or replacement through a program administered by the Energy Commission, in consultation with the State Air Resources Board.
(A) Priority shall be given to school districts, county offices of education, and joint power authorities currently operating home-to-school transportation programs on behalf of local educational agencies operating the oldest schoolbuses or schoolbuses operating in disadvantaged communities, as identified pursuant to Section 39711 of the Health and Safety Code, as determined by the State Air Resources Board, and to school districts, county offices of education, or joint power authorities currently operating home-to-school transportation programs on behalf of local educational agencies with a majority of pupils eligible for free or reduced-price meals in the prior year.",HSC,Program prioritization,,,,,,,,,,,,,,,,,,,,,,,,,,,,,,"renaming the energy commission, meant renaming all the codes with the former name. no substantive change"
AB 65,Petrie-Norris,12/3/2018,Enacted,,9/27/2019,Coastal protection: climate adaption: project prioritization: natural infrastructure: local general plans.,"Planning, Sea level rise","This bill would require specified things of the conservancy when it allocates any funding appropriated pursuant to the act, including that it prioritize projects that use natural infrastructure, as defined, in coastal communities to help adapt to climate change. The bill would require the conservancy to provide information to the Office of Planning and Research on any projects funded pursuant to the above provision to be considered for inclusion into the clearinghouse for climate adaption information. The bill would authorize the conservancy to provide technical assistance to coastal communities to better assist them with their projects that use natural infrastructure.",Section 65302 of the Government Code is amended,"(4) For purposes of this subdivision, the following terms shall apply:
(A) “Disadvantaged communities” means an area identified by the California Environmental Protection Agency pursuant to Section 39711 of the Health and Safety Code or an area that is a low-income area that is disproportionately affected by environmental pollution and other hazards that can lead to negative health effects, exposure, or environmental degradation.",HSC,Defining a community,Section 65302 of the Government Code is amended,"(h) (1) An environmental justice element, or related goals, policies, and objectives integrated in other elements, that identifies disadvantaged communities within the area covered by the general plan of the city, county, or city and county, if the city, county, or city and county has a disadvantaged community. The environmental justice element, or related environmental justice goals, policies, and objectives integrated in other elements, shall do all of the following:
(A) Identify objectives and policies to reduce the unique or compounded health risks in disadvantaged communities by means that include, but are not limited to, the reduction of pollution exposure, including the improvement of air quality, and the promotion of public facilities, food access, safe and sanitary homes, and physical activity.
(B) Identify objectives and policies to promote civic engagement in the public decisionmaking process.
(C) Identify objectives and policies that prioritize improvements and programs that address the needs of disadvantaged communities.",HSC by proxy,"Program goals, Mitigation",Section 71154 of the Public Resources Code is amended,"To address the vulnerabilities identified in the plan, state agencies shall work to maximize, where applicable and feasible, all of the following objectives:...
(h) Promoting actions to ensure healthy soils and sustainable agriculture; inform reliable transportation planning; improve emergency management response across sectors; ensure sufficient, reliable, and safe energy; improve capacity to reduce and respond to public health threats; address the impacts of climate change on disadvantaged communities; and protect cultural resources from the impacts of climate change.",HSC by proxy,Program goals,,,,,,,,,,,,,,,,,,,,,,"bill providing support for nature infrastructure to include coastal communities. no changes to DACs, just part of the general plan code"
SB 99,Nielsen,1/10/2019,Enacted,,8/30/2019,General plans: safety element: emergency evacuation routes,Planning,"This bill would require the city or county, upon the next revision of the housing element on or after January 1, 2020, to review and update the safety element to include information identifying residential developments in hazard areas that do not have at least 2 emergency evacuation routes. By increasing the duties of local officials, this bill would impose a state-mandated local program.",Section 65302 of the Government Code is amended,"(4) For purposes of this subdivision, the following terms shall apply:
(A) “Disadvantaged communities” means an area identified by the California Environmental Protection Agency pursuant to Section 39711 of the Health and Safety Code or an area that is a low-income area that is disproportionately affected by environmental pollution and other hazards that can lead to negative health effects, exposure, or environmental degradation.",HSC,Defining a community,Section 65302 of the Government Code is amended,"(h) (1) An environmental justice element, or related goals, policies, and objectives integrated in other elements, that identifies disadvantaged communities within the area covered by the general plan of the city, county, or city and county, if the city, county, or city and county has a disadvantaged community. The environmental justice element, or related environmental justice goals, policies, and objectives integrated in other elements, shall do all of the following:
(A) Identify objectives and policies to reduce the unique or compounded health risks in disadvantaged communities by means that include, but are not limited to, the reduction of pollution exposure, including the improvement of air quality, and the promotion of public facilities, food access, safe and sanitary homes, and physical activity.
(B) Identify objectives and policies to promote civic engagement in the public decisionmaking process.
(C) Identify objectives and policies that prioritize improvements and programs that address the needs of disadvantaged communities.",HSC by proxy,"Program goals, Mitigation",,,,,,,,,,,,,,,,,,,,,,,,,,
AB 2262,Berman,2/14/2020,Held in Committee,From committee without further action.,11/30/2020,Greenhouse gases: zero-emission vehicle charging or fueling infrastructure: statewide assessment and zero-emission readiness plans.,Transportation: ZEV,"This bill, on and after January 1, 2021, would require the assessment to consider the different electric vehicle charging infrastructure needs of metropolitan planning areas. The bill would require each metropolitan transportation organization to submit to the commission a zero-emission readiness plan, as specified. By imposing additional duties on metropolitan transportation organizations, this bill would impose a state-mandated local program.",Section 25229 of the Public Resources Code is amended ,"(f) Each metropolitan transportation organization shall submit to the commission a zero-emission readiness plan for purposes of completing the assessment pursuant to this section. The zero-emission readiness plan shall include all of the following:..
(5) An assessment of zero-emission vehicle charging and fueling needs of low-income communities, as defined in Section 39713 of the Health and Safety Code, or disadvantaged communities identified pursuant to Section 39711 of the Health and Safety Code.",HSC,Requires CES to be used in analysis,,,,,,,,,,,,,,,,,,,,,,,,,,,,,,inclusion of assessment of ZEV needs in DACs
SB 295,McGuire and Aguiar-Curry and Friedman,2/14/2019,"Amended out of the bill, Held in Committee",From Assembly without further action.,11/30/2020,Personal income taxes: Fire Safe Home Tax Credits.,Finance,"This bill would allow credits against the tax imposed by the Personal Income Tax Law for each taxable year beginning on or after January 1, 2020, and before January 1, 2025, to a qualified taxpayer for qualified costs relating to qualified home hardening, as defined, and for qualified costs relating to qualified vegetation management, as defined, in specified amounts. The bill also would include additional information required for any bill authorizing a new income tax credit and would require the Legislative Analyst’s Office to prepare a written report regarding the credits, as provided.",Section 65302 of the Government Code is amended,"(4)For purposes of this subdivision, the following terms shall apply:
(A)“Disadvantaged communities” means an area identified by the California Environmental Protection Agency pursuant to Section 39711 of the Health and Safety Code or an area that is a low-income area that is disproportionately affected by environmental pollution and other hazards that can lead to negative health effects, exposure, or environmental degradation.",HSC,Defining a community,Section 65302 of the Government Code is amended,"(h) (1) An environmental justice element, or related goals, policies, and objectives integrated in other elements, that identifies disadvantaged communities within the area covered by the general plan of the city, county, or city and county, if the city, county, or city and county has a disadvantaged community. The environmental justice element, or related environmental justice goals, policies, and objectives integrated in other elements, shall do all of the following:
(A) Identify objectives and policies to reduce the unique or compounded health risks in disadvantaged communities by means that include, but are not limited to, the reduction of pollution exposure, including the improvement of air quality, and the promotion of public facilities, food access, safe and sanitary homes, and physical activity.
(B) Identify objectives and policies to promote civic engagement in the public decisionmaking process.
(C) Identify objectives and policies that prioritize improvements and programs that address the needs of disadvantaged communities.",HSC by proxy,"Program goals, Mitigation",,,,,,,,,,,,,,,,,,,,,,,,,,DACs and general code language amended out. became a personal income tax credit for doing things that prevent fire around home
AB 2894,McCarty,2/21/2020,Held in Committee,From committee without further action.,11/30/2020,General plans: early childhood education facilities.,Planning,"This bill would require, upon the next revision of the land use element on or after January 1, 2022, the land use to be revised and updated to address the need for early childhood facilities. The bill would require the update and revision to include, among other things, information regarding the location and capacity of existing early childhood education facilities and the barriers to locating and increasing the capacity of existing and any needed future early childhood education facilities. The bill would require the element include a set of goals, policies, and objectives based on that information and a set of feasible implementation measures designed to carry out those goals, policies, and objectives. By adding to the duties of county and city officials, this bill would impose a state-mandated local program.
This bill would require the Office of Planning and Research to, by January 1, 2022, prepare and make available advisory guidelines regarding planning for early childhood education facilities. The bill would require the guidelines to include, among other things, existing examples of best practices for the location and capacity of early childhood education facilities and identification of existing sources of data and other information about assessing the need for early childhood education facilities.",Section 65302 of the Government Code is amended,"(4)For purposes of this subdivision, the following terms shall apply:
(A)“Disadvantaged communities” means an area identified by the California Environmental Protection Agency pursuant to Section 39711 of the Health and Safety Code or an area that is a low-income area that is disproportionately affected by environmental pollution and other hazards that can lead to negative health effects, exposure, or environmental degradation.",HSC,Defining a community,Section 65302 of the Government Code is amended,"(h) (1) An environmental justice element, or related goals, policies, and objectives integrated in other elements, that identifies disadvantaged communities within the area covered by the general plan of the city, county, or city and county, if the city, county, or city and county has a disadvantaged community. The environmental justice element, or related environmental justice goals, policies, and objectives integrated in other elements, shall do all of the following:
(A) Identify objectives and policies to reduce the unique or compounded health risks in disadvantaged communities by means that include, but are not limited to, the reduction of pollution exposure, including the improvement of air quality, and the promotion of public facilities, food access, safe and sanitary homes, and physical activity.
(B) Identify objectives and policies to promote civic engagement in the public decisionmaking process.
(C) Identify objectives and policies that prioritize improvements and programs that address the needs of disadvantaged communities.",HSC by proxy,"Program goals, Mitigation",,,,,,,,,,,,,,,,,,,,,,,,,,"school zone planning in general plans, typical general plan code"
SB 1183,Hertzberg,2/20/2020,Held in Committee,From committee without further action.,11/30/2020,Electric vehicle charging master plan.,Transportation: ZEV,"This bill would require the Energy Commission, as a part of each update to the assessment, to conduct an assessment of certain factors and how those factors will affect the market for and technological development of electric vehicles and infrastructure. The bill would require the Energy Commission to convene the EV Infrastructure Council, which the bill would establish, to develop develop, by January 1, 2022, an Electric Vehicle Charging Master Plan, as specified. The bill would require the Energy Commission to update the plan at least once every 2 years. The bill would establish a goal of the state to deploy no less than 250,000 publicly available electric vehicle charging station plugs by 2025 and would require the commission to develop an electric vehicle charging station deployment goal to support 5 million zero-emission vehicles by 2030.

This bill would require the Alternative and Renewable Fuel and Vehicle Technology Program and those programs and investments required by the PUC to accelerate widespread transportation electrification to be consistent with the Electric Vehicle Charging Master Plan that would be developed by the council.",Section 25328 is added to Division 15 of the Public Resources Code,(b) “Disadvantaged community” means a community that is identified as a disadvantaged community pursuant to Section 39711 of the Health and Safety Code.,HSC,Defining a community,Section 25328.3 is added to Division 15 of the Public Resources Code,"(c) The plan shall also include strategies to deploy electric vehicle charging infrastructure that do all of the following:...
(4) Prioritize the needs of low-income and disadvantaged communities so that people in those communities can access the benefits of zero-emission vehicles and infrastructure.",HSC by proxy,Program prioritization,Section 740.12 of the Public Utilities Code is amended,"(C) Widespread transportation electrification requires increased access for disadvantaged communities, low- and moderate-income communities, and other consumers of zero-emission and near-zero-emission vehicles, and increased use of those vehicles in those communities and by other consumers to enhance air quality, lower greenhouse gases emissions, and promote overall benefits to those communities and other consumers.",HSC by proxy,Program goals,,,,,,,,,,,,,,,,,,,,,,ZEV master plan and requires prioritization and consideration of DACs
SB 702,Hill,2/22/2019,Enacted,,9/29/2020,California Renewables Portfolio Standard Program: procurement.,Energy,"This bill would authorize a retail seller to rely on contracts of 10 years or more in duration or ownership agreements entered into before January 1, 2019, directly by its direct access nonprofit educational institution end-use customer for eligible renewable energy resources located in front of the customer meter to satisfy the portion of the 65% requirement attributable to the retail sales of that end-use customer.",Section 454.52 of the Public Utilities Code is amended to read:,"454.52. (a) (1) Beginning in 2017, and to be updated regularly thereafter, the commission shall adopt a process for each load-serving entity to file an integrated resource plan, and a schedule for periodic updates to the plan, and shall ensure that load-serving entities do all of the following:...
(I) Minimize localized air pollutants and other greenhouse gas emissions, with early priority on disadvantaged communities identified pursuant to Section 39711 of the Health and Safety Code.",HSC,Program goals,,,,,,,,,,,,,,,,,,,,,,,,,,,,,,
AB 310,Santiago,1/29/2019,Inactive File,From Senate committee without further action.,11/30/2020,California Infrastructure and Economic Development Bank.,Finance,"This bill would, among other things, establish the Infrastructure and Economic Development Bank Commission and place the I-Bank under the supervision of the commission. The bill would require that the commission be comprised of the Governor, the Treasurer, the Controller, or their designees. The bill would require the commission to appoint members of the bank board, as specified. The bill would eliminate the I-Bank Fund spending limit with respect to educational facilities, environmental mitigation measures, and parks and recreational facilities.",Article 8.5 (commencing with Section 63089.85) is added to Chapter 6 of Division 1 of Title 6.7 of the Government Code,"(3) As used in this subdivision, “target borrower” means a borrower that meets at least two of the following criteria:...
(B) The borrower is located in a disadvantaged community, identified pursuant to Section 39711 of the Health and Safety Code, a rural area, or a tribal area.
(C) The borrower is a business of which at least 51 percent is owned by persons who:
(i) Lack a social security number.
(ii) Live in disadvantaged communities identified pursuant to Section 39711 of the Health and Safety Code.
(iii) Are low-income, women, indigenous, minority, immigrants, or formerly incarcerated.",HSC,"Program eligibility, Defining a community",Chapter 7 (commencing with Section 63090) is added to Division 1 of Title 6.7 of the Government Code,"(d) On or before March 1, 2021, the bank shall create a bridge loan program for local agencies serving disadvantaged communities identified pursuant to Section 39711 of the Health and Safety Code.",HSC,Program eligibility,,,,,,,,,,,,,,,,,,,,,,,,,,economic lending and financing bill with provisions to support DACs
AB 847,Grayson,2/20/2019,"Amended out of the bill, Filed",From committee: Filed with the Chief Clerk pursuant to Joint Rule 56.,2/3/2020,Housing: transportation-related impact fees grant program.,"Community development grants, Housing","This bill would require the department, upon appropriation by the Legislature, to establish a competitive grant program to award grants to cities and counties to offset up to 100% of any transportation-related impact fees exacted upon a qualifying housing development project, as defined, by the local jurisdiction.",.Section 2033 of the Streets and Highways Code is amended,"(c)The guidelines shall include a process to ensure that no less than 25 percent of overall program funds benefit disadvantaged communities during each program cycle. The guidelines shall establish a program definition for disadvantaged communities that may include, but need not be limited to, the definition in Section 39711 of the Health and Safety Code and the definition of low-income schools in paragraph (7) of subdivision (b) of former Section 2333.5, as that section read on January 1, 2013. A project eligible under this subdivision shall clearly demonstrate a benefit to a disadvantaged community or be directly located in a disadvantaged community.
",HSC,Funding prioritization,.Section 2033 of the Streets and Highways Code is amended,"(g)In developing the guidelines with regard to project selection, the commission shall include, but need not be limited to, the following criteria:...
(7)Benefit to disadvantaged communities. In developing guidelines relative to this paragraph, the commission shall consider, but need not be limited to, the definition of disadvantaged communities as applied pursuant to subdivision (c).",HSC,Program eligibility,,,,,,,,,,,,,,,,,,,,,,,,,,"all DACs amended out, became a different bill"
SB 155,Bradford,1/23/2019,Enacted,,10/2/2019,California Renewables Portfolio Standard Program: integrated resource plans.,Energy,"This bill would require the commission to review each annual compliance report filed by a retail seller, to notify a retail seller if the commission has determined, based upon its review, that the retail seller may be at risk of not satisfying the renewable procurement requirements for the then-current or future compliance period, and to provide recommendations in that circumstance regarding satisfying those requirements.
This bill would expressly require the commission to ensure that load-serving entities do what is required to be done by their integrated resource plans, and ensure that load-serving entities comply with an existing requirement that at least 65% of the procurement that a retail seller counts toward the renewables portfolio standard requirement of each compliance period be from contracts of 10 years or more in duration or from its ownership or ownership agreements from eligible renewable energy resources.",Section 454.52 of the Public Utilities Code is amended to read:,"454.52. (a) (1) Beginning in 2017, and to be updated regularly thereafter, the commission shall adopt a process for each load-serving entity to file an integrated resource plan, and a schedule for periodic updates to the plan, and shall ensure that load-serving entities do all of the following:...
(I) Minimize localized air pollutants and other greenhouse gas emissions, with early priority on disadvantaged communities identified pursuant to Section 39711 of the Health and Safety Code.",HSC,Program goals,,,,,,,,,,,,,,,,,,,,,,,,,,,,,,"this is the enacted version of another bill, no changes"
SB 200,Monning,1/31/2019,Enacted,,7/24/2019,Drinking water,Drinking water,Many provisions to drinking water,Chapter 7 (commencing with Section 8390) is added to Division 4.1 of the Public Utilities Code,"(b) Funds made available pursuant to subdivision (a) shall be used for the purpose of facilitating the achievement of reductions of greenhouse gas emissions in this state in accordance with the requirements of Section 39712 of the Health and Safety Code or to improve climate change adaptation and resiliency of disadvantaged communities, as defined in Section 39711 of the Health and Safety Code, or low-income households or communities, as defined in Section 39713 of the Health and Safety Code, consistent with Division 25.5 (commencing with Section 38500) of the Health and Safety Code. For purposes of the funds made available pursuant to subdivision (a), a state agency may also comply with the requirements of paragraphs (2) and (3) of subdivision (a) of Section 16428.9 of the Government Code by describing how each proposed expenditure will improve climate change adaptation and resiliency of disadvantaged communities or low-income households or communities.",HSC,Funding prioritization,,,,,,,,,,,,,,,,,,,,,,,,,,,,,,
SB 372,Wieckowski,2/20/2019,Died,"
Died on file pursuant to Joint Rule 56.",2/3/2020,Beverage Container Recycling Act of 2020.,Waste: plastic,"would require companies of beverage containers to pay for taking back the waste, among other things",. Section 2382 of the Streets and Highways Code is amended,"(c) The guidelines shall include a process to ensure that no less than 25 percent of overall program funds benefit disadvantaged communities during each program cycle. The guidelines shall establish a program definition for disadvantaged communities that may include, but need not be limited to, the definition in Section 39711 of the Health and Safety Code and the definition of low-income schools in paragraph (7) of subdivision (b) of former Section 2333.5, as that section read on January 1, 2013. A project eligible under this subdivision shall clearly demonstrate a benefit to a disadvantaged community or be directly located in a disadvantaged community.",HSC,Funding prioritization,,,,,,,,,,,,,,,,,,,,,,,,,,,,,,no change to HSC
SB 182,Jackson,1/29/2019,Vetoed,Last day to consider Governor's veto pursuant to Joint Rule 58.5.,11/30/2020,Local government: planning and zoning: wildfires.,"Planning, Climate emergency/natural hazards","many provisions around fire and plans, requires fire in natural hazard plan, places in high fire risk areas to plan further, create wildfire risk reduction planning support grants program for these jurisdictions, etc",Section 65302 of the Government Code is amended,"(4)For purposes of this subdivision, the following terms shall apply:
(A)“Disadvantaged communities” means an area identified by the California Environmental Protection Agency pursuant to Section 39711 of the Health and Safety Code or an area that is a low-income area that is disproportionately affected by environmental pollution and other hazards that can lead to negative health effects, exposure, or environmental degradation.",HSC,Defining a community,Section 65302 of the Government Code is amended,"(h) (1) An environmental justice element, or related goals, policies, and objectives integrated in other elements, that identifies disadvantaged communities within the area covered by the general plan of the city, county, or city and county, if the city, county, or city and county has a disadvantaged community. The environmental justice element, or related environmental justice goals, policies, and objectives integrated in other elements, shall do all of the following:
(A) Identify objectives and policies to reduce the unique or compounded health risks in disadvantaged communities by means that include, but are not limited to, the reduction of pollution exposure, including the improvement of air quality, and the promotion of public facilities, food access, safe and sanitary homes, and physical activity.
(B) Identify objectives and policies to promote civic engagement in the public decisionmaking process.
(C) Identify objectives and policies that prioritize improvements and programs that address the needs of disadvantaged communities.",HSC by proxy,"Program goals, Mitigation",,,,,,,,,,,,,,,,,,,,,,,,,,"just part of general plan code, no changes"
SB 101,Committee on Budget and Fiscal Review,1/10/2019,"Amended out of the bill, Held in Committee",,11/30/2020,Human services omnibus,Governance: of programs,,,,,,,,,,,,,,,,,,,,,,,,,,,,,,,,,,"Amended out, from when the bill started as drinking water bill: SEC. 10.Chapter 7 (commencing with Section 8390) is added to Division 4.1 of the Public Utilities Code, to read:
7.Designated Water System Administration
8390.A privately owned public utility may serve as an administrator for purposes of Section 116686 of the Health and Safety Code.
SEC. 11.(a)Funds appropriated by Item 3940-102-0001 and Item 3940-102-3228 of the Budget Act of 2019 shall be available for purposes outlined in Chapter 4.6 (commencing with Section 116765) of Part 12 of Division 104 of the Health and Safety Code.
(b)Funds made available pursuant to subdivision (a) shall be used for the purpose of facilitating the achievement of reductions of greenhouse gas emissions in this state in accordance with the requirements of Section 39712 of the Health and Safety Code or to improve climate change adaptation and resiliency of disadvantaged communities, as defined in Section 39711 of the Health and Safety Code, or low-income households or communities, as defined in Section 39713 of the Health and Safety Code, consistent with Division 25.5 (commencing with Section 38500) of the Health and Safety Code. For purposes of the funds made available pursuant to subdivision (a), a state agency may also comply with the requirements of paragraphs (2) and (3) of subdivision (a) of Section 16428.9 of the Government Code by describing how each proposed expenditure will improve climate change adaptation and resiliency of disadvantaged communities or low-income households or communities.",
AB 2438,Chau,2/19/2020,Held in Committee,From committee without further action,11/30/2020,California Public Records Act: conforming revisions,Governance: of programs,revises MANY codes,Section 62001 of the Government Code is amended,"(e) As an alternative to subdivision (d), an authority may also carry out a community revitalization plan within a community revitalization and investment area if it meets either of the following conditions:
(2) The census tracts or census block groups, as defined by the United States Census Bureau, within the area are situated within a disadvantaged community as described in Section 39711 of the Health and Safety Code.",HSC,Program eligibility,,,,,,,,,,,,,,,,,,,,,,,,,,,,,,no change to DACs
SB 1371,Committee on Judiciary,2/21/2020,Enacted,,9/30/2020,Maintenance of the Codes,Governance: of state government,This bill would make nonsubstantive changes in various provisions of law to effectuate the recommendations made by the Legislative Counsel to the Legislature.,Section 65302 of the Government Code is amended,"(4) For purposes of this subdivision, the following terms shall apply:
(A) “Disadvantaged communities” means an area identified by the California Environmental Protection Agency pursuant to Section 39711 of the Health and Safety Code or an area that is a low-income area that is disproportionately affected by environmental pollution and other hazards that can lead to negative health effects, exposure, or environmental degradation.",HSC,Defining a community,Section 65302 of the Government Code is amended,"(h) (1) An environmental justice element, or related goals, policies, and objectives integrated in other elements, that identifies disadvantaged communities within the area covered by the general plan of the city, county, or city and county, if the city, county, or city and county has a disadvantaged community. The environmental justice element, or related environmental justice goals, policies, and objectives integrated in other elements, shall do all of the following:
(A) Identify objectives and policies to reduce the unique or compounded health risks in disadvantaged communities by means that include, but are not limited to, the reduction of pollution exposure, including the improvement of air quality, and the promotion of public facilities, food access, safe and sanitary homes, and physical activity.
(B) Identify objectives and policies to promote civic engagement in the public decisionmaking process.
(C) Identify objectives and policies that prioritize improvements and programs that address the needs of disadvantaged communities.",HSC by proxy,Program goals,Section 116765 of the Health and Safety Code is amended,"(k) Climate change is exacerbating the water impacts on disadvantaged and environmentally burdened communities by reducing surface water flows, accelerating declining groundwater basins, and contributing to increasing concentrations of environmental contamination.
(l) Enhancing the long-term sustainability of drinking water systems in disadvantaged and environmentally burdened communities increases those communities’ resilience to climate change.
(m) Funding for safe and affordable drinking water under this chapter promotes investments in disadvantaged communities, provides important contributions to those communities in adapting to climate change, and is an appropriate expenditure from the Greenhouse Gas Reduction Fund created pursuant to Section 16428.8 of the Government Code.",HSC by proxy,Program goals,Section 75241 of the Public Resources Code is amended,"(2) In awarding grants, the Strategic Growth Council may give priority to plans and projects that cover areas that have a high proportion of census tracts identified as disadvantaged communities and that focus on communities that are most disadvantaged.
(3) The Strategic Growth Council may award a grant over multiple years.
(4) The Strategic Growth Council shall consider applicants for projects undertaken in disadvantaged communities located in unincorporated areas of a county.
(c) To be eligible for funding under the program, a plan, and a project that implements a plan, shall demonstrate that it will achieve a reduction in emissions of greenhouse gases.
(d) The California Environmental Protection Agency shall provide assistance in performing outreach to disadvantaged communities and assessing the environmental justice benefits of project awards.",HSC by proxy,"Program eligibility, Funding prioritization",,,,,,,,,,,,,,,,,,revisits many existing codes
